-- phpMyAdmin SQL Dump
-- version 4.0.10deb1
-- http://www.phpmyadmin.net
--
-- Host: localhost
-- Generation Time: Jul 08, 2020 at 11:35 PM
-- Server version: 5.5.50-0ubuntu0.14.04.1
-- PHP Version: 5.6.30-1+deb.sury.org~trusty+1

SET SQL_MODE = "NO_AUTO_VALUE_ON_ZERO";
SET time_zone = "+00:00";


/*!40101 SET @OLD_CHARACTER_SET_CLIENT=@@CHARACTER_SET_CLIENT */;
/*!40101 SET @OLD_CHARACTER_SET_RESULTS=@@CHARACTER_SET_RESULTS */;
/*!40101 SET @OLD_COLLATION_CONNECTION=@@COLLATION_CONNECTION */;
/*!40101 SET NAMES utf8 */;

--
-- Database: `db_if`
--

-- --------------------------------------------------------

--
-- Table structure for table `admin`
--

CREATE TABLE IF NOT EXISTS `admin` (
  `user_id` varchar(10) NOT NULL,
  `nama_user` varchar(60) DEFAULT NULL,
  `prodi` varchar(30) DEFAULT NULL,
  `jabatan` varchar(20) DEFAULT NULL,
  `password` text
) ENGINE=InnoDB DEFAULT CHARSET=utf8mb4;

--
-- Dumping data for table `admin`
--

INSERT INTO `admin` (`user_id`, `nama_user`, `prodi`, `jabatan`, `password`) VALUES
('1815051052', 'Putu Erik Hendrawan', 'Pendidikan Teknik Informatika', 'Koor Bidang 2 HMJ TI', '$2y$10$HMkMwPHhXWbPaOFDehmep.nbRlQOEvOFoeKXxc4G43zm5Uq07dwPO'),
('1815051083', 'Gede Budi Setiawan', 'Pendidikan Teknik Informatika', 'Koor Bidang 1 HMJ TI', '$2y$10$7DJRVxOVJAMhSuzltYpkP.4zMZYJB2Di5/d1.8hXCx7bmec5.MGne'),
('1815091002', 'Irfan Walhidayah', 'Sistem Informasi', 'Ketua HMJ TI', '$2y$10$qWAw9ryk7nKUMWHnp3r1XOKJjzabLri3PtrKbEM.dDVIqxsZ0Rzue'),
('1815091037', 'I Gede Riyan Ardi Darmawan', 'Sistem Informasi', 'Koor Bidang 5 HMJ TI', '$2y$10$5Kpe0SXpUXmMlkKseVz.qeFvxoJ6xm.BLQT7VEXuBzfvp6VvMElYy'),
('1815091048', 'Rifki Nur Fauzi', 'Sistem Informasi', 'Koor Bidang 3 HMJ TI', '$2y$10$6hi9/kH42GHDlpXUG4BADOe5Gmb/fCSkuuLObH64qSbcDpFt/o7qS'),
('1815091063', 'Willy Yogantara Sidhi', 'Sistem Informasi', 'Koor Bidang 4 HMJ TI', '$2y$10$fxMQHQaTQN.uQ9Y92xGl/.GvL72vKMWiBBCpC7bS6uQJjd6Z7ud96'),
('1915051024', 'Putu Zasya Eka Satya Nugraha', 'Pendidikan Teknik Informatika', 'Wakil Ketua HMJ TI', '$2y$10$OPSWWIqAQ7hpudWtvYoBo.0EfKFlrPLjHQllztIva4Jb7gzTnX.Xa'),
('AdminDeyan', 'AdminDeyan', 'AdminDeyan', 'AdminDeyan', '$2y$10$5Kpe0SXpUXmMlkKseVz.qeFvxoJ6xm.BLQT7VEXuBzfvp6VvMElYy');

-- --------------------------------------------------------

--
-- Table structure for table `eors_admin`
--

CREATE TABLE IF NOT EXISTS `eors_admin` (
  `user_id` varchar(60) NOT NULL,
  `nama_user` varchar(60) DEFAULT NULL,
  `prodi` varchar(30) DEFAULT NULL,
  `jabatan` varchar(20) DEFAULT NULL,
  `password` text,
  PRIMARY KEY (`user_id`)
) ENGINE=InnoDB DEFAULT CHARSET=utf8mb4;

--
-- Dumping data for table `eors_admin`
--

INSERT INTO `eors_admin` (`user_id`, `nama_user`, `prodi`, `jabatan`, `password`) VALUES
('1815051052', 'Putu Erik Hendrawan', 'Pendidikan Teknik Informatika', 'Koor Bidang 2 HMJ TI', '$2y$10$HMkMwPHhXWbPaOFDehmep.nbRlQOEvOFoeKXxc4G43zm5Uq07dwPO'),
('1815051083', 'Gede Budi Setiawan', 'Pendidikan Teknik Informatika', 'Koor Bidang 1 HMJ TI', '$2y$10$7DJRVxOVJAMhSuzltYpkP.4zMZYJB2Di5/d1.8hXCx7bmec5.MGne'),
('1815091002', 'Irfan Walhidayah', 'Sistem Informasi', 'Ketua HMJ TI', '$2y$10$qWAw9ryk7nKUMWHnp3r1XOKJjzabLri3PtrKbEM.dDVIqxsZ0Rzue'),
('1815091037', 'I Gede Riyan Ardi Darmawan', 'Sistem Informasi', 'Koor Bidang 5 HMJ TI', '$2y$10$5Kpe0SXpUXmMlkKseVz.qeFvxoJ6xm.BLQT7VEXuBzfvp6VvMElYy'),
('1815091048', 'Rifki Nur Fauzi', 'Sistem Informasi', 'Koor Bidang 3 HMJ TI', '$2y$10$6hi9/kH42GHDlpXUG4BADOe5Gmb/fCSkuuLObH64qSbcDpFt/o7qS'),
('1815091063', 'Willy Yogantara Sidhi', 'Sistem Informasi', 'Koor Bidang 4 HMJ TI', '$2y$10$fxMQHQaTQN.uQ9Y92xGl/.GvL72vKMWiBBCpC7bS6uQJjd6Z7ud96'),
('1915051024', 'Putu Zasya Eka Satya Nugraha', 'Pendidikan Teknik Informatika', 'Wakil Ketua HMJ TI', '$2y$10$OPSWWIqAQ7hpudWtvYoBo.0EfKFlrPLjHQllztIva4Jb7gzTnX.Xa'),
('AdminDeyan', 'AdminDeyan', 'AdminDeyan', 'AdminDeyan', '$2y$10$5Kpe0SXpUXmMlkKseVz.qeFvxoJ6xm.BLQT7VEXuBzfvp6VvMElYy'),
('Demisioner@Bidang1', 'Demisioner Bidang 1 HMJ TI', 'Tidak Ada', 'Demisioner', '$2y$10$iJ.iLIrFL9zbMen3gBz0nO8B/RSIJ4lO0yUU2cev/dBBNDYtCyc.W'),
('Demisioner@Bidang2', 'Demisioner Bidang 2 HMJ TI', 'Tidak Ada', 'Demisioner', '$2y$10$/x2CAJCaa0oVQnOLGGXsau6iTKtOviskNl4kHoLPMRhb6b47xnleS'),
('Demisioner@Bidang3', 'Demisioner Bidang 3 HMJ TI', 'Tidak Ada', 'Demisioner', '$2y$10$BTvvSAVG2PnYSOOrJe7.AueGpQ1js0/PGn3J.j7bcHJfjDeE3EBNG'),
('Demisioner@Bidang4', 'Demisioner Bidang 4 HMJ TI', 'Tidak Ada', 'Demisioner', '$2y$10$ilJybmd6LLiRQJAnKLiYKehkXae8vnb7GDpCIsZjQFZmeOPoJt9gO'),
('Demisioner@Bidang5', 'Demisioner Bidang 5 HMJ TI', 'Tidak Ada', 'Demisioner', '$2y$10$2Ad5ohNdzw3HooeWKkNEweBzVHcJ2q0LPZQGyeSXu9tVJ5cC3Pez2'),
('Demisioner@KetuaHMJ', 'Demisioner Ketua HMJ TI', 'Tidak Ada', 'Demisioner', '$2y$10$8BYQlWMxJ5.25lTz0I6y8uU5dAZ2c1Iaj3I2k/fHntKuo/N.wF.mO'),
('Demisioner@Komunitas', 'Demisioner Komunitas Programming', 'Tidak Ada', 'Demisioner', '$2y$10$Y4ke05KeYlVC4AZJD3m5ze/OQCRW6fjca2IhSkoT6oC51R/wBjudi');

-- --------------------------------------------------------

--
-- Table structure for table `eors_user_pend`
--

CREATE TABLE IF NOT EXISTS `eors_user_pend` (
  `nim` varchar(12) NOT NULL,
  `nama_leng` varchar(60) DEFAULT NULL,
  `nama_pang` varchar(40) DEFAULT NULL,
  `semester` varchar(4) DEFAULT NULL,
  `prodi` varchar(30) DEFAULT NULL,
  `jk` varchar(10) DEFAULT NULL,
  `agama` varchar(30) DEFAULT NULL,
  `alamat_as` text,
  `alamat_sk` text,
  `email` varchar(60) DEFAULT NULL,
  `wa` varchar(15) DEFAULT NULL,
  `ipk` varchar(5) DEFAULT NULL,
  `peng_org` text,
  `pil_wajib` varchar(60) DEFAULT NULL,
  `pil_ops` varchar(60) DEFAULT NULL,
  `hobi` text,
  `motto` text,
  `penyakit` text,
  `nama_sd` varchar(60) DEFAULT NULL,
  `thn_sd` int(5) DEFAULT NULL,
  `nama_smp` varchar(60) DEFAULT NULL,
  `thn_smp` int(5) DEFAULT NULL,
  `nama_sma` varchar(60) DEFAULT NULL,
  `thn_sma` int(5) DEFAULT NULL,
  `lainnya` text,
  `keterangan` varchar(20) DEFAULT NULL,
  `up_foto` varchar(50) DEFAULT NULL,
  `up_doc` varchar(50) DEFAULT NULL,
  `keputusan_diterima` varchar(100) NOT NULL,
  PRIMARY KEY (`nim`)
) ENGINE=InnoDB DEFAULT CHARSET=utf8mb4;

--
-- Dumping data for table `eors_user_pend`
--

INSERT INTO `eors_user_pend` (`nim`, `nama_leng`, `nama_pang`, `semester`, `prodi`, `jk`, `agama`, `alamat_as`, `alamat_sk`, `email`, `wa`, `ipk`, `peng_org`, `pil_wajib`, `pil_ops`, `hobi`, `motto`, `penyakit`, `nama_sd`, `thn_sd`, `nama_smp`, `thn_smp`, `nama_sma`, `thn_sma`, `lainnya`, `keterangan`, `up_foto`, `up_doc`, `keputusan_diterima`) VALUES
('1805021005', 'Wayan Agus Wisnawa ', 'Wisnawa ', '4', 'Manajemen Informatika', 'Laki-Laki', 'Hindu', 'Jln. Gempol Gg Jalak Putih No 14 ', 'Jln. Gempol Gg Jalak Putih No 14 ', 'wisnawaluciver0303@gmail.com', '081338206885', '3.53', 'Pernah menjadi ketua Devisi pelayanan publik BEM FTK REMA Undiksha ', 'Bidang 1', 'Bidang 2', 'Baca mangga', 'Sukses di setiap pekerjaan ', '-', 'SD 7 Banyuning ', 2012, 'SMP N 6 Singaraja', 2015, 'SMK N 3 Singaraja ', 2018, '-', 'Sudah Wawancara', '5eb3f9d17d91d.jpg', '5eb3f9d17d962.pdf', 'Bidang 1'),
('1805021018', 'Ratih Magfirah', 'Ratih', '4', 'Manajemen Informatika', 'Perempuan', 'Islam', 'Jalan Patimura Gang Dayung', 'Jalan Patimura Gang Dayung', 'magfirahratih@gmail.com', '0895368783066', '3.79', 'PAT FTK 2018/2019', 'Bidang 4', 'Bidang 2', 'Membaca Komik', 'Let''s take it easy', '', 'MIN SINGARAJA', 2012, 'SMP N 3 SINNGARAJA', 2015, 'SMK N 3 SJNGARAJA', 2018, 'Himpunan Mahasiswa Jurusan Teknik Informatika', 'Sudah Wawancara', '5eb3e2fd2e134.jpg', '5eb3e2fd2e173.pdf', 'Bidang 3'),
('1805021021', 'Putu Swastini', 'Swas/Swastini', '4', 'Manajemen Informatika', 'Perempuan', 'Hindu', 'Ds.Pejarakan, Kec.Gerokgak, Kab.Buleleng, Prov.Bali', 'Kelurahan Bakti Sraga, Kec.Buleleng, Kab.Buleleng, Prov.Bali', 'putuswastini99@gmail.com', '085792989717', '3.88', 'pernah ikut HMJ TI Bid 1. pernah ikut kepanitiaan dalam serangkaian acara HMJ TI', 'Bidang 1', '', 'Baca komik, dengerin musik, nonton film', 'dont waste your time, dont waste your opportunity', 'tidak ada', 'SD N 2 PEJARAKAN', 2012, 'SMP N 2 GEROKGAK', 2015, 'SMK N BALI MANDARA', 2018, 'tidak ada', 'Sudah Wawancara', '5ead6df5c9f16.jpg', '5ead6df5c9f55.pdf', 'Bidang 1'),
('1805021027', 'Ni Kadek Mas Mayoni Pradika', 'Mayoni', '4', 'Manajemen Informatika', 'Perempuan', 'Hindu', 'Desa Temukus Br.tengah, Buleleng', 'Perum Garuda Kencana Br.kung Dalung, Badung', 'mayonipradika903@gmail.com', '081339925104', '3.27', 'sie acara kmhd, sia sekret ti cup, sie pk okf dan okj', 'Bidang 4', 'Bidang 3', 'mendengarkan musik, hangout, ngoding ubuntu', 'Jadilah diri sendiri', 'tidak ada', 'SD N 2 Dalung', 2012, 'SMP N 3 Mengwi', 2015, 'SMA N 2 Mengwi', 2018, 'tidak ada', 'Sudah Wawancara', '5eb023c4380b0.jpg', '5eb023c4380f0.pdf', 'Bidang 4'),
('1815051001', 'Sayu Putu Gita Arini', 'sayu ', '4', 'Pendidikan Teknik Informatika', 'Perempuan', 'Hindu', 'Ds. Telaga tawang , Sidemen ', 'jl. Parikesit no 22, Singaraja', 'sayuputu444@gmail.com', '085239444071', '3.38', 'HMJ TI 2019', 'Bidang 2', 'Bidang 4', 'Menari.', 'Jangan Meremehkan Kekuatan Orang Biasa', '', 'SDs. Santi Adnyana', 2012, 'SMP N 2 Marga Tiga', 2015, 'SMA N 1 Sidemen', 2018, '-', 'Sudah Wawancara', '5eac19227440d.jpg', '5eac192274452.pdf', 'Bidang 2'),
('1815051002', 'I Wayan Darmika', 'Darmika', '4', 'Pendidikan Teknik Informatika', 'Laki-Laki', 'Hindu', 'Desa Pucaksari, Kec. Busungbiu, Kab. Buleleng', 'Jln. Laksamana, Gg. DewiSri, No.30', 'darmikawayan017@gmail.com', '083117029245', '3.26', '1. Panitia Suksesi\r\n2. Panitia Integer', 'Bidang 5', 'Bidang 2', 'Photography', 'Kegagalan adalah kesempatan untuk memulai kembali', '-', 'SD Negeri 2 Pucaksari', 2012, 'SMP N 2 Busungbiu', 2015, 'SMA Negeri 2 Busungbiu', 2018, '-', 'Sudah Wawancara', '5eaaa9a8c7bd9.jpg', '5eaaa9a8c7c16.pdf', 'Bidang 5'),
('1815051012', 'IDA BAGUS MADE YUDHA WIRAWAN', 'BAGUS', '4', 'Pendidikan Teknik Informatika', 'Laki-Laki', 'Hindu', 'SANGGULAN', 'LILIGUNDI', 'yudhawirawan@outlook.com', '082146601082', '3', '-', 'Bidang 5', '', '-', '-', '-', 'SDN 1 TBN', 2012, 'SMPN 1 TBN', 2015, 'SMAN 1 TBN', 2018, '-', 'Sudah Wawancara', '5eac2f625907a.jpg', '5eac2f62590c2.pdf', 'Bidang 5'),
('1815051013', 'I Putu Tresna Windhu', 'Windhu', '4', 'Pendidikan Teknik Informatika', 'Laki-Laki', 'Hindu', 'Dusun kawanan desa julah', 'Jln. Melati mumbul singaraja', 'tresnawindhu44@gmail.com', '08873913076', '3.63', 'Osis\r\nAmbalan arjuna srikandi\r\nHMJ TI\r\nUKM CATUR\r\nUKM MUSIK\r\nPPI Buleleng\r\n', 'Bidang 2', 'Bidang 5', 'Main gitar', 'Belajar dari pengalaman', 'Maag', 'SD N 2 Julah', 2012, 'SMP N 4 Tejakula', 2015, 'SMA N 1 Tejakula', 2017, 'HMJ TI\r\nUKM CATUR\r\nUKM MUSIK', 'Sudah Wawancara', '5eafe0483ff2d.jpg', '5eafe0483ff72.pdf', 'Bidang 1'),
('1815051015', 'Ni Putu Megarini', 'Mega', '4', 'Pendidikan Teknik Informatika', 'Perempuan', 'Hindu', 'Mendoyo, Jembrana', 'Jln. Bisma, Gg. Mutiara V, No 2', 'megarini36@gmail.com', '085858556455', '3.82', 'Panitia PAT\r\nPanitia PDK\r\nPanitia OKJ\r\nPanitia Sosisialisasi Bahaya TI\r\nPanitia Community Service', 'Bidang 4', '', 'Nonton Film ', 'Jalani dan Hadapi ', '', 'SD Negeri 1 Yehembang Kangin', 2012, 'SMP Negeri 1 Negara', 2015, 'SMK Negeri 3 Negara', 2018, '-', 'Sudah Wawancara', '5eabca5d30b9b.jpg', '5eabca5d30bd9.pdf', 'Bidang 4'),
('1815051016', 'Ni Komang Miantari Dewik', 'Dewik', '4', 'Pendidikan Teknik Informatika', 'Perempuan', 'Hindu', 'desa yehembang, negara', 'jln. bisma gg. mutiara 5 no 2', 'miantaridewik16@gmail.com', '087852842205', '3.64', 'hmj ti', 'Bidang 4', '', 'nonton, membaca', 'siapapun bisa menjadi apapun', 'maag', 'Sd negeri 2 yehembang', 2012, 'smp negeri 3 negara', 2015, 'smk negeri 3 negara', 2018, 'hmj ti', 'Sudah Wawancara', '5ead1276a2787.jpg', '5ead1276a27ca.pdf', 'Bidang 4'),
('1815051018', 'Komang Deva Bayudi Brilsana', 'Deva', '4', 'Pendidikan Teknik Informatika', 'Laki-Laki', 'Hindu', 'Jalan Pulau Menjangann, Desa Petandakan.', 'Jalan Pulau Menjangann, Desa Petandakan.', 'devabrilsana@gmail.com', '081931635966', '3.33', 'HMJ TI masa bakti 2019/2020', 'Bidang 2', 'Bidang 2', 'Futsal', 'Bisa menjadi manusia yang memanusiakan manusia.', '-', 'SD N 2 Petandakan', 2012, 'SMP N 5 Singaraja', 2015, 'SMK N 3 Singaraja', 2018, '-', 'Sudah Wawancara', '5eb4333e5b554.jpeg', '5eb4333e5b59a.pdf', 'Bidang 2'),
('1815051035', 'Nyoman Arya Wilaputra', 'Arya', '4', 'Pendidikan Teknik Informatika', 'Laki-Laki', 'Hindu', 'Desa Umejero, Kecamatan Busungbiu, Kabupaten Buleleng', 'Jln. Serma Karma Singaraja', 'aryawilaputra@gmail.com', '081916532073', '3.24', 'pengurus HMJ TI 2019/2020\r\npengurus BEM FTK 2019/2020', 'Bidang 2', 'Bidang 1', 'baca novel\r\nbulutangkis\r\n', 'lakukan apa yang kau suka', '-', 'SDN 1 Umejero', 2012, 'SMPN 1 Busungbiu', 2015, 'SMAN 1 Ubud', 2018, 'HMJ TI', 'Sudah Wawancara', '5eb3af8799dea.jpg', '5eb3af8799e2e.pdf', 'Bidang 3'),
('1815051046', 'M.Rizal Adrian Awi', 'Rizal', '4', 'Pendidikan Teknik Informatika', 'Laki-Laki', 'Islam', 'Lombok,Prov Nusa Tenggara Barat', 'Jln Perkutut no10', 'rizal.adrian@undiksha.ac.id', '087765902479', '3.08', 'Pat 2018,Dies Natalis Undiksha 2019,okf2019, okj 2019, integer, Pat 2019,Dies Natalis Undiksha 2020', 'Bidang 5', 'Bidang 4', 'desain,futsal,basket', 'maju terus pantang mundur', '', 'SDN 05 Ampenan', 2012, 'SMPN 15 Mataram', 2015, 'SMAN 06 Mataram', 2018, 'hmj ti 2018/2019,panwasra 2019/2020', 'Sudah Wawancara', '5ea794e4c9b64.jpg', '5ea794e4c9ba2.pdf', 'Belum Ada'),
('1815051047', 'Anggi Puspita Lestari ', 'Anggi', '4', 'Pendidikan Teknik Informatika', 'Perempuan', 'Hindu', 'Lingkungan Kertasari Kelurahan Padangkerta, Karangasem ', 'Lingkungan Kertasari Kelurahan Padangkerta, Karangasem ', 'anggiipuspita21@gmail.com', '081239186845', '3.20', 'Bem ftk masa bakti 2019 /2020 \r\nPanitia PAT 2018 \r\nPanitia dies natalis ftk 2019 \r\nBendahara panitia pelantikan ormawa ftk periode 2019 /2020 \r\nPanitia rapat kerja bem ftk masa bakti 2019 /2020\r\nPanitia seminar nasional Kominfo BEM FTK 2019 \r\nPanitia OKF dan ID ftk 2019 \r\nPanitia yudisium ftk agustus 2019 \r\nPanitia Integer 1.0 HMJ TI 2019 \r\nPanitia PAT 2019 \r\nBendahara panitia yudisium ftk november 2019 \r\nPanitia dies natalis ftk 2020 ', 'Bidang 2', 'Bidang 1', 'Menyanyi ', 'I have to try everything i want to know what talent is :) ', '-', 'SDN 4 Padangkerta ', 2012, 'SMPN 5 Amlapura ', 2015, 'SMAN 2 Amlapura ', 2018, 'Bem ftk masa bakti 2019 /2020 ', 'Sudah Wawancara', '5ea983a041c03.jpg', '5ea983a041c49.pdf', 'Bidang 2'),
('1815051053', 'Ni Putu Serly Widyaningsih', 'Serly', '4', 'Pendidikan Teknik Informatika', 'Perempuan', 'Hindu', 'Singaraja , Banyuning Jalan Pulau Komodo Gang Aditya', 'Singaraja , Banyuning Jalan Pulau Komodo Gang Aditya', 'niputuserlywidyaningsih@gmail.com', '087893901374', '3.46', 'Hmj Teknik Informatika masa bakti 2019/2020', 'Bidang 4', 'Bidang 4', 'shooting sports\r\n', 'Be yourself', '-', 'SD No 1 Panji Anom', 2012, 'SMP Negeri 2 Singaraja', 2015, 'SMK Negeri 3 Singaraja', 2018, 'HMJ Teknik Informatika masa bakti 2020/2021', 'Sudah Wawancara', '5eacfa0491fb9.jpg', '5eacfa0491ffe.pdf', 'Bidang 4'),
('1815051055', 'Dewa Ayu Putu Ika Kasturi Dewi', 'Ika Kasturi', '4', 'Pendidikan Teknik Informatika', 'Perempuan', 'Hindu', 'Jl. Raya Samplangan, Gianyar', 'Jl. Sahadewa No.15 A, Singaraja', 'dewaayu2299@gmail.com', '0895346795477', '3.36', 'HMJ TI\r\nKepanitiaan di serangkaian acara dari HMJ TI', 'Bidang 1', '', 'Menyanyi, Travelling, Nonton', 'Cintai apapun yang kamu jalani dan Jalani apapun yang kamu cintai', '', 'SD Negeri 2 Gianyar', 2012, 'SMP Negeri 3 Gianyar', 2015, 'SMK Negeri 1 Gianyar', 2018, 'Tidak Ada', 'Sudah Wawancara', '5eae87cce29cf.jpg', '5eae87cce2a0d.pdf', 'Bidang 1'),
('1815051059', 'I Made Krisna Darmawan', 'Krisna', '4', 'Pendidikan Teknik Informatika', 'Laki-Laki', 'Hindu', 'desa temukus', 'desa temukus', 'krisnadarmawan07@gmail.com', '087760052129', '3.00', 'HMJ TI 2019', 'Bidang 5', 'Bidang 1', 'drakoran', 'tetap semangat', '', 'Sd 4 temukus', 2012, 'smp 3 banjar', 2015, 'smk n 3 singaraja', 2018, 'tidak ada', 'Sudah Wawancara', '5eb411f602108.jpeg', '5eb411f602155.pdf', 'Bidang 1'),
('1815051073', 'Nengah Ayu Vinka Anggareni', 'Vinka', '4', 'Pendidikan Teknik Informatika', 'Perempuan', 'Hindu', 'br.dibas pakuaji, ds. mundeh kangin, kec.selemadeg barat, kab. tabanan', 'jln.pulau batam, banyuning', 'vinkaanggraeni28@gmail.com', '08990223254', '3.45', 'hmj ti undiksha', 'Bidang 4', 'Bidang 4', 'nonton film, makan, tidur', 'jalani dan syukuri', '', 'SDN 2 MUNDEH KANGIN', 2012, 'SMP NEGERI 1 SELEMADEG', 2015, 'SMA NEGERI 4 MATARAM', 2018, 'hmj ti undiksha', 'Sudah Wawancara', '5eac160c32483.jpg', '5eac160c324c9.pdf', 'Bidang 4'),
('1815051081', 'Ida Ayu Windy Prabawanti', 'Dayu Praba', '4', 'Pendidikan Teknik Informatika', 'Perempuan', 'Hindu', 'Jl. Gunung Batur No. 29, Semarapura Kangin', 'Jl. Laksamana Gang Villa Gading II No. 9, Singaraja', 'dayupraba29@gmail.com', '087845243077', '3.11', 'Menjadi Osis di SMK', 'Bidang 2', '', 'Menyanyi', 'Meraih impian yang diharapkan', '', 'SDN 1 Semarapura Kangin', 2012, 'SMPN 1 Semarapura', 2015, 'SMK TI Bali Global Klungkung', 2018, 'HMJ TI', 'Sudah Wawancara', '5ea67d7020d65.jpg', '5ea67d7020da8.pdf', 'Bidang 1'),
('1815051085', 'I Gede Handy Tresna Wirawan', 'Handy', '4', 'Pendidikan Teknik Informatika', 'Laki-Laki', 'Hindu', 'Kubu, Tianyar, Karangasem', 'Gg. Bumi Indah, Pemaron, Singaraja', 'handy.tresna@undiksha.ac.id', '081238934049', '3.28', 'Ketua PKS SMAN 1 Kubu.\r\nPaskibraka Karangasem Tahun 2016\r\nPanitia Integer 1.0', 'Bidang 5', 'Bidang 5', 'Fotografi, editing, wirausaha', 'Jadikan ketakutanmu sebagai sumber kekuatan', 'Tidak ada.', 'SDN 4 Tianyar', 2012, 'SMPN 2 Kubu', 2015, 'SMAN 1 Kubu', 2018, 'Tidak ada', 'Sudah Wawancara', '5eb403b787eac.jpg', '5eb403b787eec.pdf', 'Bidang 5'),
('1815051091', 'I Gede Kembar Artha Yasa', 'Kembar', '4', 'Pendidikan Teknik Informatika', 'Laki-Laki', 'Hindu', 'tajun', 'Jalan pulau obi gang manggis', 'kembararthayasa1007@gmail.com', '081938504669', '3.00', 'HMJ TI 2019', 'Bidang 5', 'Bidang 1', 'drakoran', 'semangat', '', 'Sdn 5 sembiran', 2012, 'smp n 6 singaraja', 2015, 'sma n 3 singaraja', 2018, 'tidak ada', 'Sudah Wawancara', '5eb410e748d06.jpeg', '5eb410e748d4a.pdf', 'Bidang 1'),
('1815051094', 'Ni Wayan Sri Indah Yani', 'Sri ', '4', 'Pendidikan Teknik Informatika', 'Perempuan', 'Hindu', 'Jalan Panji Semirang No.11 Kediri, Tabanan', 'Jalan Abimanyu SIngaraja', 'sriindah367@gmail.com', '082375023670', '3.71', 'Pengurus HMJ TI Masa Bakti 2019/2020,Panitia Integer 1.0, Panitia Pemira dan suksesi 2018, Sosialisasi bahaya TI 2019, Panitia Peringatan Hari Pahlawan 2019', 'Bidang 4', '', 'Menari', 'it always seems impossible until it''s done', '', 'SDN 4 Kediri', 2012, 'SMPN 1 Kediri', 2015, 'SMAN Bali Mandara', 2018, 'HMJ TI', 'Sudah Wawancara', '5eab7d7af3a75.jpg', '5eab7d7af3aba.pdf', 'Bidang 4'),
('1815051096', 'Komang Ari Kusuma', 'Ari Kusuma', '4', 'Pendidikan Teknik Informatika', 'Laki-Laki', 'Hindu', 'sibangkaja, Badung', 'Perumahan Liligundi Blok E no 42', 'ari.kusuma128@gmail.com', '087861690352', '3.23', 'hmj ti 2019/2020', 'Bidang 2', 'Bidang 5', 'BASKET', 'selalu menjadi lebih baik dari sebelumnya', '', 'SD MUTIARA', 2012, 'SMP N 2 SINGARAJA', 2015, 'SMA N 2 SINGARAJA', 2018, 'ukm basket', 'Sudah Wawancara', '5ead1a116a857.jpg', '5ead1a116a89c.pdf', 'Bidang 2'),
('1815051098', 'I Komang Yuda Muliawan', 'Yuda', '4', 'Pendidikan Teknik Informatika', 'Laki-Laki', 'Hindu', 'Br. Dinas Bias, Desa Ababi, Kecamatan Abang, Kabupaten Karangasem', 'Br. Dinas Bias, Desa Ababi, Kecamatan Abang, Kabupaten Karangasem', 'yudamuliawan00@gmail.com', '087826295993', '3.72', 'HMJ TI UNDIKSHA 2019, UKM CATUR UNDIKSHA 2019', 'Bidang 1', 'Bidang 2', 'Bermain Game Online, Memasak, Catur, Sulap, Drum, Main Kartu Remi, Main Domino Qiu QIu, ', 'Dunia Hanyala Sebuah Permainan, Jalani Hidup Penuh Senyuman', '-', 'SD Negeri 4 Ababi', 2012, 'SMP Negeri 1 Abang', 2015, 'SMK Negeri 1 Abang', 2018, 'HMJ TI UNDIKSHA 2020', 'Sudah Wawancara', '5ea6844cce2c5.jpg', '5ea6844cce30a.pdf', 'Bidang 1'),
('1815051104', 'I Gede Hary Sadhujana', 'Hary''s', '4', 'Pendidikan Teknik Informatika', 'Laki-Laki', 'Hindu', 'Banjar Metra Kelod, Desa Yangapi, Kecamatan Tembuku, Kabupaten Bangli', 'Jalan Bangau, Gang Ksatrian No. 7 Kaliuntu, Singaraja', 'harysadhujana@gmail.com', '082339524830', '3.35', 'HMJ TI 2019/2020, UKM Kesenian Daerah 2019/2020, PAT 2018', 'Bidang 5', 'Bidang 2', 'Sepakbola, Volley, Musik Bali dan Modern, Memancing', 'Keep Spirit and Never Give Up', '-', 'SD N 1 Yangapi', 2011, 'SMP N 2 Tembuku', 2014, 'SMA N 1 Bangli', 2017, 'UKM Kesenian Daerah 2020/2021', 'Sudah Wawancara', '5eac53972db5e.png', '5eac53972dba2.pdf', 'Bidang 5'),
('1815091007', 'Gusti Ayu Putu Setiari', 'Gunggek', '4', 'Sistem Informasi', 'Perempuan', 'Hindu', 'Jl. Nuansa Utama Selatan VII/9 Taman Griya Jimbaran', 'Jalan Sudirman Gg. 1', 'gunggektya23@gmail.com', '081236636646', '3.55', 'Koordinator sie kerohanian Rapat Kerja 2019, Anggota sie kerohanian PDK 2019, Koordinator sie sekret Sosialisasi TI, Koordinator sie social event Integer 1.0', 'Bidang 4', '', 'Berenang, berendam', 'Never ever give up, do more of what makes you happy', 'Maag', 'SDN 7 Benoa', 2012, 'SMPN 4 Kuta Selatan', 2015, 'SMAN 1 Kuta', 2018, 'HMJ TI masa bakti 2019-2020', 'Sudah Wawancara', '5eabba11aeca4.jpeg', '5eabba11aece2.pdf', 'Bidang 4'),
('1815091009', 'Muhammad Ridwan', 'Iwan', '4', 'Sistem Informasi', 'Laki-Laki', 'Islam', 'Jalan Simpang Udayana No. 7', 'Jalan Simpang Udayana No. 7', 'wawanaza98@gmail.com', '089627009482', '3.09', 'Sie Pelengkapan Panitia Ta''ruf Al-Hikmah 2019\r\nSie Pelengkapan Panitia MKMB Mahasiswa baru bidikmisi 2019 \r\nSie Pubdekdok Panitia Festival Hardah Al-Hikmah 2019\r\nSie Pubdekdok Panitia Seminar Enterpreneur Al-Hikmah 2019\r\nSie Pubdekdok Panitia AUC (Al-Hikmah Undiksha Competition) 2020\r\nSIe Perlengkapan Panitia HUT FORKOM 2020', 'Bidang 5', 'Bidang 3', 'Editing Foto/Video dan Berenang', 'Semua yang diniatkan dengan Bismillah tidak akan mundur di tengah-tengah', '', 'SDN 1 Banjar Bali', 2012, 'SMP Mutiara Singaraja', 2015, 'SMK TI Bali Global Singaraja', 2018, 'Mendaftar HMJ TI Undiksha', 'Sudah Wawancara', '5ea5745fee575.jpg', '5ea5745fee5ba.pdf', 'Bidang 3'),
('1815091014', 'Putu Khrisna Neitya Adhe Putra', 'Krisna o''on', '4', 'Sistem Informasi', 'Laki-Laki', 'Hindu', 'Busungbiu, jln menakagiri no 8', 'Banyuning, gang galak bali no 79', 'krisnaoon30@gmail.com', '082147666490', '3.00', 'PAT', 'Bidang 2', 'Bidang 2', 'Mainin hati dia, olahraga', 'Hidup itu penuh dengan cinta', 'Tidak ada', 'SD N 1 Busungbiu', 2013, 'SMP Saraswati 1 Denpasar', 2015, 'SMA N 1 Busungbiu', 2018, 'Hmj TI', 'Sudah Wawancara', '5ea7af1e9f900.jpg', '5ea7af1e9f946.pdf', 'Bidang 2'),
('1815091017', 'Putu Risma Widharini', 'Risma', '4', 'Sistem Informasi', 'Perempuan', 'Hindu', 'Banjar dinas petandakan', 'Jalan Gajah Mada No.43', 'rismawidharini@yahoo.co.id', '087784799306', '3.52', 'Kepanitiaan integer 1.0 sebagai anggota sie pendaftaran', 'Bidang 2', 'Bidang 3', 'Membaca, menggambar, mengambil gambar (memotret)', 'Don''t be afraid to try what you want', '-', 'SD N 1 Singaraja', 2012, 'SMP N 1 Singaraja', 2015, 'SMA N 4 Singaraja', 2018, '-', 'Sudah Wawancara', '5eab782e4cbd0.jpg', '5eab782e4cc0e.pdf', 'Bidang 1'),
('1815091021', 'Ni Putu Dena Kristy Andiani', 'Dena', '4', 'Sistem Informasi', 'Perempuan', 'Hindu', 'Jln. Toya Anakan VB Blok A No.3, Buleleng, Bali, 81119', 'Jln. Toya Anakan VB Blok A No.3, Buleleng, Bali, 81119', 'denacristy@gmail.com', '08983161306', '3.29', 'Anggota Divisi Media dan Informasi, Departemen Pendidikan dan Penalaran, BEM FTK Undiksha Masa Bakti 2019/2020', 'Bidang 1', 'Bidang 2', 'I love to do anything', 'Sometimes you win and sometimes you learn.', 'Tidak Ada', 'SD Negeri 2 Banyuasri', 2012, 'SMP Negeri 2 Singaraja', 2015, 'SMA Negeri 1 Singaraja', 2018, 'Anggota Divisi Media dan Informasi, Departemen Pendidikan dan Penalaran, BEM FTK Undiksha Masa Bakti 2019/2020', 'Sudah Wawancara', '5ead17b8b8bd2.jpeg', '5ead17b8b8c10.pdf', 'Bidang 1'),
('1815091024', 'Laurensia Anjelina Tutosili Arakian', 'ella ', '4', 'Sistem Informasi', 'Perempuan', 'Kristen Katolik', 'Kalabahi Alor NTT', 'Jln. Bisma No. 13 Singaraja', 'ellaarakian29@gmail.com', '082146444238', '3.59', 'HMJ TI 2019/2020\r\nUKM Paduan Suara 2019/2020', 'Bidang 2', 'Bidang 3', 'menyanyi', 'Bahagia selalu', '', 'SDK ST. Maria Kalabahi', 2012, 'SMPN 1 Kalabahi', 2015, 'SMAN 1 Kediri', 2018, 'HMJ TI 2020/2021', 'Sudah Wawancara', '5eac07e02adc6.jpeg', '5eac07e02ae0e.pdf', 'Bidang 2'),
('1815091026', 'Made Diah Arista Devi', 'Devi', '4', 'Sistem Informasi', 'Perempuan', 'Hindu', 'Jl. Darmawangsa No.11A, Klungkung', 'Jl. Wijaya Kusuma No.1 Gang 5, Singaraja', 'aristadevi221@gmail.com', '087757637910', '3.37', 'Anggota UKM Kesenian Daerah Undiksha Tahun 2018\r\nPanitia Ganesha Art Festival UKM Kesenian Daerah Undiksha Tahun 2018', 'Bidang 4', 'Bidang 3', 'Membaca Novel dan Webtoon, Mendengarkan Musik, dan Menonton video', 'Kehidupan selalu berubah jadi hiduplah dengan baik', '-', 'SDN 2 Semarapura Tengah', 2012, 'SMPN 3 Semarapura', 2015, 'SMAN 2 Semarapura', 2018, '-', 'Sudah Wawancara', '5eaada86804db.png', '5eaada8680520.pdf', 'Belum Ada'),
('1815091030', 'Ni Putu Bimantari Dewi', 'Tari', '4', 'Sistem Informasi', 'Perempuan', 'Hindu', 'Jalan WR Supratman No.311X', 'Jalan Pantai Penimbangan Gang balbo 2A', 'bimantaridewi@gmail.com', '082146751059', '3.32', 'Panitia Integer', 'Bidang 3', 'Bidang 3', 'memasak', 'Memikirkan masa depan penting, tapi berpikir yang sekarag dan besok kita lakukan lebih pnting', '', 'SD Negeri 1 dan 2 Paket Agung', 2012, 'SMP Negeri 2 Singaraja', 2015, 'SMA Laboratorium Undiksha', 2018, 'HMJ TI', 'Sudah Wawancara', '5eacb86637e4a.jpg', '5eacb86637e8f.pdf', 'Bidang 3'),
('1815091034', 'GUSTI AGUNG TRI WIDIASTUTI', 'GUNG TRI', '4', 'Sistem Informasi', 'Perempuan', 'Hindu', 'Br. Tengah, Tangeb, Abianbase, Mengwi, Badung, Bali', 'Jl. Wijaya Kusuma, Singaraja', 'gungtri85@gmail.com', '085792038086', '3.67', 'HMJ TI 2019/2020', 'Bidang 3', 'Bidang 3', 'Tidur, Baca', 'Lakukan yang terbaik hari ini agar kau tidak menyesalinya di kemudian hari', '-', 'Sd N 2 Abianbase', 2012, 'Smp n 2 Mengwi', 2015, 'Sma 1 Kuta Utara', 2018, '-', 'Sudah Wawancara', '5eac3ac65b0af.jpeg', '5eac3ac65b0f2.pdf', 'Bidang 3'),
('1815091038', 'Kadek Yogie Susila Putra', 'Yogie Susila', '4', 'Sistem Informasi', 'Laki-Laki', 'Hindu', 'Jalan Pulau Obi Nomer 5', 'Jalan Pulau Obi Nomer 5', 'susila11yogie@gmail.com', '083115386743', '3.32', 'Pengurus HMJ TI 2019-2020 (bidang 2, sub bidang badminton), Ketua Panitia OKJ TI 2019, anggota sie kerohanian Integer.', 'Bidang 2', 'Bidang 3', 'Futsal/sepak bola, Bulutangkis', 'bekerja keras, disiplin, dan selalu berdoa', '', 'SD LAB UNDIKSHA', 2012, 'SMP N 2 SINGARAJA', 2015, 'SMA N 4 SINGARAJA', 2018, 'HMJ TI', 'Sudah Wawancara', '5eacf478b222c.jpg', '5eacf478b227b.pdf', 'Bidang 2'),
('1815091040', 'NI MADE AYU MITA KUSUMADEWI', 'MITA', '4', 'Sistem Informasi', 'Perempuan', 'Hindu', 'Banjar dharma karya, desa bungaya, kecamatan bebandem, kabupaten karangasem', 'jalan kakak tua nomor 9 kaliuntu', 'mitta20177@gmail.com', '083117726504', '3.61', 'Persmavisi undiksa, Komunitas Literasi Amlapura, Panitia Integer 1.0, Panitia OKK, Panitia Dies Natalis', 'Bidang 4', 'Bidang 3', 'Membaca buku, menonton film, jalan-jalan', 'Belajar dimanapun dan kapanpun', 'Tidak ada ', 'SD N 3 Bungaya', 2012, 'SMP N 4 Bebandem', 2015, 'SMA PGRI 1 Amlapura', 2018, 'Persma Visi Undiksha', 'Sudah Wawancara', '5eb42eae4c64b.jpeg', '5eb42eae4c68a.pdf', 'Bidang 4'),
('1815091046', 'Kadek Rama Wasudewa', 'Rama', '4', 'Sistem Informasi', 'Laki-Laki', 'Hindu', 'Jalan Pantai Moding, Banjar Dinas Brongbong, Desa Celukanbawang, Kecamatan Grokgak', 'Jalan Camar No1. Kaliuntu, Singaraja', 'kadekramawasudewa@gmail.com', '082144853317', '3.71', 'Menjadi Anggota Sie E-Sport Dies Natalis 27,Menjadi Anggota Sie PP PAT 2019 + Rangkap Sie E-Sport, dan Menjadi Anggota Sie E-Sport Integer', 'Bidang 2', 'Bidang 5', 'Futsal, dan Game Mobile', 'Lakukan sekarang atau tidak samasekali', '-', 'SDN 1 Celukanbawang', 2012, 'SMPN 2 Seririt', 2015, 'SMAN 1 Seririt', 2018, '-', 'Sudah Wawancara', '5eabcc62d6016.jpg', '5eabcc62d605a.pdf', 'Bidang 2'),
('1815091050', 'Ngakan Putu Amerta Dana', 'Ngakan Amerta', '4', 'Sistem Informasi', 'Laki-Laki', 'Hindu', 'Br. Ulapan, Desa Bukian, Kecamatan Payangan, Kabupaten Gianyar, Provinsi Bali', 'Jl. Wijaya Kusuma Gg. III, Singaraja, Bali', 'ngakanamertadana@gmail.com', '081238065058', '3.37', 'Sekretaris Bidang Teknologi HMJ Teknik Informatika masa bakti 2019-2020, Anggota Sie Keamanan PDK HMJ Teknik Informatika, Koordinator Sie Pubdok OKJ Teknik Informatika, Anggota Sie Pubdok Integer 1.0, Anggota Sie Pubdok TI CUP.', 'Bidang 5', 'Bidang 5', 'Desain Grafis, Editing Video, & Main Sosmed', 'Tak ada kata terlambat untuk belajar', 'Tidak Ada', 'SD Negeri 3 Bukian', 2012, 'SMP Negeri 1 Payangan', 2015, 'SMK Negeri 1 Denpasar', 2018, 'Tidak Ada', 'Sudah Wawancara', '5eac2b8970fa7.jpg', '5eac2b8970fec.pdf', 'Bidang 5'),
('1815091055', 'Made Indra Putera Aryana', 'Made Indra', '4', 'Sistem Informasi', 'Laki-Laki', 'Hindu', 'Desa Lokapaksa', 'Desa Lokapaksa', 'indraputera.ar@gmail.com', '081015724555', '3.00', 'GAF(Ganesha Art Festival)2018 dan 2019, Ketuapanitia parade OKK UKM KESDA,DIKLAT UKM KESDA, SUKSESI UKM KESDA', 'Bidang 2', 'Bidang 4', 'Seni musik terutama musik daerah dan organisasi pramuka', 'kalau ada yang mudah kenapa harus dipersulit', '-', 'SD Negeri 3 Lokapaksa', 2012, 'SMP Negeri 4 Seririt', 2015, 'SMK Negeri 2 Seririt', 2018, 'UKM Kesenian Daerah', 'Sudah Wawancara', '5ea5ae88ef7c7.jpg', '5ea5ae88ef806.pdf', 'Bidang 2'),
('1815091060', 'Putu Rosdyana Junia Devanty', 'Devanty', '4', 'Sistem Informasi', 'Perempuan', 'Hindu', 'Banjar Dinas Desa Tampekan ', 'Banajar Dinas Desa Tampekan ', 'rosdyanajuniadevanty@gmail.com', '081239562270', '3.25', 'Pernah jadi panitia integer ', 'Bidang 4', 'Bidang 2', 'Mendengarkan musik dan silat ', 'Jadilah Diri Sendiri', '', 'SD N 3 Seririt', 2012, 'SMP N 1 Banjar', 2015, 'SMA N 1 Seirit', 2018, 'PMI', 'Sudah Wawancara', '5eacd4f946036.jpg', '5eacd4f946074.pdf', 'Belum Ada'),
('1815091061', 'Kadek Wawan Yudayana', 'WawanYudayana', '4', 'Sistem Informasi', 'Laki-Laki', 'Hindu', 'Dusun Tenaon, Desa Alasangker ', 'Dusun Tenaon, Desa Alasangker', 'kadekwawan004@gmail.com', '081803654211', '3.26', 'kepanitiaan di lingkungan Bem FTK, Kepanitiaan di Lingkungan UKM, Kepanitaan di lingkungan Prodi, Kepanitiaan di lingkungan Jurusan ', 'Bidang 2', 'Bidang 3', 'Olahraga ( Voli, Futsal)\r\n', 'Jangan pernah mengeluh dengan keadaan kita saat ini berjuanglah ', 'Mag, sering sakit kepala ', 'SD NO 3 Alasanfker ', 2012, 'SMP N 7 SIngaraja ', 2015, 'SMA N 3 Singaraja ', 2018, 'HMJ TI', 'Sudah Wawancara', '5eb3ab38b0dff.png', '5eb3ab38b0e3a.pdf', 'Bidang 3'),
('1815091062', 'Kadek Wawan Cahyadi', 'Wawan', '4', 'Sistem Informasi', 'Laki-Laki', 'Hindu', 'Jalan Srikandi No.9 Singaraja', 'Jalan Srikandi No.9 Singaraja', 'cahyadywawan@gmail.com', '081246441335', '3.43', 'HMJ TI Bidang 2', 'Bidang 5', 'Bidang 5', 'Photography', 'Sing Megae Sing Hidup', 'Tidak ada ', 'SD Negeri 1 Banjar Tegal', 2010, 'SMP Negeri 6 Singaraja', 2015, 'SMA Negeri 2 Singaraja', 2018, 'HMJ TI Undiksha', 'Sudah Wawancara', '5ea4f8dadf89b.jpg', '5ea4f8dadf8df.pdf', 'Bidang 5'),
('1815091064', 'Putu Annanda Diva Sanjaya ', 'Diva', '4', 'Sistem Informasi', 'Laki-Laki', 'Hindu', 'Jl.Bisma gg II NO. 18 Seririt ', 'Jl.Bisma gg II NO. 18 Seririt ', 'annandadiva07@gmail.com', '081238929202', '3.51', 'Panitia Sie E-Sport Integer, PAT, Dies Natalis', 'Bidang 2', 'Bidang 5', 'Main Game', 'Selalu berusaha memberikan yang terbaik untuk orang laindan diri sendiri', '-', 'SD N0 4 BANJAR', 2012, 'SMP NEGERI 1 SERIRIT', 2015, 'SMA NEGERI 1 SERIRIT', 2018, '-', 'Sudah Wawancara', '5eac2f7f29371.jpg', '5eac2f7f293b0.pdf', 'Bidang 1'),
('1815091065', 'I Gusti Agung Ayu Made Asri Darma Yanthi', 'Gek Asri', '4', 'Sistem Informasi', 'Perempuan', 'Hindu', 'Br.Bakisan No.17,Tabanan,Bali', 'Peumahan Taman Wira ,Dahlia 3 No 24,Sambangan,Singaraja,Bali', 'gek.asridarmayanthi@gmail.com', '088236083602', '3.50', '', 'Bidang 3', 'Bidang 3', 'mendengarkan lagu', 'Terus mencoba dan belajar dari sebuah pengalaman agar menjadi pribadi yang lebih baik kedepannya', '', 'SD Negeri 6 Dajan Peken', 2012, 'SMP Negeri 1 Tabanan', 2015, 'SMA Negeri 1 Tabanan', 2018, 'Himpunan Jurusan Teknik Informatika', 'Sudah Wawancara', '5eac3f095ff07.jpg', '5eac3f095ff4f.pdf', 'Bidang 3'),
('1815091941', 'Ni Kadek Sri Nadi ', 'Sri', '4', 'Sistem Informasi', 'Perempuan', 'Hindu', 'Br.dinas Munti Gunung Tengah, desa Tianyar Barat, kab. Karangasem, kec. Kubu', 'Br.dinas Munti Gunung Tengah, desa Tianyar Barat, kab. Karangasem, kec. Kubu', 'srin2422@gmail.com', '081999988219', '3.31', '1. Panitia diesnatalis ( khusu FTK ) \r\n2. Integer 1.0 sie pendaftaran ', 'Bidang 2', 'Bidang 3', 'Baca buku novel, komik, dll', 'Ambil resiko daripada tidak sama sekali.', 'Demam', 'SD Negri 6 Tianyar Barat', 2012, 'SMP Negri 3 Kubu', 2015, 'SMA Negri 1 Kubu', 2018, '-', 'Sudah Wawancara', '5eacdcb096550.jpg', '5eacdcb096594.pdf', 'Bidang 3'),
('1815101001', 'Rochman Rizal Lukal Fauza', 'Rizal', '4', 'Ilmu Komputer', 'Laki-Laki', 'Islam', 'Desa bayeman, kec arjas, kab situbondo, jawa timur', 'Jl wijaya kusuma', 'Rochmanrizal9@gmail.com', '082139858116', '3.82', 'Hmj ti periode 2019/2020', 'Bidang 3', 'Bidang 4', 'Main game', 'Jalani dulu', '', 'SDN 1 BAYEMAN', 2012, 'SMPN 1 ASEMBAGUS', 2015, 'SMAN 1 ASEMBAGUS', 2018, '-', 'Sudah Wawancara', '5eabe923e15a5.jpg', '5eabe923e15e3.pdf', 'Bidang 3'),
('1815101008', 'I Komang Adi Pranata', 'Adi', '4', 'Ilmu Komputer', 'Laki-Laki', 'Hindu', 'Desa ban, kecamatan kubu, kabupaten Karangasem, provinsi bali', 'Desa ban, kecamatan kubu, kabupaten Karangasem, provinsi bali', 'adipranata10123@gmail.com', '081558740548', '3.46', 'Id,dies', 'Bidang 3', 'Bidang 4', 'Volly, badminton,game', 'Bukan kesulitan yang membuat kita takut, tapi ketakutan itu yang membuat kita sulit', '-', 'SD NEGERI 3 TIANYAR', 2012, 'SMP NEGERI 4 KUBU', 2015, 'SMA NEGERI 1 KUBU', 2018, 'HMJ', 'Sudah Wawancara', '5eb403eaabee8.jpg', '5eb403eaabf2d.pdf', 'Bidang 4'),
('1815101009', 'I MADE MAHAYOGI HARTA SENTOSA', 'Mahayogi', '4', 'Ilmu Komputer', 'Laki-Laki', 'Hindu', 'Buleleng, singaraja, Jalan seririt-singaraja, Gang Bumi indah 2 no 2', 'Buleleng, singaraja, Jalan seririt-singaraja, Gang Bumi indah 2 no 2', 'maha.yogie20@gmail.com', '085739946979', '3.32', 'Panitia INTEGER, Panitia GI.', 'Bidang 3', 'Bidang 3', 'Badminton', 'be your self', '', 'Sd N 1,2, dan 5 Banyuasri', 2012, 'Smp negeri 2 Singaraja', 2015, 'Sma Negeri 1 Singaraja', 2018, '-', 'Sudah Wawancara', '5ea835be367a3.jpeg', '5ea835be367f6.pdf', 'Bidang 3'),
('1905021005', 'Made Angga Wahyu Darsana', 'Angga Wahyu', '2', 'Manajemen Informatika', 'Laki-Laki', 'Hindu', 'Jalan Gempol No.44, Banyuning', 'Jalan Gempol No.44, Banyuning', 'anggawahyu1721@gmail.com', '089604712020', '3.6', '', 'Bidang 5', 'Bidang 5', 'Menggambar dan Main game', 'Melakukan hal secara langsung dan tidak terlalu banyak berbicara', '', 'SD Negeri 4-7 Banyuning', 2013, 'SMP Negeri 2 Singaraja', 2016, 'SMK Negeri 3 Singaraja', 2019, '-', 'Sudah Wawancara', '5eaccb14ba035.jpg', '5eaccb14ba07c.pdf', 'Bidang 5'),
('1905021006', 'Rizky Indrawan Purwanto', 'Rizky', '2', 'Manajemen Informatika', 'Laki-Laki', 'Islam', 'Jalan Ngurah Rai No.36, Singaraja', 'Jalan Ngurah Rai No.36, ', 'rizkyindrawan31@gmail.com', '085792232467', '3.59', '', 'Bidang 5', 'Bidang 3', 'Basket', 'Lebih baik beranikan diri untuk mencoba daripada tidak sama sekali', '', 'SD N 1 Banjar Jawa', 2013, 'SMP Negeri 6 Singaraja', 2016, 'SMK Negeri 3 Singaraja', 2019, 'Tidak ada', 'Sudah Wawancara', '5eac128dd528a.jpg', '5eac128dd52c8.pdf', 'Bidang 5'),
('1905021011', 'Kadek Candra Ulihantari', 'Candra', '2', 'Manajemen Informatika', 'Perempuan', 'Hindu', 'Banjar Dinas Labuhan Aji, Desa Temukus', 'Banjar Dinas Labuhan Aji, Desa Temukus', 'kcandraulihantari30@gmail.com', '087891922370', '3.4', '_', 'Bidang 3', 'Bidang 4', 'Menyanyi ', 'Selalu Berfikir Positif', '_', 'SD N 4 TEMUKUS', 2013, 'SMP N 3 BANJAR ', 2016, 'SMA N 2 BANJAR', 2019, '_', 'Sudah Wawancara', '5eac12a0e5e75.jpg', '5eac12a0e5eb2.pdf', 'Belum Ada'),
('1915051003', 'Anak Agung Ayu Suwandewi', 'Gung Ayu', '2', 'Pendidikan Teknik Informatika', 'Perempuan', 'Hindu', 'Br.Gentong Tegallalang, Kabupaten Gianyar', 'Jalan Bangau No 99X', 'gungayuswandewi@gmail.com', '083831846453', '3.43', 'Panitia saraswati KMHD (sie acara), Sie KORLAP Green Circle Gita Kita, Pramuka', 'Bidang 2', 'Bidang 4', '1. Menyanyi\r\n2. Berkegiatan di alam terbuka', 'kecerdasan bukan menentukan kesuksesanmu tapi kerja keras, disiplin, berani mencoba, etika dan moral yang akan menentukan kesuksesan di hari nanti', 'Tidak ada', 'SD Negeri 4 Tegallalang', 2013, 'SMP Negeri 1 Tegallalang', 2016, 'SMA Negeri 1 Tegallalang', 2019, 'Mapala (MPLS)', 'Sudah Wawancara', '5eac298cabbb4.jpeg', '5eac298cabbfa.pdf', 'Belum Ada'),
('1915051017', 'Putu Wisnu Ardia Chandra', 'Wisnu', '2', 'Pendidikan Teknik Informatika', 'Laki-Laki', 'Hindu', 'Banjar Dinas Kertabuana, Desa Tianyar Barat, Kecamatan Kubu, Kabupaten Karangasem, Bali', 'Jln. Pulau Seribu, Gang Rama, BTN. Griya Mandala, Blok B No.60, Singaraja-Bali', 'wisnuputu200@gmail.com', '087864976547', '3.91', '-', 'Bidang 1', 'Bidang 2', 'Catur, Pencak Silat, Melukis, Menembak, Lari', 'Lebih baik berjalan lambat dibanding berdiri diam', '-', 'SDN 1 Tianyar Barat', 2013, 'SMPN 3 Kubu', 2016, 'SMAN 1 Kubu', 2019, '-', 'Sudah Wawancara', '5eabe9c21b48e.jpeg', '5eabe9c21b4ca.pdf', 'Bidang 1'),
('1915051018', 'Ni Ketut Puji Gayatri', 'Puji', '2', 'Pendidikan Teknik Informatika', 'Perempuan', 'Hindu', 'Jln.p.obi gg biu krutuk no.9 lingkungan banyuning timur', 'Jln.p.obi gg biu krutuk no.9 lingkungan banyuning timur', 'pujigayatri273@gmail.com', '087762206735', '3.58', 'Saya pernah mengikuti organisasi kepramukaan di SMA sampai tingkat bantara', 'Bidang 2', 'Bidang 4', 'Memasak dan Menyanyi', 'Sukses adalah saat persiapan dan kesempatan bertemu', 'Tidak ada', 'SDN 6 Banyuning', 2013, 'SMP Negeri 6 Singaraja', 2016, 'SMA Negeri 3 Singaraja', 2019, 'Pokja Fakultas Teknik dan Kejuruan', 'Sudah Wawancara', '5eac29ee21033.jpg', '5eac29ee21079.pdf', 'Belum Ada'),
('1915051021', 'Putu Indah Permata Aji', 'Indah', '2', 'Pendidikan Teknik Informatika', 'Perempuan', 'Hindu', 'Banjar Dinas Kanginan Desa Julah, Kec. Tejakula, Kab. Buleleng', 'Banjar Dinas Alasarum Desa Bungkulan, Kec. Sawan, Kab. Buleleng', 'tindah25@gmail.com', '083102900652', '3.92', '1. Menjadi panitia anggota sie penggalian dana dalam acara LCC Agama Hindu se-Bali (SK menyusul)\r\n2. Menjadi panitia anggota sie acara dalam acara Suksesi HMJ TI (SK menyusul)', 'Bidang 2', 'Bidang 4', 'Hobi Menari dan Menyanyi', 'Berani Menjalani Tantangan Diawal Untuk Mencapai Tujuan Diakhir', '-', 'SD Negeri 1 Julah', 2013, 'SMP Negeri 4 Tejakula', 2016, 'SMK Negeri 3 Singaraja', 2019, '1. Sedang mendaftar menjadi pengurus BEM FTK', 'Sudah Wawancara', '5ea6728a8acb0.jpg', '5ea6728a8acf3.pdf', 'Bidang 2'),
('1915051022', 'Ni Luh Putu Tesdyana Kelin', 'Kelin', '2', 'Pendidikan Teknik Informatika', 'Perempuan', 'Hindu', 'Jl. P. Samosir VI/7 Penarukan', 'Jl. P. Samosir VI/7 Penarukan', 'tesdyanakelin2001@gmailcom', '085964228627', '3.6', '-Panitia Suksesi HMJ TI, Anggota sie Kerohanian', 'Bidang 2', 'Bidang 3', '-Olahraga\r\n-Nonton Drama Korea', 'Suatu hal yang dikerjakan dengan senang hati, tentu hasilnya memuaskan', '-', 'SD N 1 Banyuasri', 2013, 'SMP N 3 Singaraja', 2016, 'SMK N 3 Singaraja', 2019, '-Pengurus UKM Paduan Suara BSG 2020/2021, Sekretaris Bidang Humas', 'Sudah Wawancara', '5ea8e78f82045.jpg', '5ea8e78f82084.pdf', 'Bidang 3'),
('1915051025', 'Komang Jepri Kusuma Jaya', 'Jepri', '2', 'Pendidikan Teknik Informatika', 'Laki-Laki', 'Hindu', 'Banjar Dinas Bululada, Desa Selat, Kabupaten Buleleng, Bali', 'Banjar Dinas Bululada, Desa Selat, Kabupaten Buleleng, Bali', 'jeprikusuma11@gmail.com', '081337178506', '3.72', 'Sie Pengda GGCT Catur, Sie Sekret HUT KMHD 27', 'Bidang 5', 'Bidang 1', 'bermain gitar, game', 'Plan for Victory, Learn for Defeated', '', 'SD 5 Selat', 2013, 'SMP Ayodhya Pura', 2016, 'SMK Negeri 3 Singaraja', 2019, 'UKM catur, POKJA FTK', 'Sudah Wawancara', '5ea59165b4c91.jpg', '5ea59165b4cce.pdf', 'Bidang 5'),
('1915051027', 'I Gusti Nyoman Anton Surya Diputra', 'Anton', '2', 'Pendidikan Teknik Informatika', 'Laki-Laki', 'Hindu', 'Banjar Dinas Pumahan Desa Gitgit', 'Banjar Dinas Pumahan Desa Gitgit', 'antonagung22@gmail.com', '085656349944', '3.82', 'Panitia Pergelaran Akhir Tahun BEM FTK 2019, Panitia Dies Natalis BEM FTK 2019, Panitia Suksesi HMJ TI 2020', 'Bidang 5', 'Bidang 1', 'Musik, Broadcasting, Desain, Menulis, Teater, Game', 'Pergi karena tugas, Pulang karena beras :)', '', 'SD Negeri 1 Gitgit', 2013, 'SMP Negeri 1 Sukasada', 2016, 'SMK Negeri 3 Singaraja', 2019, 'HMJ TI', 'Sudah Wawancara', '5ea96b3ef13f7.png', '5ea96b3ef143d.pdf', 'Bidang 5'),
('1915051030', 'I Made Dius Wahyu Aditya', 'Dius', '2', 'Pendidikan Teknik Informatika', 'Laki-Laki', 'Hindu', 'Jungutan, Bebandem, Karangasem', 'Jl. Ratna no.5', 'dius@undiksha.ac.id', '081237833261', '3.64', 'Tidak ada', 'Bidang 4', 'Bidang 1', 'Game', 'Hidup itu  tentang tepat dan pas', 'Tidak ada', 'SD N 3 Sibetan', 2013, 'SMP N 1 Bebandem ', 2016, 'SMA N 1 Bebandem', 2019, 'Belum  ada', 'Sudah Wawancara', '5ead4c95013d9.jpg', '5ead4c9501430.pdf', 'Bidang 4'),
('1915051033', 'Ni Komang Sri Widyastuti', 'Sri', '2', 'Pendidikan Teknik Informatika', 'Perempuan', 'Hindu', 'Banjar Kawanan, Desa Menyali, Kecamatan Sawan, Kabupaten Buleleng', 'Banjar Kawanan, Desa Menyali, Kecamatan Sawan, Kabupaten Buleleng', 'komangwiidyas@gmail.com', '085739533769', '3.53', 'Kepanitiaan Musyawarah Anggota UKM Mapala Loka Samgraha UNDIKSHA', 'Bidang 4', 'Bidang 3', 'Berkemah, kegiatan alam terbuka', 'Jalani hidup seperti kamu akan mati besok.', 'Vertigo', 'SDS Alam Mutiara', 2012, 'SMPN 4 Cibinong', 2015, 'SMKN 1 Sawan', 2019, 'UKM Mapala Loka Samgraha', 'Sudah Wawancara', '5ea90cba9d9c6.jpg', '5ea90cba9da10.pdf', 'Bidang 3'),
('1915051037', 'Ni Luh Puja Sasmita', 'puja', '2', 'Pendidikan Teknik Informatika', 'Perempuan', 'Hindu', 'Aspol Kloofkamp D.166 Jayapura', 'Jalan Pantai Kerobokan no.9', 'pujsasmita0400@gmail.com', '082238138871', '3.36', 'Anggota Sie sekret suksesi HMJ TI 2020', 'Bidang 4', 'Bidang 3', 'Renang,Membaca buku,novel', 'Ketika kamu sedang bermalas-malasan ,ribuan pesaingmu sedang sibuk belajar mati-matian', 'Tidak ada', 'SDN 020 Kalimantan Timur', 2013, 'SMPN 1 Jayapura', 2016, 'SMAN 4 Jayapura', 2019, 'Oprec Kepengurusan BEM FTK', 'Sudah Wawancara', '5eaace8e9fd7a.jpg', '5eaace8e9fdb8.pdf', 'Bidang 4'),
('1915051040', 'Ni Made Gitarani Dewi', 'Gitarani', '2', 'Pendidikan Teknik Informatika', 'Perempuan', 'Hindu', 'Br. Jadi Pisah, Desa Banjar Anyar, Tabanan, Bali', 'Jl. Bisma no 26, Singaraja, Bali', 'gitaranidewi1@gmail.com', '085736013882', '3.34', 'Ikut kepanitiaan PAT sebagai anggota sie konsumsi', 'Bidang 3', 'Bidang 4', 'Main Bulu Tangkis', 'Disiplin adalah jembatan antara tujuan dan pencapaian', '', 'SD NO 8 BANJAR ANYAR', 2013, 'SMPN 1 TABANAN', 2016, 'SMAN 1 KEDIRI', 2019, 'Organisasi yang sedang didaftar yaitu OPREC PENGURUS BEM FTK', 'Sudah Wawancara', '5ead2b543dc32.jpg', '5ead2b543dc70.pdf', 'Belum Ada'),
('1915051043', 'Ni Made Pyari Shinta Puspa Dewi', 'Shinta', '2', 'Pendidikan Teknik Informatika', 'Perempuan', 'Hindu', 'Jalan Batuyang Gang Pipit VIII No.8 Batubulan', 'Gang Setra Alit Br. Dinas Kelodan', 'sintapuspa2016@gmail.com', '085738600637', '3.28', 'Angoota OSIS SMP NEGERI 3 SUKAWATI\r\nSekretaris Sie Pertolongan Pertama Ulang Tahun Fakultas Teknik dan Kejuruan(TWEAK)', 'Bidang 2', 'Bidang 3', 'Menari dan jalan-jalan', 'Hidup seperti roda yang berputar kadang diatas kadang dibawah', 'Tidak ada', 'SD NEGERI 2 BATUBULAN', 2013, 'SMP NEGERI 3 SUKAWATI', 2016, 'SMA NEGERI 1 SUKAWATI', 2019, 'Tidak ada', 'Sudah Wawancara', '5eaaf38badec8.jpg', '5eaaf38badf07.pdf', 'Bidang 2'),
('1915051045', 'I Komang Bayu Krisnayana', 'Mang Bayu', '2', 'Pendidikan Teknik Informatika', 'Laki-Laki', 'Hindu', 'br.abuan, susut, bangli', 'jln dewi sartika,gang nuri,kos drupadi', 'bayuajoes321@gmail.com', '085792352806', '3.32', 'koordinator sie keamanan di HUT seka truna truni ', 'Bidang 5', 'Bidang 2', 'Olahraga ', 'Tetap bekerja keras walaupun di dalam cobaan yang berat', 'tidak ada', 'SD N 1 SEMARAPURA KANGIN', 2013, 'SMP N 2 SEMARAPURA', 2016, 'SMK N 1 BANGLI', 2019, 'tidak ada', 'Sudah Wawancara', '5eacd482c0780.jpg', '5eacd482c07bd.pdf', 'Bidang 5'),
('1915051052', 'I Ketut Yudi Premana Giri', 'Bungsu', '2', 'Pendidikan Teknik Informatika', 'Laki-Laki', 'Hindu', 'br. caniga, desa dukuh, kecl. kubu, kab. karangasem, prov. bali', 'gg. kelapa, jl. srikandi, sambangan', 'yudi.premana@undiksha.ac.id', '082236022419', '3.41', 'Ikut berpartisipasi dalam kepanitiaan PAT 2019', 'Bidang 5', 'Bidang 5', 'Kegiatan Outdoor, gaming', 'My Life Is My Karma', '-', 'SD N 1 DUKUH', 2013, 'SMP N 1 KUBU', 2016, 'SMA N 1 KUBU', 2019, 'HMJ TI', 'Sudah Wawancara', '5ea684612bbe1.jpg', '5ea684612bc25.pdf', 'Bidang 5'),
('1915051054', 'Daniar Istianatul Wafiah', 'Daniar', '2', 'Pendidikan Teknik Informatika', 'Perempuan', 'Islam', 'Ds.Banyubiru,Kec.Negara,Kab.Jembrana', 'Jln.Pahlawan gang 5 no.10', 'dannifiah@gmail.com', '085967248600', '3.51', 'Kepanitiaan taaruf al hikmah', 'Bidang 3', 'Bidang 4', '1. Badminton\r\n2. Panahan', 'Nakal Boleh, Bobog Jangan!', '', 'Sd N 4 Banyubiru', 2013, 'MtsN Negara', 2016, 'MAN Negara', 2019, 'Pengurus UKM panahan Undiksha', 'Sudah Wawancara', '5eabd51cb8502.jpg', '5eabd51cb853f.pdf', 'Bidang 3'),
('1915051057', 'Ni Putu Gita Oktayani', 'Gita', '2', 'Pendidikan Teknik Informatika', 'Perempuan', 'Hindu', 'Banjar Pegatepan,Desa Gelgel,Klungkung', 'Jalan Bisma Barat No.3 Singaraja', 'gitaoktayani@gmail.com', '085976440637', '3.68', 'Kepanitiaan yang pernah saya ikuti yaitu Panitia Sie Humas kegiatan PAT FTK 2019,\r\nPanitia Sie Humas Fakultas kegiatan DIES NATALIS UNDIKSHA 2020,\r\nPanitia Sie Humas kegiatan SUKSESI HMJ TI masa bakti 2019/2020', 'Bidang 4', 'Bidang 3', 'Membaca Novel, Menonton film', 'Lakukan  selagi ada Kesempatan', '', 'SD Negeri 1 Gelgel', 2013, 'SMP Negeri 1 Semarapura', 2016, 'SMK TI Bali Global Klungkung', 2019, 'BEM Fakultas Teknik dan Kejuruan UNDIKSHA', 'Sudah Wawancara', '5ea90ac0161a9.jpg', '5ea90ac0161e6.pdf', 'Bidang 3'),
('1915051060', 'I Gusti Ayu Komang Tri Sukma Laksmi Dewi', 'Tri Sukma', '2', 'Pendidikan Teknik Informatika', 'Perempuan', 'Hindu', 'Dusun Juwukmanis, Desa Alasangker, Kecamatan/Kabupaten Buleleng, Provinsi Bali', 'Dusun Juwukmanis, Desa Alasangker, Kecamatan/Kabupaten Buleleng, Provinsi Bali', 'trisukmalaksmi@gmail.com', '085951407987', '3.41', 'Pokja FTK, Panitia Suksesi HMJ TI 2020', 'Bidang 2', 'Bidang 4', 'Berenang, Membaca buku, Menonton Film', 'Dia yang tahu, tidak bicara. Dia yang bicara, tidak tahu', 'Pernah menderita Demam Berdarah', 'SD Negeri 3 Alasangker', 2013, 'SMP Negeri 7 Singaraja', 2016, 'SMK Negeri 3 Singaraja', 2019, 'BEM FTK, Pokja FTK', 'Sudah Wawancara', '5eabd6f4595cc.jpg', '5eabd6f45961b.pdf', 'Belum Ada'),
('1915051073', 'Ketut Nova Wirya Dinata', 'Nova', '2', 'Pendidikan Teknik Informatika', 'Laki-Laki', 'Hindu', 'Jalan Pahlawan Gang XI Nomor 97 Singaraja', 'Jalan Pahlawan Gang XI Nomor 97 Singaraja', 'nova.wirya@undiksha.ac.id', '082237653029', '3.51', '', 'Bidang 5', 'Bidang 2', 'menggambar atau mendesin baik digital ataupun non digital', 'berubah disaat sadar akan keadaan, semua hal tidak akan terjadi tanpa seseorang menghendakinya terjadi', '', 'SD Negeri 1 Banjar Jawa', 2013, 'SMP Negeri 6 Singaraja', 2016, 'SMA Negeri 4 Singaraja', 2019, 'sama sekali belum mengikuti organisasi', 'Sudah Wawancara', '5eac1d7a562c3.png', '5eac1d7a56307.pdf', 'Bidang 5'),
('1915051074', 'Laela Maulida Fitrianisa', 'Laela', '2', 'Pendidikan Teknik Informatika', 'Perempuan', 'Islam', 'Mataram, Nusa Tenggara Barat', 'SKIP utara', 'laelamaulida30@gmail.com', '081917668699', '3.63', 'Pernah menjadi panitia dalam acara yang diadakan oleh Al-Hikmah dan Menjadi Pengurus dalam UKM Panahan', 'Bidang 4', 'Bidang 3', 'Olahraga (Terutama Renang dan Bulutangkis), Membaca Novel dan Nonton.', 'Won''t ever change, unless it''s for batter ', '', 'SDN 26 Mataram', 2013, 'SMPN 1 Mataram', 2016, 'MAN 2 Mataram', 2019, 'UKM Panahan', 'Sudah Wawancara', '5ea9107a59a26.png', '5ea9107a59a6a.pdf', 'Bidang 4'),
('1915051080', 'Vina Velina', 'Vina', '2', 'Pendidikan Teknik Informatika', 'Perempuan', 'Hindu', 'Jalan Hasanudin', 'Jalan Hasanudin', 'vinavelina.id13@gmail.com', '081805783010', '3.55', 'Anggota SATGAS 1617\r\nPengurus OSIS ,koorbid 1\r\nMengikuti kepanitiaan HUT Sekolah\r\nMengikuti kepanitiaan PAT', 'Bidang 4', 'Bidang 3', 'berolahraga.', 'Selalu bersyukur dengan apa yang dimiliki saat ini.', '', 'SD N 4 KALIUNTU', 2013, 'SMP N 1 SINGARAJA', 2016, 'SMA N 1 SINGARAJA', 2019, 'UKM PKIM\r\nHMJ TI', 'Sudah Wawancara', '5ea83e36657ac.jpeg', '5ea83e36657fe.pdf', 'Bidang 4'),
('1915051081', 'Ni Kadek Diah Purwaningrum', 'Diah', '2', 'Pendidikan Teknik Informatika', 'Perempuan', 'Hindu', 'Desa Nongan, Kecamatan Rendang, Kabupaten Karangasem ', 'jln. Yudistira Utara, Singaraja ', 'diahpwr29@gmail.com', '087759235344', '3.27', '1. Pernah megikuti kepanitiaan saat Tweak#4 (sie Acara) \r\n2. Pernah megikuti kepanitiaan saat Dies Natalis (Official Bulutangkis)', 'Bidang 2', 'Bidang 3', 'Bulutangkis ', 'Siapa pun bisa jadi apa pun. ', '', 'SD N 6 Nongan ', 2013, 'SMP N 2 Rendang ', 2016, 'SMA 1 N Semarapura ', 2019, '1. UKM Bulutangkis \r\n2. HMJ TI Undiksha ', 'Sudah Wawancara', '5eabd22975521.png', '5eabd22975564.pdf', 'Bidang 2'),
('1915051086', 'Ni Kadek Dwi Juniantari', 'Dwi', '2', 'Pendidikan Teknik Informatika', 'Perempuan', 'Hindu', 'Bangli,Tembuku,Jehem', 'Jl. Bangau', 'dwi.juniantari@undiksha.ac.id', '085792291354', '3.48', 'berpatisipasi dalam kepanitian tweak #4 fakultas teknik dan kejuruan', 'Bidang 4', 'Bidang 2', 'Mendengarkan musik', 'Berusaha dan Berdoa', 'tidak ada', 'SD Negeri 6 Jehem', 2013, 'SMP Negeri 1 Tembuku', 2016, 'SMA Negeri 2 Bangli', 2019, 'panitia hmj ti 2020 ', 'Sudah Wawancara', '5eab976de848d.jpg', '5eab976de84cc.pdf', 'Belum Ada'),
('1915051088', 'I Komang Marjaya Adi Surya', 'Adi Surya', '2', 'Pendidikan Teknik Informatika', 'Laki-Laki', 'Hindu', 'Br. Dinas Darmawinangun, desa Tianyar, Kec. Kubu, Kab. Karangasem', 'Jalan pulau Timor, Gg Tekukur no 2, Banyuning Barat, Buleleng', 'marjaya@undiksha.ac.id', '083114657666', '3.48', 'Wakil Ketua PKS SMANSAKUBU, ambalan Soekarno-Fatmawati SMANSAKUBU, Sekretaris ST Padma Kencana Manik', 'Bidang 5', 'Bidang 2', 'Futsal dan Fotorgrafi', 'Selalu ada harapan untuk mereka yang belum menyerah', '-', 'SD N 6 Tianyar', 2013, 'SMP N 2 Kubu', 2016, 'SMA N 1 Kubu', 2019, 'HMJ TI, KMHD', 'Sudah Wawancara', '5eacc223c601e.jpeg', '5eacc223c605c.pdf', 'Belum Ada'),
('1915091001', 'Komang Eva Puspita Dewi', 'Eva', '2', 'Sistem Informasi', 'Perempuan', 'Hindu', 'Desa Sudaji,Buleleng,Bali', 'Jalan Pulau Obi Gang Bima, Banyuning, Buleleng,Bali', 'evapuspita789@gmail.com', '081717310443', '3.61', 'Pengalam organisasi saya selama mengenyam pendidikan di Undiksha \r\n1. Saya pernah menjadi anggota sie perlengkapan pada kegiatan PAT 2019\r\n2. Saya pernah ikut kepanitiian Fakultas menjadi anggota sie Gerak Jalan Putri pada DIES 2020 sekaligus menjadi peserta Gerak Jalan putri\r\n3. Saya pernah menjadi anggota sie kerohanian pada kegiatan Wisata Religi 2020\r\n4. Saya pernah menjadi Sekretaris sie Humas pada kegiatan Pelantikan Pandega 2019 yang diadakan oleh UKM Pramuka Undiksha \r\n5. Saya pernah menjadi Sekretaris sie Perekap Nilai pada kegiatan Lomba Cerdas Tangkas Sejawa timur,bali dan lombok yang diadakan oleh UKM Pramuka Undiksha \r\n6. Saya pernah menjadi anggota sie kesekretariatan pada kegiatan Musyawarah Racana 2020 yang dilaksanakan oleh UKM Pramuka Undiksha \r\n7. Saya sedang ikut kepanitiian Duta Genre 2020 sebagai anggota sie kesekretariatan\r\n8. Saya ikut kepengurusan pokja 2020 sebagai Anggota Bidang4\r\n9. Saya pernah mengikuti kejuaraan Futsal Putri yang diselenggarakan oleh Jurusan Teknik Informatika dan mendapatkan juara 1. ', 'Bidang 3', 'Bidang 4', 'Bersepeda, Berenang', 'Bertindak Sekarang Tanpa Menunda-nunda', '', 'SD N.6 Banyuning', 2013, 'SMP Negeri 5 Singaraja ', 2016, 'SMA Negeri 3 Singaraja ', 2019, '1. Anggota UKM Racana Jelantik-Jempiring Undiksha \r\n2. Anggota Bidang 4 Pokja FTK\r\n3. Kepengurusan BEM FTK (Baru Daftar)', 'Sudah Wawancara', '5eace6e5e26c2.jpg', '5eace6e5e2704.pdf', 'Belum Ada'),
('1915091002', 'Ni Komang Anggri Anggreni', 'Anggri', '2', 'Sistem Informasi', 'Perempuan', 'Hindu', 'Br. Dinas Pasek, Desa Tajun, kec. Kubutambahan, Kab. Buleleng', 'Jln. P.Menjangan, Banyuning', 'anggrianggreni08@gmail.com', '087761759186', '3.35', 'Panitia PAT 2019 (Sie sekret), Panitia Wisata Religi HMJ TI (Sie Sekret), Panitian Suksesi HMJ TI(Sie Sekret).', 'Bidang 2', 'Bidang 4', 'Nonton, membaca, dan menari', 'Kesuksesan tidak akan bertahan lama, jika dicapai dengan jalan pintas', '', 'SD N 5 Sembiran', 2013, 'SMP N 3 Kubutambahan', 2016, 'SMA N 4 Singaraja', 2019, 'Kepengurusan HMJ TI', 'Sudah Wawancara', '5eaa46b92c612.jpg', '5eaa46b92c653.pdf', 'Bidang 1'),
('1915091003', 'Ni Putu Eka Fridayanti', 'Eka', '2', 'Sistem Informasi', 'Perempuan', 'Hindu', 'JL.GN Andakasa Gg Srikaya II', 'JL. Bisma Utara No.9xx', 'eka.fridayanti@undiksha.ac.id', '087855463750', '3.62', '1. Pernah mengikuti kepanitian di lingkungan HMJ TI Undiksha sebagai panitia Suksesi\r\n2. Pernah mengikuti kepanitian di lingkungan FTK Undiksha sebagai panitia PAT\r\n3. Pernah mengikuti kepanitian di lingkungan HMJ TI Undiksha sebagai panitia Dies Natalis FTK \r\n', 'Bidang 3', 'Bidang 5', 'Bulutangkis, Mengambil foto', 'Don''t try to be perfect, Just Try To Be Better', 'tidak ada', 'SD Negeri 9 Padangsambian', 2013, 'SMP Negeri 4 Denpasar', 2016, 'SMA Negeri 7 Denpasar', 2019, 'Organisasi yang sedang di daftar HMJ TI Undiksha', 'Sudah Wawancara', '5eab71af26b28.jpg', '5eab71af26b6d.pdf', 'Bidang 3'),
('1915091006', 'Komang Yudi Utama', 'Yudik', '2', 'Sistem Informasi', 'Laki-Laki', 'Hindu', 'Banjar Pasar, Desa Anturan', 'Banjar Labak, Desa Anturan', 'komangyudiutama@gmail.com', '0895329255152', '3.49', 'Kepanitaan Pagelaran Akhir Tahun (PAT) dan Kepanitian Acara Suksesi HMJ TI 2020', 'Bidang 1', 'Bidang 5', 'Futsal, Mendengarkan Musik .', 'Sebaik baiknya orang adalah orang yang bermanfaat untuk orang lain.', '-', 'SD NEGERI 3 ANTURAN', 2013, 'SMP NEGERI 2 SINGARAJA', 2016, 'SMK NEGERI 3 SINGARAJA', 2019, 'Kepengurusan HMJ TI 2020/2021', 'Sudah Wawancara', '5eaadd5a4e1d3.jpg', '5eaadd5a4e211.pdf', 'Bidang 1'),
('1915091008', 'I Gede Anggie Suardika Arpin', 'Arpin', '2', 'Sistem Informasi', 'Laki-Laki', 'Hindu', 'Br. Tegal, Ds.Kubutambahan, Buleleng, Bali.', 'Br. Tegal, Ds.Kubutambahan, Buleleng, Bali.', 'anggie.suardika@undiksha.ac.id', '082237256677', '3.63', 'Sie Pengarah SUKSESI HMJ TI 2020\r\nSie Keroh Wisata Religi HMJ TI 2020', 'Bidang 5', 'Bidang 5', 'Berenang, Game', 'Bukan Orang pintar, tapi dapat diandalkan.', 'Amandel', 'SDN 1 Kubutambahan', 2013, 'SMPN 2 Sawan', 2016, 'SMAN 3 Singaraja', 2019, 'yang sedang didaftar: HMJ TI\r\n', 'Sudah Wawancara', '5ea5622196e5f.png', '5ea5622196ea4.pdf', 'Bidang 5'),
('1915091009', 'Nyoman Agus Suparsana', 'Agus', '2', 'Sistem Informasi', 'Laki-Laki', 'Hindu', 'Jalan Pahlawan GG IX no. 7 Singaraja', 'Jalan Laksamana no.10 Singaraja', 'suparsana182@gmail.com', '081236741022', '3.51', 'Mengikuti organisasi pramuka ambalan di SMA, mengikuti kepanitiaan pelaksanaan pelantikan bantara, Menjadi Anggota Dewan Saka Bakti Husada buleleng di Dinas Kesehatan', 'Bidang 2', 'Bidang 4', 'E-Sport game, Editing video, pendataan', 'Jika tidak dikerjakan sekarang akan menumpuk kemudian', '', 'SD N 3 BANJAR JAWA', 2013, 'SMP N 2 SINGARAJA', 2016, 'SMA N 2 SINGARAJA', 2019, 'MERSI dan UKM Karate', 'Sudah Wawancara', '5eabb6bcc3494.jpg', '5eabb6bcc34d7.pdf', 'Belum Ada');
INSERT INTO `eors_user_pend` (`nim`, `nama_leng`, `nama_pang`, `semester`, `prodi`, `jk`, `agama`, `alamat_as`, `alamat_sk`, `email`, `wa`, `ipk`, `peng_org`, `pil_wajib`, `pil_ops`, `hobi`, `motto`, `penyakit`, `nama_sd`, `thn_sd`, `nama_smp`, `thn_smp`, `nama_sma`, `thn_sma`, `lainnya`, `keterangan`, `up_foto`, `up_doc`, `keputusan_diterima`) VALUES
('1915091011', 'Ni Putu Ari Wahyuni', 'Ari', '2', 'Sistem Informasi', 'Perempuan', 'Hindu', 'Banjar Subamia Dencarik, Desa Subamia, Kecamatan Tabanan, Kabupaten Tabanan-Bali', 'Jalan Srikandi, gang Apel no 3, SIngaraja-Bali', 'ariiwahyunii99@gmail.com', '087861817854', '3.44', 'Kepanitiaan PAT FTK \r\nKepanitiaan DIES\r\nKepanitiaan Wisata Religi \r\nKepanitiaan Suksesi HMJ ', 'Bidang 2', 'Bidang 3', 'Tari Bali\r\n', 'Pengalaman adalah guru yang terbaik', 'maag ', 'SD N 1 Subamia', 2013, 'SMP N 2 Tabanan', 2016, 'SMA N 1 Kediri', 2019, 'Pengurus UKM Paduan Suara "Bahana Suara Ganesha"', 'Sudah Wawancara', '5eac22c8b7b85.jpg', '5eac22c8b7bc3.pdf', 'Belum Ada'),
('1915091012', 'Ni Kadek Dwita Sri Wahyuni', 'Dwita', '2', 'Sistem Informasi', 'Perempuan', 'Hindu', 'Br.Gegaran, Desa Baha, Kec.Mengwi, Kab.Badung, Provunsi Bali', 'Jln.Sriamertha, Bhaktiseraga', 'dwitasri123@gmail.com', '081238758402', '3.55', '1. Kepengurusan Seka Truna Truni (Bendahara 2)\r\n2. Panitia PAT FTK Undiksha\r\n3. Panitia Dies Natalis FTK Undiksha\r\n4. Panitia HUT KMHD YBV Undiksha\r\n5. Panitia Wisata Religi Jurusan Teknik Informatika', 'Bidang 2', 'Bidang 4', 'Olahraga\r\nMenari\r\nNonton Film', 'Be Yourself, Keep Trying adn Always be Grateful', 'Tidak ada riwayat penyakit', 'SD N 1 BAHA', 2013, 'SMP N 1 MENGWI', 2016, 'SMA N 1 MENGWI', 2019, '1. Daftar sebagai pengurus HMJ Teknik Informatika Undiksha', 'Sudah Wawancara', '5ea7e73b7f7e4.jpg', '5ea7e73b7f835.pdf', 'Bidang 1'),
('1915091014', 'Komang Pramayasa', 'Mang Pram', '2', 'Sistem Informasi', 'Laki-Laki', 'Hindu', 'Jalan Kebo Iwa Utara III A, Denpasar Barat', 'Jalan Rajawali, Kaliuntu, Singaraja', 'pramayasa544@gmail.com', '083114682628', '3.69', 'Sie Pertolongan Pertama PAT 2019 \r\nSie Humas Musyawarah Kerja XII UKM KSR-PMI Unit Undiksha\r\nDivisi Kesehatan Dies Natalis 27 Undiksha', 'Bidang 3', 'Bidang 4', 'Nonton Film, Denger Musik', 'Hidup Terlalu Singkat Untuk Tidak Melakukan Apapun', 'Paru-Paru Basah', 'SD N 8 Padangsambian', 2013, 'SMP N 5 Denpasar', 2016, 'SMK N 1 Denpasar', 2019, 'UKM KSR-PMI Unit Undiksha', 'Sudah Wawancara', '5eb13bbb05b86.png', '5eb13bbb05bcc.pdf', 'Bidang 3'),
('1915091016', 'DANIEL SIHITE', 'DAN', '2', 'Sistem Informasi', 'Laki-Laki', 'Kristen Protestan', 'JL.TEMPUA GG.KELUARGA NO.83 MEDAN', 'JL.BISMA GG.DAHLIA NO.1', 'sihitedaniel710@gmail.com', '081396381842', '3.1', 'OSIS di SMK, menjadi panitia dalam BIMTEK (Bimbingan Teknologi).', 'Bidang 2', 'Bidang 3', 'Bermain gitar.', 'Jalani hidup ini dengan penuh rasa syukur.', 'TIDAK ADA', 'SDN064018', 2013, 'SMP BRIGJEND KATAMSO', 2016, 'SMKS BRIGJEND KATAMSO', 2019, 'Paduan suara Gita Sandya Choir.', 'Sudah Wawancara', '5ea930089a1ca.jpeg', '5ea930089a20f.pdf', 'Bidang 2'),
('1915091018', 'Christopher Fernando Cias', 'Nando', '2', 'Sistem Informasi', 'Laki-Laki', 'Kristen Katolik', 'Jalan Skarda''N Perumahan Graha Batara Kencana no.12, Makassar', 'Jalan Ratna no.5', 'christfcias@gmail.com', '082195678900', '3.43', 'Saat SMP saya mengikuti OSIS dan saat SMA saya bergabung dengan Event Organizer.', 'Bidang 4', 'Bidang 2', 'Hobi sayaialah bermain basket, menggambar, membaca novel dan membaca komik.', 'Kasihilah sesamamu sebagaimana Allah mengasihimu.', 'Bronkitis dan Infeksi paru-paru.', 'SD Katolik Santo Aloysius, Makassar', 2013, 'SMP Katolik Rajawali, Makassar', 2016, 'SMA Katolik Cenderawasih', 2019, 'Saya mengikuti MERSI SIFORS untuk saat ini.', 'Sudah Wawancara', '5eaacf6b76fbe.jpg', '5eaacf6b77003.pdf', 'Bidang 4'),
('1915091019', 'Ni Putu Yura Regita Cahyani', 'Yura', '2', 'Sistem Informasi', 'Perempuan', 'Hindu', 'Banjar Dinas Pegayaman, Desa Temukus, Kecamatan Banjar, Kabupaten Buleleng', 'Banjar Dinas Pegayaman, Desa Temukus, Kecamatan Banjar, Kabupaten Buleleng', 'yuraregitha17@gmail.com', '081805550160', '3.44', '1. Panitia Pagelaran Akhir Tahun FTK (Sie Penggalian Dana)\r\n2. Panitia Wisata Religi HMJ TI (Sie PP dan Kesekretariatan)\r\n3. Panitia Dies Natalis FTK (Sie Humas)\r\n4. Panitia Suksesi HMJ TI (Sie Humas dan PP)\r\n5. Panitia Duta Genre Undiksha (Sie Official Duta)', 'Bidang 3', 'Bidang 2', 'Hobby\r\n1. Menari Bali\r\n2. Menyanyi', 'Be your self first!', 'Tidak ada', 'SD Negeri 1 Temukus', 2013, 'SMP Negeri 1 Seririt', 2016, 'SMK Negeri Bali Mandara', 2019, 'Pengurus UKM Paduan Suara Bahana Suara Ganesha', 'Sudah Wawancara', '5eac2224dd1cd.jpg', '5eac2224dd210.pdf', 'Bidang 3'),
('1915091020', 'Sang Putu Yoga Pramana', 'Sangtu', '2', 'Sistem Informasi', 'Laki-Laki', 'Hindu', 'Jalan Raya Sempidi, Perum. Griya Wahyu Indah, Blok B No.3', 'Jalan Laksamana, Gang Dewi Sita', 'yogapramana8@gmail.com', '089654704843', '3.46', '- PAT (Sie Pengda)\r\n- HUT KMHD (Sie PP)\r\n- LCCAH KMHD (Sie PP)\r\n- Suksesi HMJ TI (Sie Keamanan)', 'Bidang 3', 'Bidang 2', 'Games, Menyelesaikan Teka-teki, Mencoba hal baru', 'Yakin aja dulu, Hasilnya belakangan', 'Tidak ada', 'SD N 24 Pemecutan', 2013, 'SMP N 10 Denpasar', 2016, 'SMK N 1 Denpasar', 2019, '- HMJ TI', 'Sudah Wawancara', '5eac0adb6f089.png', '5eac0adb6f0d4.pdf', 'Bidang 1'),
('1915091021', 'I Putu Rizky Andika', 'Rizky', '2', 'Sistem Informasi', 'Laki-Laki', 'Hindu', 'Jl. G. verbek No 5. Wasuponda, Kab. Luwu timur, Sulawesi selatan', 'Jl. Pulau Timor Gg. tekukur No 7 Banyuning, Kab. Buleleng, Bali', 'iputurizkyandika@gmail.com', '082293816129', '3.00', '-', 'Bidang 2', 'Bidang 3', 'olahraga', 'Lakukan yang terbaik', '-', 'SD YPS Lawewu', 2013, 'SMP YPS Singkole', 2016, 'SMA YPS Soroako', 2019, 'HMJ TI', 'Sudah Wawancara', '5eacd3886b29b.jpg', '5eacd3886b2e1.pdf', 'Belum Ada'),
('1915091023', 'REGINA TATANG', 'REGINA', '2', 'Sistem Informasi', 'Perempuan', 'Kristen Protestan', 'JALAN. RAWA PAPAN RT 12/06 NO 30 BINTARO JAKARTA SELATAN', 'JALAN. MAWAR NO 9 KALIUNTU', 'tatangregina@gmail.com', '081385612212', '3.019', 'Panitia Sie PP di PAT Fakultas Teknik dan Kejuruan 2019', 'Bidang 4', 'Bidang 3', 'Travelling', 'Jangan mau kalah sama keadaan', '', 'SD NEGERI BINTARO 04 ', 2012, 'SMP STRADA BHAKTI UTAMA', 2015, 'SMA NEGERI 87 JAKARTA', 2018, 'HMJ Teknik informatika', 'Sudah Wawancara', '5ea93a37b15eb.jpg', '5ea93a37b1630.pdf', 'Bidang 4'),
('1915091025', 'I Made Kerisna Laksana', 'Kerisna', '2', 'Sistem Informasi', 'Laki-Laki', 'Hindu', 'Desa Kubu, Karangasem', 'Jln. Srikandi, Sambangan, Buleleng', 'kerisna@undisha.ac.id', '087855460388', '3.05', 'Sukse Hmj Ti 2020', 'Bidang 3', 'Bidang 5', 'Membaca', 'Jalani hari ini, untuk persiapan esok hari.', 'Asma', 'Sd N 1 Kubu', 2013, 'Smp N 1 Kubu', 2016, 'Sma N 1 Kubu', 2019, 'Hmj Ti Undiksha', 'Sudah Wawancara', '5eb40e200e779.jpg', '5eb40e200e7bd.pdf', 'Belum Ada'),
('1915091028', 'Desak Komang Mila Arsini', 'Mila', '2', 'Sistem Informasi', 'Perempuan', 'Hindu', 'Penarukan', 'Jln. Samratulangi gg. Merak Penarukan-Singaraja-Bali ', 'milaarsini23@gmail.com', '081529950208', '3.26', 'Kepanitiaan UKM Musik, Panitia Suksesi HMJ TI ', 'Bidang 3', 'Bidang 5', 'Nyanyi, baca, nulis ', 'Ingat sekarang, lakukan sekarang', '-', 'SD 3 Penarukan', 2013, 'SMPN 1 Singaraja', 2016, 'SMAN 1 Singaraja', 2019, 'UKM Musik', 'Sudah Wawancara', '5eacf0a005e19.jpg', '5eacf0a005e5e.pdf', 'Bidang 3'),
('1915091029', 'Ni Putu Regita Pringgandani Prakasa Putri', 'Regita', '2', 'Sistem Informasi', 'Perempuan', 'Hindu', 'Jl. Srikandi, Gg. Teleng, Singaraja, Bali', 'Jl. Srikandi, Gg. Teleng, Singaraja, Bali', 'regita@undiksha.ac.id', '081937110422', '3.38', '-', 'Bidang 2', 'Bidang 5', 'Mendengarkan lagu, membaca', 'Lakukan yang terbaik', '-', 'SDN 3 Sambangan', 2013, 'SMPN 1 Singaraja', 2016, 'SMAN 1 Singaraja', 2019, '-', 'Sudah Wawancara', '5eb3f61d46528.jpg', '5eb3f61d4656d.pdf', 'Belum Ada'),
('1915091031', 'NI MADE MIRAH PRADNYA PRAMESTI', 'MIRAH', '2', 'Sistem Informasi', 'Perempuan', 'Hindu', 'JALAN SIULAN GANG MATAHRI IVA/9 DENPASAR TIMUR', 'JALAN SUDIRMAN GANG II NO 6', 'mirah.pradnya@undiksha.ac.id', '085239051110', '3.5', 'SIE PUBDOK KMHD YBV HARI RAYA SARASWATI\r\nSIE PENGARAH SUKSESI HMJ TEKNIK INFORMATIKA', 'Bidang 5', 'Bidang 5', 'MASAK, EDITING VIDEO, DESAIN', 'SEMASIH MAMPU JALANIN AJA', 'ASAM LAMBUNG', 'SD NO 5 TONJA', 2013, 'SMP NEGERI 12 DENPASAR', 2016, 'SMK NEGERI 1 DENPASAR', 2019, 'HMJ TEKNIK INFORMATIKA', 'Sudah Wawancara', '5ea9591a2e2da.jpg', '5ea9591a2e317.pdf', 'Bidang 5'),
('1915091035', 'I NYOMAN ADITYA TRIGUNA', 'Mang adit', '2', 'Sistem Informasi', 'Laki-Laki', 'Hindu', 'Jln.Nusa Indah Raya no.81 (Negara)', 'Jln.Srikandi Gang.Mangga no.11A (Singaraja)', 'inyomanaditya1774@gmail.com', '081953715520', '3.11', 'Panitia GGCT (UKM CATUR)\r\nPanitia LCC-AH (KMHD)\r\nPanitia PAT (FTK)\r\nPanitia SUKSESI (HMJ TI)', 'Bidang 2', 'Bidang 4', 'Mendesain baju dan berbisnis', 'Sukses dengan umur muda', 'Asma', 'SDN 5 BLAER BALE AGUNG', 2013, 'SMPN 1 NEGARA', 2016, 'SMAN 1 NEGARA', 2019, 'HMH TI', 'Sudah Wawancara', '5ead0f282055a.jpg', '5ead0f2820598.pdf', 'Bidang 4'),
('1915091036', 'MADE DWI ARTHAJAYA', 'DEDEK JAYA', '2', 'Sistem Informasi', 'Laki-Laki', 'Hindu', 'JALAN LAKSAMANA GANG SRI RAMA NO 70, BHAKTISERAGA, SINGARAJA, BULELENG', 'JALAN LAKSAMANA GANG SRI RAMA NO 70, BHAKTISERAGA, SINGARAJA, BULELENG', 'dedekjaya1207@gmail.com', '082340869968', '3.58', 'pernah ikut serta dalam kepanitian kegiatan PAT. Sebelumnya pernah ikut membantu kegiatan integer karena sering diajak kating, tetapi karena masih semster 1, oleh karena itu tidak mendapat piagam meskipun ikut aktif dalam membantu sie perlengkapan saat itu. Dan juga saat dies sering membantu sie pubdekdok FTK tetapi karena saya fokus menjadi kontingen, saya memilih tidak ikut kepanitiaan dies pada saat itu. ', 'Bidang 2', 'Bidang 4', 'bersosial, bermain game, futsal, masak, bertukar pikiran, editing video', 'aku belajar dari yang sudah ada diatas, bercermin dari yang ada di depan, dan mengerti dari yang ada di belakang.', 'TIDAK ADA', 'SD Negeri 1 Banjar Jawa', 2013, 'SMP Negeri 2 Singaraja', 2016, 'SMA Negeri 1 Singaraja', 2019, 'HMJ TI', 'Sudah Wawancara', '5eaa85e72b58f.jpg', '5eaa85e72b5ce.pdf', 'Bidang 4'),
('1915091038', 'Ida Ayu Made Dyah Kusuma Dewi', 'Dyah', '2', 'Sistem Informasi', 'Perempuan', 'Hindu', 'Dusun Triwangsa Budakeling, Bebandem, Karangasem, ', 'Dusun Triwangsa Budakeling, Bebandem, Karangasem, ', 'geckyah@gmail.com', '081338588909', '3.48', 'Ikut kepanitiaan Ganesha Grand Chess Tournament(GGCT).', 'Bidang 2', 'Bidang 4', 'Bermain Catur, Renang.', 'Jalani Saja', '-', 'SDN 1 Budakeling', 2013, 'SMP N 2 Amlapura', 2016, 'SMA N 1 Amlapura', 2019, 'UKM Catur.', 'Sudah Wawancara', '5eaaf5ed6d738.jpg', '5eaaf5ed6d786.pdf', 'Belum Ada'),
('1915091040', 'I Made Dwi Ananta Yoga ', 'Dwik/ Bogor', '2', 'Sistem Informasi', 'Laki-Laki', 'Hindu', 'Jl. Ngurah rai 154 jembrana. Bali', 'Perumahan griya asri pertiwi blok b3 no16 cibinong,bogor', 'dwiyoga731@gmail.com', '081212856961', '3.4', 'Karang taruna, panitia PAT, panitia Suksesi', 'Bidang 2', 'Bidang 4', 'Sepak bola,futsal,voli,berenang, lari, bersepeda, main game, bulutangkis', 'Percaya pada diri sendiri ', '', 'Sdn cirimekar 02', 2013, 'Smpn 1 cibinong ', 2016, 'Sman 4 cibinong ', 2019, 'Karang taruna ', 'Sudah Wawancara', '5eaac9f3eb7f0.jpg', '5eaac9f3eb834.pdf', 'Bidang 2'),
('1915091042', 'Gede Wahyu Wastuguna', 'Wahyu', '2', 'Sistem Informasi', 'Laki-Laki', 'Hindu', 'Jalan Srikandi Gang Mangga no 02 Baktiseraga', 'Jalan Srikandi Gang Mangga no 02 Baktiseraga', 'gedewahyuwastuguna19@gmail.com', '081907179062', '3.54', '1. anggota osis sma n 4 singaraja ( 2 periode)\r\n2. panitia Tweak BEM FTK\r\n3. panitia Suksesi hmj TI', 'Bidang 2', 'Bidang 4', 'Futsal , Lari , dan bermain ke alam', 'hanya dirimu sendiri yang tahu apa yang akan terjadi selanjutnya', '-', 'SD LAB UNDIKSHA', 2013, 'SMPN 1 SINGARAJA', 2016, 'SMAN 4 SINGARAJA', 2019, '-', 'Sudah Wawancara', '5ea4eb5cc8f6b.jpg', '5ea4eb5cc8fa8.pdf', 'Bidang 4'),
('1915091043', 'gede agus wira k.r', 'wira', '2', 'Sistem Informasi', 'Laki-Laki', 'Hindu', 'jln.semampir barat perumahan pondok tanjung permai 1b/18', 'jln. nusa indah no.20', 'ga.wira82@gmail.com', '081230796613', '3.04', 'pernah menjadi panitia superteen saat ada seminar,saya bertugas di bagian keamanan', 'Bidang 2', 'Bidang 3', 'bermain basket dan menggambar', 'believe in yourself', '', 'sdn kertajaya ', 2013, 'smp negeri 17 surabaya ', 2016, 'sma trimurti surabaya', 2019, 'bidang 2 sub bidang olahraga dan bidang 3 sub bidang suka duka', 'Sudah Wawancara', '5eaad49b70e38.jpeg', '5eabffd1a3376.pdf', 'Belum Ada'),
('1915091045', 'I Nyoman Triarta', 'Triarta', '2', 'Sistem Informasi', 'Laki-Laki', 'Hindu', 'Banjar Tatag, Desa Manukaya, Kec. Tampaksiring, Kab. Gianyar', 'Jalan Gempol, Gang Walet Merah No. 13', 'triarta.art@gmail.com', '085967153944', '3.54', 'Pengalaman organisasi yang pernah saya ikuti adalah:1. Panitia dalam kegiatan UKM Catur yaitu dalam acara GGCT, dalam kegiatan ini saya ikut serta menjadi panitia, yaitu menjadi anggota SIE Perlengkapan.2. Panitia dalam Serangkaian Pagelaran Akhir Tahun (PAT) Fakultas Teknik dan Kejuruan, dalam kegiatan ini saya ikut serta menjadi panitia, yaitu menjadi anggota SIE  Pubdekdok3. Panitia dalam Suksesi HMJ Teknik Informatika masa bakti 2019/2020, dalam kegiatan suksesi HMJ Teknik Informatika ini saya ikut serta menjadi panitia, yaitu menjadi anggota SIE Perlengkapan ', 'Bidang 4', 'Bidang 5', 'Bermain Gitar, Streaming Youtube, Travelling, Ngoding', 'Jangan takut gagal dan terus mencoba hal baru', '', 'SD NEGERI 1 MANUKAYA', 2013, 'SMP NEGERI 1 TAMPAKSIRING', 2016, 'SMK NEGERI 1 TAMPAKSIRING', 2019, 'UKM Catur Undiksha', 'Sudah Wawancara', '5eab8991d02e3.png', '5eabff9f58b74.pdf', 'Bidang 5'),
('1915091050', 'Kadek Dwi Utama', 'Dwi Utama', '2', 'Sistem Informasi', 'Laki-Laki', 'Hindu', 'Kec. Buleleng kel. Kaliuntun, Parkit 14', 'Kec. Buleleng kel. Kaliuntun, Parkit 14', 'dwiutama530@gmail.com', '087774190297', '3.2', '', 'Bidang 2', 'Bidang 3', 'Sepakbola, futsal, dan Olahraga', 'Tekad kuad dan pantang menyerah', '', 'SD negeri 4 Berabaran', 2013, 'Smpn negeri 3 Kediri', 2016, 'Smk Negeri 1 Tabanan', 2019, 'Mendaftar HMJ TI', 'Sudah Wawancara', '5eac187f5e853.png', '5eac187f5e89a.pdf', 'Bidang 2'),
('1915091055', 'Yehuda Bezaleel Widiapratama', 'Yehuda', '2', 'Sistem Informasi', 'Laki-Laki', 'Kristen Protestan', 'Livia Garden, Batam, Kepri', 'Jl.teleng No. 19a', 'mrbezaleel12@gmail.com', '089606440409', '3.10', '', 'Bidang 1', 'Bidang 4', 'Musik, dan olahraga.', 'Menjadi kebanggan keluarga.', 'TBC', 'SD Charitas Batam', 2013, 'SMP Charitas Batam', 2016, 'SMA Negeri 4 Singaraja', 2019, 'Osis SMP dan SMA.', 'Sudah Wawancara', '5eafeedfc10ae.jpeg', '5eafeedfc10fd.pdf', 'Bidang 1'),
('1915101001', 'Jhonespry Elia Brayen Meliala', 'Brayen meliala', '2', 'Ilmu Komputer', 'Laki-Laki', 'Kristen Protestan', 'Payung,Sumatera utara', 'Singaraja,jalan Bisma ', 'jonesmilala87@gmail.com', '082340185297', '3.34', 'Pokja ftk', 'Bidang 2', 'Bidang 5', 'Music,konten kreator', 'Selalu melakukan hal yang lebih  baik  dari kemarin', '', 'SDN 1 payung ', 2013, 'SMPN 1 payung ', 2016, 'Smk n 1 kabanjahe', 2019, 'Pokja ftk', 'Sudah Wawancara', '5eb2300ddfebe.jpg', '5eb2300ddff00.pdf', 'Belum Ada'),
('1915101007', 'Ketut Gede Subiksa', 'Subiksa', '2', 'Ilmu Komputer', 'Laki-Laki', 'Hindu', 'Lingkungan Sangket , Kecamatan Sukasada', 'Lingkungan Sangket , Kecamatan Sukasada', 'subiksaketutgede2000@gmail.com', '081917021065', '3.72', 'Sie Pubdok P2M Prodi Ilmu Komputer, Sie Keamanan P2M Prodi Ilmu Komputer', 'Bidang 5', 'Bidang 2', 'Edit Video, Main Gitar, Berenang', 'Selalu Berusaha Menjadi Yang Terbaik', 'Tidak Ada', 'SD Negeri 4 Sukasada', 2013, 'SMP Negeri 1 Sukasada', 2016, 'SMK Negeri 3 Singaraja', 2019, 'Tidak Ada', 'Sudah Wawancara', '5ea540d84e4fd.jpg', '5ea540d84e546.pdf', 'Bidang 2'),
('1915101010', 'Nurqomariah Azzahra', 'Zahra', '2', 'Ilmu Komputer', 'Perempuan', 'Islam', 'Palama Donggo Bima-NTB', 'Jlan Bisma Barat No. 30', 'zahrabima98@gmail.com', '085333850298', '3.44', 'Osis, Paskibra, Pramuka, Tahfidz Weekend', 'Bidang 4', 'Bidang 3', 'Membaca Bukus Cerita', 'Jalani dan Syukuri', 'Tidak Ada', 'Mis Palama', 2013, 'SMPN 6 Dongoo', 2016, 'SMKN 3 Kota Bima', 2019, 'Pokja', 'Sudah Wawancara', '5eb21b83f23b1.jpg', '5eb21b83f23fa.pdf', 'Bidang 3'),
('1915101011', 'Gusti Ayu Gita Mulya Sari', 'Gita', '2', 'Ilmu Komputer', 'Perempuan', 'Hindu', 'Jalan Sudirman No.38, Seririt, Singaraja, Bali', 'Jalan Cempaka No.15, Seririrt, Singaraja, Bali', 'Gitamulya2@gmail.com', '089686339866', '3.9', '', 'Bidang 5', 'Bidang 2', 'Bulutangkis, Membaca, Nonton', 'Everything Happens For A Reason, so just keep going and trust your self.', 'Maag', 'SD Negeri 1 Seririt', 2013, 'SMP Negeri 1 Seririt', 2016, 'SMA Negeri 1 Singaraja', 2019, 'hmj ti undiksha', 'Sudah Wawancara', '5eaa4724b8a96.jpg', '5eaa4724b8ad4.pdf', 'Bidang 5'),
('1915101014', 'Putu Gede Wisma Yoga', 'Wisma / Gode', '2', 'Ilmu Komputer', 'Laki-Laki', 'Hindu', 'Banjar Dinas Unusan, Desa Gobleg, Kecamatan Banjar, Kabupaten Buleleng', 'Gang Asem No.16, Baktiserage, Kecamatan Buleleng', 'wismayogatkj@gmail.com', '082146930640', '3.7', 'Pernah ikut kepanitiaan fakultas', 'Bidang 5', '', 'Main game, main gitar, memasak, berkebun', 'berbuat baik pasti akan menghasilkan sesuatu yang baik juga', 'saya pernah sakit tipes', 'SD N 6 Gobleg', 2013, 'SMP N 2 Banjar', 2016, 'SMK N 3 Singaraja', 2019, 'Tidak ada', 'Sudah Wawancara', '5eabb6b698f9b.jpg', '5eabb6b698fe2.pdf', 'Bidang 5'),
('1915101021', 'Ilyas Hidayat Rusdy', 'Ilyas', '2', 'Ilmu Komputer', 'Laki-Laki', 'Islam', 'Jl. Madrasah Raya RT 005 RW 001 No. 61C, Kalideres, Jakarta Barat, Jakarta', 'Jl. Sahadewa No. 17, Buleleng', 'saylihidayatrusdy@gmail.com', '085883415570', '3.63', '', 'Bidang 5', 'Bidang 1', 'Baca Buku Novel', 'Lakukan apa yang perlu dilakukan. Jika tidak, jangan lakukan', '', 'Sekolah Dasar Negeri 03 Pg Kalideres', 2012, 'Sekolah Menengah Pertama 204 Pegadungan', 2015, 'SMA Negeri 95 Jakarta', 2018, 'Himpunan Mahasiswa Jurusan (HMJ)', 'Sudah Wawancara', '5ea5124b26bcd.jpg', '5ea5124b26c0b.pdf', 'Bidang 1'),
('1915101023', 'IGN.Anggara Surya Dharma', 'Angga', '2', 'Ilmu Komputer', 'Laki-Laki', 'Islam', 'Ds Plangitan RT 1 RW 2 Kec Pati Kab Pati Jateng', 'Jalan Sahadewa No 7Ab Singaraja', 'anggarasurya014@gmail.com', '087732168551', '3.19', 'PMR, Dewan Ambalan, Panitia Pelantikan Pandega, Panitia SE Al-Hikmah ', 'Bidang 4', 'Bidang 5', 'Bermain Game, Mengedit Video', 'Belajarlah Dari Kesalahan', '', 'SD Negeri Pati Kidul 03', 2013, 'SMP Negeri 2 Pati', 2016, 'SMA Negeri 3 Pati', 2019, 'UKM Pramuka', 'Sudah Wawancara', '5eac06efc975d.jpg', '5eac06efc97a2.pdf', 'Belum Ada'),
('1915101033', 'Kadek Utari Darma Putri', 'Utari', '2', 'Ilmu Komputer', 'Perempuan', 'Hindu', 'Br. kembang merta, desa candikuning, kec baturiti, kab tabanan', 'Jln srikandi, gang lecy no 3', 'Utaridp145@gmail.com', '085739637185', '3.41', '-', 'Bidang 2', 'Bidang 2', 'Olahraga basket, karate, bola tangan\r\nBermain musik\r\nMenulis/membaca cerita fiksi', 'Semua manusia memiliki keistimewaannya masing-masing', '-', 'SDN 3 CANDIKUNING', 2013, 'SMPN 2 SUKASADA', 2016, 'SMAN 2 SINGARAJA', 2019, 'HMJ TI', 'Sudah Wawancara', '5eaa5973ad45a.jpg', '5eaa5973ad49d.pdf', 'Bidang 2'),
('1915101051', 'Ni Luh Putu Yuliawati', 'Iluh', '2', 'Ilmu Komputer', 'Perempuan', 'Hindu', 'Jalan Serma Anom, Lingkungan Ampel, Karangasem', 'Jalan Arjuna, No 2x', 'pyuliawati309@gmail.com', '081558793685', '3.19', 'Panitia Dies Natalis, Panitia HUT KMHD', 'Bidang 2', 'Bidang 4', 'Menari', 'Kesombongan adalah awal dari Kejahatan', '', 'SD N 1 Karangasem', 2013, 'SMP N 1 Amlapura', 2016, 'SMK N 1 Abang', 2019, 'Panitia BEM FTK, Panitia HMJ', 'Sudah Wawancara', '5eacd2e5c480e.jpeg', '5eacd2e5c4859.pdf', 'Belum Ada'),
('1915101053', 'Ketut Edi Narendra', 'Edi', '2', 'Ilmu Komputer', 'Laki-Laki', 'Hindu', 'Lingkungan kebon sari gang 4 nomor 25a', 'Lingkungan kebon sari gang 4 nomor 25a', 'ediaput200@yahoo.com', '089671577111', '3.6', 'UKM dan kepanitiaan FTK', 'Bidang 5', 'Bidang 2', 'Futsal, Main Game, Bersosialisasi', 'Jangan biarkan pikiran kacau', '', 'SDN 2 Kampung Baeu', 2013, 'SMP N 3 Singaraja', 2016, 'SMKN 3 Singaraja', 2019, 'UKM Catur', 'Sudah Wawancara', '5eb416e88b399.png', '5eb416e88b3da.pdf', 'Belum Ada'),
('1915101054', 'Kd Ari Awatara Virsa Meitriyanti', 'Virsa', '2', 'Ilmu Komputer', 'Perempuan', 'Hindu', 'Jln. Srikandi Gg. Durian Blok A/C2 Sambangan', 'Jln. Srikandi Gg. Durian Blok A/C2 Sambangan', 'ariawataravirsa@gmail.com', '081237615908', '3.41', 'Pengalaman Kepanitiaan :\r\n- Panitia DIES NATALIS Fakultas\r\n- Panitia MAA (Music Against Aids XII) UKM Musik\r\n- Panitia GGCT (Ganesha Grand Chess Tournament) UKM Catur\r\n- Panitia HUT ke 24 KMHD YBV Undiksha ', 'Bidang 2', 'Bidang 5', 'Mendengarkan musik ', 'Be as yourself as you want', 'Tidak Ada ', 'Sd No 1 Banjar Tegal', 2013, 'SMP Negeri 6 Singaraja', 2016, 'SMK Negeri 3 Singaraja', 2019, 'Organisasi Yang diikuti :\r\n- UKM Musik \r\n- UKM Catur', 'Sudah Wawancara', '5eabf402205fa.jpeg', '5eabf40220640.pdf', 'Belum Ada'),
('1915101055', 'Luh Putu Ayu Chandra Dewi', 'Chandra/Acha', '2', 'Ilmu Komputer', 'Perempuan', 'Hindu', 'Jalan Gajah Mada, Gang 4,Kelurahan Kendran', 'Jalan Gajah Mada, Gang 4,Kelurahan Kendran', 'ayuchandradewi240@gmail.com', '089605195030', '3.41', '- Panitia Ganesha Art Festival (UKM Kesda)\r\n- Panitia Suksesi UKM Kesda \r\n- Panitia HUT XXIV KMHD YBV Undiksha ', 'Bidang 2', '', 'Menari/Modern dance\r\nKarate\r\nBersepeda', 'Kesabaran adalah sumber kekuatan', '', 'SD Negeri 1 Paket Agung', 2013, 'SMP Negeri 6 Singaraja', 2016, 'SMK Negeri 3 Singaraja', 2019, 'BEM FTK Undiksha', 'Sudah Wawancara', '5eb37a6a6fe7d.jpg', '5eb37a6a6fec1.pdf', 'Belum Ada'),
('1915101057', 'I KETUT ADI WIRATAMA', 'ADI', '2', 'Ilmu Komputer', 'Laki-Laki', 'Hindu', 'KARANGASEM BUGBUG', 'JALAN PULAU BALI GG 1D BLOK B NO1', 'adiwiratamayuser16@gmail.com', '085829066700', '3.51', 'pengalaman organisasi yang pernah saya ikuti adalah Pagelaran Akhir Tahun  (PAT), yang diadakan oleh Fakultas Teknik dan Kejuruan', 'Bidang 4', 'Bidang 2', 'SD tahun 2007 dan lulus tahun 2013, SMP tahun 2013 dan lulus tahun 2016, SMK tahun 2016 lulus 2019  ', 'kejarlah terus mimpimu tetap semangat, dan keluarlah dari zona nyaman', '', 'SD N 7 KAMPUNG BARU', 2013, 'SMP N 2 SINGARAJA', 2016, 'SMK N 3 SINGARAJA', 2019, 'orgamisasi yang sedang saya daftar yaitu Himpunan Mahasiswa Jurusan( HMJ )', 'Sudah Wawancara', '5ea83f1e8b475.jpg', '5ea83f1e8b4bd.pdf', 'Belum Ada');

-- --------------------------------------------------------

--
-- Table structure for table `eors_wawancara`
--

CREATE TABLE IF NOT EXISTS `eors_wawancara` (
  `id_wawancara` int(11) NOT NULL AUTO_INCREMENT,
  `user_id` varchar(60) DEFAULT NULL,
  `nim` varchar(12) DEFAULT NULL,
  `tema_1` float DEFAULT NULL,
  `tema_2` float DEFAULT NULL,
  `tema_3` float DEFAULT NULL,
  `tema_4` float DEFAULT NULL,
  `total` varchar(5) DEFAULT NULL,
  `ket_lulus` varchar(25) DEFAULT NULL,
  PRIMARY KEY (`id_wawancara`),
  KEY `nim` (`nim`),
  KEY `user_id` (`user_id`)
) ENGINE=InnoDB  DEFAULT CHARSET=utf8mb4 AUTO_INCREMENT=657 ;

--
-- Dumping data for table `eors_wawancara`
--

INSERT INTO `eors_wawancara` (`id_wawancara`, `user_id`, `nim`, `tema_1`, `tema_2`, `tema_3`, `tema_4`, `total`, `ket_lulus`) VALUES
(10, '1815091002', '1915051027', 8, 7.4, 7.5, 10, '8.225', 'Direkomendasikan'),
(16, '1915051024', '1915051027', 7, 9, 9, 8, '8.25', 'Direkomendasikan'),
(18, '1815091002', '1805021005', 7.1, 7.4, 9.9, 6.9, '7.825', 'Direkomendasikan'),
(20, '1915051024', '1805021005', 6, 9, 9, 6, '7.5', 'Direkomendasikan'),
(25, '1815091002', '1915051017', 9, 9, 9.5, 10, '9.375', 'Direkomendasikan'),
(29, '1915051024', '1915051017', 8, 9, 9, 8, '8.5', 'Direkomendasikan'),
(30, '1815091002', '1815051055', 8.5, 8.5, 9, 7.4, '8.35', 'Direkomendasikan'),
(31, '1915051024', '1815051055', 8, 9, 9, 7, '8.25', 'Direkomendasikan'),
(34, '1815091002', '1915091006', 8.4, 8.2, 8, 10, '8.65', 'Direkomendasikan'),
(36, '1915051024', '1915091006', 8.5, 9, 8.7, 10, '9.05', 'Direkomendasikan'),
(37, '1815091002', '1815051091', 7.5, 7.9, 8, 10, '8.35', 'Direkomendasikan'),
(38, '1915051024', '1815051091', 7, 6.2, 7.3, 7, '6.875', 'Direkomendasikan'),
(41, '1815091002', '1915051025', 7.6, 6, 7, 7, '6.9', 'Direkomendasikan'),
(42, '1915051024', '1915051025', 7.8, 8.9, 9.2, 8, '8.475', 'Direkomendasikan'),
(44, '1815091002', '1815051047', 9, 7, 7, 6, '7.25', 'Direkomendasikan'),
(45, '1915051024', '1815051047', 8.5, 8.8, 9, 7, '8.325', 'Direkomendasikan'),
(46, '1815091002', '1915051030', 7, 6, 5, 2, '5', 'Opsional'),
(47, '1915051024', '1915051030', 7, 7.6, 7.2, 5, '6.7', 'Direkomendasikan'),
(49, '1815091002', '1815051059', 8.5, 7, 6, 6, '6.875', 'Direkomendasikan'),
(50, '1915051024', '1815051059', 6.8, 7.4, 7.2, 7, '7.1', 'Direkomendasikan'),
(51, '1815091002', '1915091055', 8, 7.5, 7, 6, '7.125', 'Direkomendasikan'),
(52, '1915051024', '1915091055', 8.2, 7.4, 7.8, 7, '7.6', 'Direkomendasikan'),
(53, '1815091002', '1815051098', 9.9, 10, 7, 10, '9.225', 'Direkomendasikan'),
(54, '1915051024', '1815051098', 9.4, 9, 9.2, 10, '9.4', 'Direkomendasikan'),
(55, '1815091002', '1815091021', 8.5, 8, 9, 7, '8.125', 'Direkomendasikan'),
(56, '1915051024', '1815091021', 7.6, 9.2, 8.8, 7, '8.15', 'Direkomendasikan'),
(57, '1815091002', '1815051035', 6, 6, 5, 5, '5.5', 'Opsional'),
(58, '1915051024', '1815051035', 8.4, 7.9, 8.2, 7, '7.875', 'Direkomendasikan'),
(59, '1815091002', '1805021021', 8.7, 9, 9, 8.3, '8.75', 'Direkomendasikan'),
(60, '1815051083', '1805021005', 9.1, 9.3, 9.4, 8.8, '9.15', 'Direkomendasikan'),
(61, '1815051083', '1805021021', 8.9, 9.2, 9.1, 8.9, '9.025', 'Direkomendasikan'),
(62, '1915051024', '1805021021', 8.5, 8.4, 7.8, 7, '7.925', 'Direkomendasikan'),
(63, '1815051083', '1815051035', 8.9, 8.9, 8.8, 8.8, '8.85', 'Direkomendasikan'),
(64, '1815091002', '1915101021', 8, 8, 8, 8, '8', 'Direkomendasikan'),
(65, '1915051024', '1915101021', 8, 7.8, 8.6, 7, '7.85', 'Direkomendasikan'),
(66, '1815051083', '1815051047', 8.6, 8.5, 8.6, 8.8, '8.625', 'Direkomendasikan'),
(67, '1815051083', '1815051055', 9.5, 9.5, 9.4, 8.9, '9.325', 'Direkomendasikan'),
(68, '1815051083', '1815051059', 7.8, 8, 8, 8.6, '8.1', 'Direkomendasikan'),
(69, '1815051083', '1815051091', 8.9, 8.5, 8.4, 9.2, '8.75', 'Direkomendasikan'),
(70, '1815051083', '1815051098', 9.2, 9.4, 9.3, 9, '9.225', 'Direkomendasikan'),
(71, '1815051083', '1815091021', 9, 9, 9.1, 8.8, '8.975', 'Direkomendasikan'),
(72, '1815051083', '1915051017', 8.3, 8.4, 8.3, 9, '8.5', 'Direkomendasikan'),
(73, '1815051083', '1915051025', 8.7, 8.6, 8.2, 9, '8.625', 'Direkomendasikan'),
(74, '1815051083', '1915051027', 8.5, 8.2, 8, 9.5, '8.55', 'Direkomendasikan'),
(75, '1815051083', '1915051030', 7, 8.3, 8, 2, '6.325', 'Direkomendasikan'),
(76, '1815051083', '1915091006', 9, 8.9, 9, 9.6, '9.125', 'Direkomendasikan'),
(77, '1815051083', '1915091055', 8.8, 8.3, 8, 8.8, '8.475', 'Direkomendasikan'),
(78, '1815051083', '1915101021', 8.7, 8.6, 8.8, 8.9, '8.75', 'Direkomendasikan'),
(79, 'Demisioner@KetuaHMJ', '1815051047', 8, 7.3, 7, 7, '7.325', 'Direkomendasikan'),
(80, 'Demisioner@KetuaHMJ', '1915051025', 6, 6, 6, 6, '6', 'Opsional'),
(81, 'Demisioner@KetuaHMJ', '1915051030', 6, 6, 6, 6, '6', 'Opsional'),
(82, 'Demisioner@KetuaHMJ', '1815051059', 7, 6, 7, 7, '6.75', 'Direkomendasikan'),
(83, 'Demisioner@KetuaHMJ', '1915091055', 6, 6, 6, 6, '6', 'Opsional'),
(84, 'Demisioner@KetuaHMJ', '1815051098', 8, 8, 8, 7, '7.75', 'Direkomendasikan'),
(85, 'Demisioner@KetuaHMJ', '1815091021', 8, 8, 8, 7, '7.75', 'Direkomendasikan'),
(86, 'Demisioner@KetuaHMJ', '1815051035', 7, 7, 7.5, 7, '7.125', 'Direkomendasikan'),
(87, 'Demisioner@KetuaHMJ', '1805021021', 8, 7, 7.8, 7, '7.45', 'Direkomendasikan'),
(88, 'Demisioner@KetuaHMJ', '1915101021', 7.5, 6, 6.5, 6, '6.5', 'Direkomendasikan'),
(89, 'Demisioner@KetuaHMJ', '1915051027', 8, 7.5, 8, 7, '7.625', 'Direkomendasikan'),
(90, 'Demisioner@KetuaHMJ', '1805021005', 8.5, 8.2, 7.8, 7, '7.875', 'Direkomendasikan'),
(91, 'Demisioner@KetuaHMJ', '1915051017', 7, 7.5, 7.8, 7.3, '7.4', 'Direkomendasikan'),
(92, 'Demisioner@KetuaHMJ', '1815051055', 8, 8, 8.5, 7, '7.875', 'Direkomendasikan'),
(93, 'Demisioner@KetuaHMJ', '1915091006', 7, 7, 7.5, 7, '7.125', 'Direkomendasikan'),
(94, 'Demisioner@KetuaHMJ', '1815051091', 6.5, 6, 5.5, 7, '6.25', 'Direkomendasikan'),
(95, '1815091002', '1915051060', 6, 5, 6, 7, '6', 'Opsional'),
(96, '1915051024', '1915051060', 7.4, 6.7, 7.2, 7, '7.075', 'Direkomendasikan'),
(97, 'Demisioner@KetuaHMJ', '1915051060', 6.6, 7, 7, 7, '6.9', 'Direkomendasikan'),
(98, 'Demisioner@Bidang2', '1915051060', 8, 7.5, 6, 7, '7.125', 'Direkomendasikan'),
(99, 'Demisioner@Bidang2', '1805021005', 6, 8, 7, 7, '7', 'Direkomendasikan'),
(100, '1815051052', '1805021005', 7.6, 7.8, 7.8, 8, '7.8', 'Direkomendasikan'),
(101, '1815091002', '1915091009', 9.9, 9.9, 10, 10, '9.95', 'Direkomendasikan'),
(102, '1915051024', '1915091009', 9.2, 8.8, 8.6, 8, '8.65', 'Direkomendasikan'),
(103, '1815051052', '1915091009', 7.4, 7.2, 7.5, 9, '7.775', 'Direkomendasikan'),
(104, 'Demisioner@Bidang2', '1915091009', 8.5, 8, 7.5, 7, '7.75', 'Direkomendasikan'),
(105, 'Demisioner@KetuaHMJ', '1915091009', 7.2, 7.8, 7.5, 7, '7.375', 'Direkomendasikan'),
(106, '1815091002', '1915091036', 8, 7.5, 7.1, 10, '8.15', 'Direkomendasikan'),
(107, '1815051052', '1915091036', 7.9, 7.9, 8, 10, '8.45', 'Direkomendasikan'),
(108, 'Demisioner@Bidang2', '1915091036', 8, 7, 8, 7, '7.5', 'Direkomendasikan'),
(109, '1915051024', '1915091036', 9.6, 9.2, 9.4, 8, '9.05', 'Direkomendasikan'),
(110, 'Demisioner@KetuaHMJ', '1915091036', 7.8, 7.8, 8, 7.5, '7.775', 'Direkomendasikan'),
(111, '1815051052', '1815051018', 8, 8, 8, 10, '8.5', 'Direkomendasikan'),
(112, '1815091002', '1815051018', 8.5, 8.5, 8.5, 9, '8.625', 'Direkomendasikan'),
(113, 'Demisioner@Bidang2', '1815051018', 8, 8, 8, 7, '7.75', 'Direkomendasikan'),
(114, '1915051024', '1815051018', 4.2, 4.8, 6.7, 8, '5.925', 'Opsional'),
(115, 'Demisioner@KetuaHMJ', '1815051018', 7.9, 7.9, 8, 8, '7.95', 'Direkomendasikan'),
(116, '1815091002', '1915101054', 8.7, 8, 8, 10, '8.675', 'Direkomendasikan'),
(117, '1915051024', '1915101054', 7.8, 8.6, 8, 8, '8.1', 'Direkomendasikan'),
(118, '1815051052', '1915101054', 7.7, 7.8, 8, 10, '8.375', 'Direkomendasikan'),
(119, 'Demisioner@Bidang2', '1915101054', 8, 7, 8.5, 10, '8.375', 'Direkomendasikan'),
(120, 'Demisioner@KetuaHMJ', '1915101054', 7.8, 8, 7.9, 7.5, '7.8', 'Direkomendasikan'),
(121, '1815051052', '1805021018', 7.3, 7.5, 7.7, 9, '7.875', 'Direkomendasikan'),
(122, '1815091002', '1805021018', 7, 6, 7, 8, '7', 'Direkomendasikan'),
(123, 'Demisioner@Bidang2', '1805021018', 7, 7, 7, 10, '7.75', 'Direkomendasikan'),
(124, '1915051024', '1805021018', 8, 8.5, 7.8, 7, '7.825', 'Direkomendasikan'),
(125, 'Demisioner@KetuaHMJ', '1805021018', 6.8, 7, 7, 7, '6.95', 'Direkomendasikan'),
(126, '1815051052', '1815091055', 7.9, 7.8, 8, 10, '8.425', 'Direkomendasikan'),
(127, '1815091002', '1815091055', 8.3, 8, 8.3, 10, '8.65', 'Direkomendasikan'),
(128, 'Demisioner@Bidang2', '1815091055', 7.3, 7.8, 7, 10, '8.025', 'Direkomendasikan'),
(129, 'Demisioner@KetuaHMJ', '1815091055', 8, 7.8, 7.5, 7, '7.575', 'Direkomendasikan'),
(130, '1915051024', '1815091055', 8.2, 7.6, 8, 8, '7.95', 'Direkomendasikan'),
(131, '1815091002', '1915051043', 9, 9, 8, 10, '9', 'Direkomendasikan'),
(132, '1815051052', '1915051043', 7.8, 7.5, 7.7, 10, '8.25', 'Direkomendasikan'),
(133, 'Demisioner@Bidang2', '1915051043', 8.5, 8.5, 8.5, 10, '8.875', 'Direkomendasikan'),
(134, '1915051024', '1915051043', 8.2, 9, 8.4, 8, '8.4', 'Direkomendasikan'),
(135, 'Demisioner@KetuaHMJ', '1915051043', 7, 6.8, 6, 7, '6.7', 'Direkomendasikan'),
(136, '1815091002', '1915091011', 9, 8.2, 8.7, 10, '8.975', 'Direkomendasikan'),
(137, '1915051024', '1915091011', 8.2, 8.5, 8.2, 10, '8.725', 'Direkomendasikan'),
(138, '1815051052', '1915091011', 7.8, 7.8, 8, 10, '8.4', 'Direkomendasikan'),
(139, 'Demisioner@Bidang2', '1915091011', 8.5, 7, 8, 10, '8.375', 'Direkomendasikan'),
(140, 'Demisioner@KetuaHMJ', '1915091011', 7.9, 7.9, 8, 8.5, '8.075', 'Direkomendasikan'),
(141, '1815091002', '1915101055', 9, 8, 8, 10, '8.75', 'Direkomendasikan'),
(142, '1915051024', '1915101055', 9, 7.8, 8.8, 10, '8.9', 'Direkomendasikan'),
(143, 'Demisioner@KetuaHMJ', '1915101055', 7.9, 8.5, 7.9, 8, '8.075', 'Direkomendasikan'),
(144, '1815051052', '1915101055', 8, 8, 8, 10, '8.5', 'Direkomendasikan'),
(145, 'Demisioner@Bidang2', '1915101055', 8, 8, 8, 10, '8.5', 'Direkomendasikan'),
(146, '1815091002', '1815051096', 8.5, 8.1, 8.1, 7.2, '7.975', 'Direkomendasikan'),
(147, 'Demisioner@Bidang2', '1815051096', 7.5, 8, 8, 8, '7.875', 'Direkomendasikan'),
(148, '1815051052', '1815051096', 8, 8.2, 8, 10, '8.55', 'Direkomendasikan'),
(149, 'Demisioner@KetuaHMJ', '1815051096', 7.9, 8.2, 8, 8, '8.025', 'Direkomendasikan'),
(150, '1915051024', '1815051096', 8, 8.4, 8.2, 9, '8.4', 'Direkomendasikan'),
(151, '1815091002', '1915101001', 7.5, 7.6, 7.7, 6, '7.2', 'Direkomendasikan'),
(152, 'Demisioner@Bidang2', '1915101001', 8, 7, 7, 7.5, '7.375', 'Direkomendasikan'),
(153, '1915051024', '1915101001', 7.8, 7.8, 8, 7, '7.65', 'Direkomendasikan'),
(154, '1815051052', '1815051047', 7.9, 8, 8.2, 9, '8.275', 'Direkomendasikan'),
(155, 'Demisioner@Bidang2', '1815051047', 7, 7, 8, 8, '7.5', 'Direkomendasikan'),
(156, '1815091002', '1815051013', 8, 7.9, 7.9, 6, '7.45', 'Direkomendasikan'),
(157, '1815051052', '1815051013', 8, 8, 8.2, 9, '8.3', 'Direkomendasikan'),
(158, '1915051024', '1815051013', 8.2, 8.6, 8.9, 6.6, '8.075', 'Direkomendasikan'),
(159, 'Demisioner@Bidang2', '1815051013', 8, 8, 8, 8, '8', 'Direkomendasikan'),
(160, 'Demisioner@KetuaHMJ', '1815051013', 8, 7.9, 8, 7.8, '7.925', 'Direkomendasikan'),
(161, '1815091002', '1915051081', 8.5, 8.5, 8.7, 7, '8.175', 'Direkomendasikan'),
(162, '1815051052', '1915051081', 8, 8, 8.2, 10, '8.55', 'Direkomendasikan'),
(163, 'Demisioner@Bidang2', '1915051081', 8, 8, 7.5, 10, '8.375', 'Direkomendasikan'),
(164, 'Demisioner@KetuaHMJ', '1915051081', 8, 7.9, 8, 7, '7.725', 'Direkomendasikan'),
(165, '1915051024', '1915051081', 7, 6.8, 7.6, 8, '7.35', 'Direkomendasikan'),
(166, '1815051052', '1915101011', 7.7, 7.8, 7.5, 9, '8', 'Direkomendasikan'),
(167, '1815091002', '1915101011', 8.6, 8.6, 8.8, 10, '9', 'Direkomendasikan'),
(168, 'Demisioner@Bidang2', '1915101011', 8, 7.5, 8, 10, '8.375', 'Direkomendasikan'),
(169, '1915051024', '1915101011', 8.4, 8, 7.8, 8, '8.05', 'Direkomendasikan'),
(170, 'Demisioner@KetuaHMJ', '1915101011', 8, 7.8, 8, 7, '7.7', 'Direkomendasikan'),
(171, '1815091002', '1815051104', 10, 10, 10, 10, '10', 'Direkomendasikan'),
(172, '1815051052', '1815051104', 8, 8, 8, 10, '8.5', 'Direkomendasikan'),
(173, '1915051024', '1815051104', 8.2, 7.6, 8, 8, '7.95', 'Direkomendasikan'),
(174, 'Demisioner@Bidang2', '1815051104', 8, 8, 8, 10, '8.5', 'Direkomendasikan'),
(175, 'Demisioner@KetuaHMJ', '1815051104', 8, 8, 8, 8, '8', 'Direkomendasikan'),
(176, '1815051052', '1915091021', 7.4, 7.5, 7.9, 9, '7.95', 'Direkomendasikan'),
(177, '1915051024', '1915091021', 8, 7.4, 7.8, 7, '7.55', 'Direkomendasikan'),
(178, 'Demisioner@Bidang2', '1915091021', 7, 7, 7, 10, '7.75', 'Direkomendasikan'),
(179, 'Demisioner@KetuaHMJ', '1915091021', 7, 7.5, 7.3, 7, '7.2', 'Direkomendasikan'),
(180, '1815091002', '1915091021', 7, 8, 8, 7, '7.5', 'Direkomendasikan'),
(181, '1815091002', '1815091064', 9, 8.7, 8.8, 6, '8.125', 'Direkomendasikan'),
(182, '1815051052', '1815091064', 8, 7.8, 7.9, 8, '7.925', 'Direkomendasikan'),
(183, 'Demisioner@Bidang2', '1815091064', 8, 8, 8, 8, '8', 'Direkomendasikan'),
(184, '1915051024', '1815091064', 7, 7.2, 7.8, 6.6, '7.15', 'Direkomendasikan'),
(185, 'Demisioner@KetuaHMJ', '1815091064', 8, 8, 8, 6.5, '7.625', 'Direkomendasikan'),
(186, 'Demisioner@KetuaHMJ', '1815091046', 8, 8, 7.8, 7.8, '7.9', 'Direkomendasikan'),
(187, '1815091002', '1815091046', 8.7, 9, 8, 10, '8.925', 'Direkomendasikan'),
(188, '1815051052', '1815091046', 8, 8, 8, 9, '8.25', 'Direkomendasikan'),
(189, 'Demisioner@Bidang2', '1815091046', 7, 8, 8, 9, '8', 'Direkomendasikan'),
(190, '1915051024', '1815091046', 8.6, 8.6, 8.4, 8, '8.4', 'Direkomendasikan'),
(191, '1815091002', '1815051001', 9, 9, 8.7, 10, '9.175', 'Direkomendasikan'),
(192, '1815051052', '1815051001', 8, 8, 8, 9, '8.25', 'Direkomendasikan'),
(193, '1915051024', '1815051001', 9, 8.6, 8.7, 8, '8.575', 'Direkomendasikan'),
(194, 'Demisioner@Bidang2', '1815051001', 9, 8, 8, 10, '8.75', 'Direkomendasikan'),
(195, '1815051052', '1915051017', 7.6, 7.5, 7.9, 9, '8', 'Direkomendasikan'),
(196, '1815091002', '1915091012', 8.4, 8.5, 8, 10, '8.725', 'Direkomendasikan'),
(197, '1815051052', '1915091012', 7.9, 7.9, 7.8, 10, '8.4', 'Direkomendasikan'),
(198, '1915051024', '1915091012', 9.2, 8.2, 9.6, 10, '9.25', 'Direkomendasikan'),
(199, 'Demisioner@Bidang2', '1915051017', 7, 7, 7, 10, '7.75', 'Direkomendasikan'),
(200, 'Demisioner@Bidang2', '1915091012', 8, 8, 7.5, 10, '8.375', 'Direkomendasikan'),
(201, '1815051052', '1915051021', 8, 8, 8, 10, '8.5', 'Direkomendasikan'),
(202, '1815091002', '1915051021', 9, 7, 6.5, 10, '8.125', 'Direkomendasikan'),
(203, '1915051024', '1915051021', 8.4, 8.4, 8.2, 8, '8.25', 'Direkomendasikan'),
(204, 'Demisioner@Bidang2', '1915051021', 8, 8, 8, 10, '8.5', 'Direkomendasikan'),
(205, '1815091002', '1815091060', 8.2, 8.1, 8.3, 10, '8.65', 'Direkomendasikan'),
(206, 'Demisioner@Bidang2', '1815091060', 7.5, 7, 7, 10, '7.875', 'Direkomendasikan'),
(207, '1815051052', '1915051022', 7.8, 7.9, 7.9, 9, '8.15', 'Direkomendasikan'),
(208, '1815091002', '1915051022', 8.1, 8, 8, 10, '8.525', 'Direkomendasikan'),
(209, '1915051024', '1915051022', 8.4, 8.2, 8.5, 8, '8.275', 'Direkomendasikan'),
(210, 'Demisioner@Bidang2', '1915051022', 7.8, 7.8, 7.3, 10, '8.225', 'Direkomendasikan'),
(211, '1815051052', '1815051081', 7.8, 7.7, 7.8, 9, '8.075', 'Direkomendasikan'),
(212, '1815091002', '1815051081', 6, 6, 6.9, 9, '6.975', 'Direkomendasikan'),
(213, 'Demisioner@KetuaHMJ', '1915051021', 8, 7, 7.5, 7, '7.375', 'Direkomendasikan'),
(214, '1815091002', '1915051073', 9, 9, 9, 10, '9.25', 'Direkomendasikan'),
(215, '1815051052', '1915051073', 7.9, 7.9, 8, 9, '8.2', 'Direkomendasikan'),
(216, 'Demisioner@KetuaHMJ', '1815091060', 8, 8, 7.7, 7.4, '7.775', 'Direkomendasikan'),
(217, 'Demisioner@KetuaHMJ', '1915051022', 7.8, 8, 7, 7, '7.45', 'Direkomendasikan'),
(218, 'Demisioner@Bidang2', '1915051073', 7, 7, 7, 10, '7.75', 'Direkomendasikan'),
(219, '1915051024', '1915051073', 8.4, 8.6, 8.2, 8, '8.3', 'Direkomendasikan'),
(220, 'Demisioner@KetuaHMJ', '1815051081', 6.7, 7, 6, 7, '6.675', 'Direkomendasikan'),
(221, 'Demisioner@Bidang2', '1815051081', 7, 7, 7, 10, '7.75', 'Direkomendasikan'),
(222, '1915051024', '1815051081', 7.6, 8.2, 7.8, 8, '7.9', 'Direkomendasikan'),
(223, 'Demisioner@Bidang2', '1815091021', 8, 8, 8, 8, '8', 'Direkomendasikan'),
(224, '1815051052', '1815091021', 7.9, 8, 8, 9, '8.225', 'Direkomendasikan'),
(225, '1815091002', '1915101051', 8.2, 8.1, 8, 8.1, '8.1', 'Direkomendasikan'),
(226, '1815051052', '1915101051', 7.8, 8, 8, 10, '8.45', 'Direkomendasikan'),
(227, 'Demisioner@Bidang2', '1915101051', 8, 8, 8, 10, '8.5', 'Direkomendasikan'),
(228, '1915051024', '1915101051', 9, 9, 9.2, 7, '8.55', 'Direkomendasikan'),
(229, 'Demisioner@Bidang2', '1815091014', 7, 8, 8.5, 10, '8.375', 'Direkomendasikan'),
(230, '1815091002', '1815091014', 9, 9, 9, 9, '9', 'Direkomendasikan'),
(231, '1815051052', '1815091014', 8, 8.2, 8, 9, '8.3', 'Direkomendasikan'),
(232, '1915051024', '1815091014', 9, 8, 9, 8, '8.5', 'Direkomendasikan'),
(233, '1815091002', '1815091061', 8.5, 8.5, 8.5, 10, '8.875', 'Direkomendasikan'),
(234, '1815051052', '1815091061', 7.9, 8, 8, 9, '8.225', 'Direkomendasikan'),
(235, 'Demisioner@Bidang2', '1815091061', 8, 8, 8, 10, '8.5', 'Direkomendasikan'),
(236, '1915051024', '1815091061', 8.2, 8, 8.2, 10, '8.6', 'Direkomendasikan'),
(237, '1815091002', '1915091035', 8.2, 8.3, 8.4, 10, '8.725', 'Direkomendasikan'),
(238, '1815051052', '1915091035', 7.8, 7.8, 8, 9, '8.15', 'Direkomendasikan'),
(239, '1915051024', '1915091035', 8.4, 8.8, 9, 8, '8.55', 'Direkomendasikan'),
(240, 'Demisioner@Bidang2', '1915091035', 8, 7, 7.8, 10, '8.2', 'Direkomendasikan'),
(241, 'Demisioner@Bidang2', '1815091024', 8.5, 8, 9, 8, '8.375', 'Direkomendasikan'),
(242, '1815091002', '1815091024', 9.9, 9.5, 9.8, 7, '9.05', 'Direkomendasikan'),
(243, '1815051052', '1815091024', 8, 8, 8, 10, '8.5', 'Direkomendasikan'),
(244, '1915051024', '1815091024', 9, 8, 9, 7, '8.25', 'Direkomendasikan'),
(245, 'Demisioner@Bidang2', '1815091038', 7.8, 7.5, 8, 9, '8.075', 'Direkomendasikan'),
(246, '1815091002', '1815091038', 8.7, 8.9, 9, 10, '9.15', 'Direkomendasikan'),
(247, '1915051024', '1815091038', 9, 8.7, 8.8, 9, '8.875', 'Direkomendasikan'),
(248, '1815091002', '1915051086', 8, 8, 8, 10, '8.5', 'Direkomendasikan'),
(249, '1815051052', '1915051086', 7.8, 7.5, 7.7, 9, '8', 'Direkomendasikan'),
(250, 'Demisioner@Bidang2', '1915051086', 7, 7, 7, 10, '7.75', 'Direkomendasikan'),
(251, '1915051024', '1915051086', 7.2, 7.2, 6.8, 8, '7.3', 'Direkomendasikan'),
(252, '1815051052', '1915101033', 7.9, 8, 8, 10, '8.475', 'Direkomendasikan'),
(253, '1815091002', '1915101033', 8.7, 8.8, 9, 10, '9.125', 'Direkomendasikan'),
(254, 'Demisioner@Bidang2', '1915101033', 7.8, 7.8, 8, 10, '8.4', 'Direkomendasikan'),
(255, '1915051024', '1915101033', 9, 8.5, 8.6, 7, '8.275', 'Direkomendasikan'),
(256, '1815051052', '1915051003', 7.8, 7.7, 8, 10, '8.375', 'Direkomendasikan'),
(257, '1815091002', '1915051003', 8.1, 8.1, 8.1, 6.7, '7.75', 'Direkomendasikan'),
(258, '1915051024', '1915051003', 8.2, 8.5, 8.6, 8, '8.325', 'Direkomendasikan'),
(259, 'Demisioner@Bidang2', '1915051003', 8.8, 8, 8, 10, '8.7', 'Direkomendasikan'),
(260, '1815051052', '1915091042', 8, 8, 8, 10, '8.5', 'Direkomendasikan'),
(261, '1815091002', '1915091042', 8.5, 9, 9, 10, '9.125', 'Direkomendasikan'),
(262, 'Demisioner@Bidang2', '1915091042', 8, 8, 8, 10, '8.5', 'Direkomendasikan'),
(263, '1915051024', '1915091042', 9.6, 9.2, 9.4, 8, '9.05', 'Direkomendasikan'),
(264, '1815051052', '1915091038', 7.8, 7.9, 8, 9, '8.175', 'Direkomendasikan'),
(265, '1815091002', '1915091038', 8.2, 8.3, 8.4, 9, '8.475', 'Direkomendasikan'),
(266, '1915051024', '1915091038', 8.3, 8.7, 8.9, 10, '8.975', 'Direkomendasikan'),
(267, 'Demisioner@Bidang2', '1915091038', 7.5, 8.5, 7, 10, '8.25', 'Direkomendasikan'),
(268, '1815091002', '1915091016', 9.2, 9.3, 9.1, 9.5, '9.275', 'Direkomendasikan'),
(269, '1915051024', '1915091016', 9.5, 8, 8.4, 8, '8.475', 'Direkomendasikan'),
(270, '1815051052', '1915091016', 8, 8, 8, 9, '8.25', 'Direkomendasikan'),
(271, 'Demisioner@Bidang2', '1915091016', 7.5, 7.5, 7.5, 8.5, '7.75', 'Direkomendasikan'),
(272, 'Demisioner@Bidang2', '1915091019', 8, 7, 8, 10, '8.25', 'Direkomendasikan'),
(273, '1815091002', '1915091019', 9, 7, 7, 10, '8.25', 'Direkomendasikan'),
(274, '1915051024', '1915091019', 8.9, 9.2, 8.6, 10, '9.175', 'Direkomendasikan'),
(275, '1815051052', '1815051035', 8, 8, 8, 8, '8', 'Direkomendasikan'),
(276, '1815051052', '1815051002', 8, 8, 8, 9, '8.25', 'Direkomendasikan'),
(277, '1815091002', '1815051002', 8.5, 8.5, 8.5, 8.7, '8.55', 'Direkomendasikan'),
(278, 'Demisioner@Bidang2', '1815051002', 8, 8, 8, 9, '8.25', 'Direkomendasikan'),
(279, '1915051024', '1815051002', 8, 7.9, 7.8, 8, '7.925', 'Direkomendasikan'),
(280, 'Demisioner@Bidang2', '1815051035', 7.5, 7, 7, 7, '7.125', 'Direkomendasikan'),
(281, '1815051052', '1915051045', 7.7, 7.6, 7.5, 8, '7.7', 'Direkomendasikan'),
(282, '1815091002', '1915051045', 8.2, 8.2, 8.2, 10, '8.65', 'Direkomendasikan'),
(283, '1915051024', '1915051045', 7.6, 8.5, 8.4, 8, '8.125', 'Direkomendasikan'),
(284, 'Demisioner@Bidang2', '1915051045', 8, 7, 7, 10, '8', 'Direkomendasikan'),
(285, '1815051052', '1915091018', 7.7, 7.6, 7.8, 9, '8.025', 'Direkomendasikan'),
(286, '1815091002', '1915091018', 8.9, 8, 8.5, 10, '8.85', 'Direkomendasikan'),
(287, '1915051024', '1915091018', 7.8, 8.6, 8.8, 8, '8.3', 'Direkomendasikan'),
(288, 'Demisioner@Bidang2', '1915091018', 7.8, 7, 7, 10, '7.95', 'Direkomendasikan'),
(289, '1815091002', '1815091017', 8, 8, 7, 10, '8.25', 'Direkomendasikan'),
(290, '1915051024', '1815091017', 8, 8.4, 8, 8, '8.1', 'Direkomendasikan'),
(291, '1815051052', '1815091017', 7.8, 7.8, 7.5, 9, '8.025', 'Direkomendasikan'),
(292, 'Demisioner@Bidang2', '1815091017', 7.9, 7.5, 7.6, 10, '8.25', 'Direkomendasikan'),
(293, '1815091002', '1915091020', 8, 8, 8, 8, '8', 'Direkomendasikan'),
(294, '1915051024', '1915091020', 8, 8.6, 8.5, 7, '8.025', 'Direkomendasikan'),
(295, 'Demisioner@Bidang2', '1915091020', 8, 7.2, 7.8, 10, '8.25', 'Direkomendasikan'),
(296, '1815051052', '1915091002', 7.9, 7.9, 7.8, 9, '8.15', 'Direkomendasikan'),
(297, '1815091002', '1915091002', 8, 8, 8, 10, '8.5', 'Direkomendasikan'),
(298, '1915051024', '1915091002', 8.6, 8.2, 8, 10, '8.7', 'Direkomendasikan'),
(299, 'Demisioner@Bidang2', '1915091002', 8.2, 8, 8, 10, '8.55', 'Direkomendasikan'),
(300, '1815091002', '1915091050', 8.7, 8.5, 9, 10, '9.05', 'Direkomendasikan'),
(301, 'Demisioner@Bidang2', '1915091050', 8.2, 8, 8.3, 10, '8.625', 'Direkomendasikan'),
(302, '1815051052', '1915091050', 8, 8, 8, 10, '8.5', 'Direkomendasikan'),
(303, '1915051024', '1915091050', 9.4, 8.5, 8.6, 8, '8.625', 'Direkomendasikan'),
(304, '1815051052', '1915091043', 7.8, 7.8, 8, 9, '8.15', 'Direkomendasikan'),
(305, '1815091002', '1915091043', 7.5, 7.4, 6.9, 10, '7.95', 'Direkomendasikan'),
(306, '1915051024', '1915091043', 7.5, 8.2, 7.6, 8, '7.825', 'Direkomendasikan'),
(307, 'Demisioner@Bidang2', '1915091043', 7, 7.5, 7.8, 10, '8.075', 'Direkomendasikan'),
(308, '1815051052', '1815091941', 7.9, 7.9, 8, 9, '8.2', 'Direkomendasikan'),
(309, '1815091002', '1815091941', 8, 8, 8, 10, '8.5', 'Direkomendasikan'),
(310, '1915051024', '1815091941', 8, 7.8, 8.4, 8, '8.05', 'Direkomendasikan'),
(311, 'Demisioner@Bidang2', '1815091941', 8.1, 8, 8.4, 10, '8.625', 'Direkomendasikan'),
(312, '1815051052', '1815051098', 8, 8, 8, 9, '8.25', 'Direkomendasikan'),
(313, '1815051052', '1915091040', 7.8, 7.9, 8, 9, '8.175', 'Direkomendasikan'),
(314, '1815091002', '1915091040', 8, 9, 8, 8.1, '8.275', 'Direkomendasikan'),
(315, '1915051024', '1915091040', 8.2, 8, 7.8, 7, '7.75', 'Direkomendasikan'),
(316, 'Demisioner@Bidang2', '1915091040', 8, 7.6, 7.8, 10, '8.35', 'Direkomendasikan'),
(317, '1815051052', '1915101007', 8, 8, 9, 9, '8.5', 'Direkomendasikan'),
(318, '1815091002', '1915101007', 10, 10, 10, 10, '10', 'Direkomendasikan'),
(319, 'Demisioner@Bidang2', '1915101007', 8.4, 8, 8, 10, '8.6', 'Direkomendasikan'),
(320, '1915051024', '1915101007', 9, 8.2, 8.7, 8, '8.475', 'Direkomendasikan'),
(321, '1815051052', '1915101053', 7.8, 7.8, 7.7, 9, '8.075', 'Direkomendasikan'),
(322, '1815091002', '1915101053', 6, 6, 6, 6, '6', 'Opsional'),
(323, 'Demisioner@Bidang2', '1915101053', 7.3, 7, 7, 8, '7.325', 'Direkomendasikan'),
(324, '1915051024', '1915101053', 8.8, 8, 8.4, 7, '8.05', 'Direkomendasikan'),
(325, '1815051052', '1915051018', 7.8, 7.8, 7.8, 9, '8.1', 'Direkomendasikan'),
(326, '1815091002', '1915051018', 8.1, 7.9, 8, 10, '8.5', 'Direkomendasikan'),
(327, 'Demisioner@Bidang2', '1915051018', 8.5, 7, 7, 10, '8.125', 'Direkomendasikan'),
(328, '1915051024', '1915051018', 7.5, 7.8, 7.6, 8, '7.725', 'Direkomendasikan'),
(329, 'Demisioner@KetuaHMJ', '1915051073', 7, 7, 7, 7, '7', 'Direkomendasikan'),
(330, 'Demisioner@KetuaHMJ', '1915101051', 7.8, 7.8, 7.8, 7, '7.6', 'Direkomendasikan'),
(331, 'Demisioner@KetuaHMJ', '1815091014', 7.9, 8, 8, 7.8, '7.925', 'Direkomendasikan'),
(332, 'Demisioner@KetuaHMJ', '1815091061', 7.9, 7.7, 7, 8, '7.65', 'Direkomendasikan'),
(333, 'Demisioner@KetuaHMJ', '1915091035', 8, 7.8, 7.8, 7, '7.65', 'Direkomendasikan'),
(334, 'Demisioner@KetuaHMJ', '1815091024', 9, 9, 9, 8, '8.75', 'Direkomendasikan'),
(335, 'Demisioner@KetuaHMJ', '1815091038', 8, 8, 8, 8, '8', 'Direkomendasikan'),
(336, 'Demisioner@KetuaHMJ', '1915051086', 7, 7, 7, 7, '7', 'Direkomendasikan'),
(337, 'Demisioner@KetuaHMJ', '1915101033', 8, 7.7, 7, 7, '7.425', 'Direkomendasikan'),
(338, 'Demisioner@KetuaHMJ', '1915051003', 7, 7, 7, 7, '7', 'Direkomendasikan'),
(339, 'Demisioner@KetuaHMJ', '1915091042', 9, 8, 8.5, 7, '8.125', 'Direkomendasikan'),
(340, 'Demisioner@KetuaHMJ', '1915091016', 7.5, 7.5, 7.5, 7, '7.375', 'Direkomendasikan'),
(341, 'Demisioner@KetuaHMJ', '1915091038', 7, 7, 7, 7, '7', 'Direkomendasikan'),
(342, 'Demisioner@KetuaHMJ', '1915091019', 8, 8, 7, 7.5, '7.625', 'Direkomendasikan'),
(343, 'Demisioner@KetuaHMJ', '1815051002', 7.5, 7.6, 7.5, 7, '7.4', 'Direkomendasikan'),
(344, 'Demisioner@KetuaHMJ', '1915051045', 6, 6, 6, 6, '6', 'Opsional'),
(345, 'Demisioner@KetuaHMJ', '1915091018', 7, 7, 7, 7, '7', 'Direkomendasikan'),
(346, 'Demisioner@KetuaHMJ', '1815091017', 7.9, 7, 7, 7, '7.225', 'Direkomendasikan'),
(347, 'Demisioner@KetuaHMJ', '1915091043', 7, 7, 7, 7, '7', 'Direkomendasikan'),
(348, 'Demisioner@KetuaHMJ', '1915091050', 8.3, 7, 7.5, 7, '7.45', 'Direkomendasikan'),
(349, 'Demisioner@KetuaHMJ', '1915091002', 8, 8, 8, 7, '7.75', 'Direkomendasikan'),
(350, 'Demisioner@KetuaHMJ', '1815091941', 7, 7, 7, 7, '7', 'Direkomendasikan'),
(351, 'Demisioner@KetuaHMJ', '1915091040', 8, 7.8, 7, 7, '7.45', 'Direkomendasikan'),
(352, 'Demisioner@KetuaHMJ', '1915101007', 8, 8, 8, 7, '7.75', 'Direkomendasikan'),
(353, 'Demisioner@KetuaHMJ', '1915101053', 6, 6, 6, 6, '6', 'Opsional'),
(354, '1915051024', '1815101001', 8.5, 8.4, 8.6, 7, '8.125', 'Direkomendasikan'),
(355, 'Demisioner@KetuaHMJ', '1815101001', 7, 7, 7, 7, '7', 'Direkomendasikan'),
(356, 'Demisioner@KetuaHMJ', '1915051054', 6, 6, 6, 6, '6', 'Opsional'),
(357, '1915051024', '1915051054', 9.2, 8.8, 8.2, 8, '8.55', 'Direkomendasikan'),
(358, '1815091002', '1915051054', 8.1, 6, 6, 8, '7.025', 'Direkomendasikan'),
(359, '1815091002', '1815101001', 8.5, 8.5, 8.5, 7, '8.125', 'Direkomendasikan'),
(360, '1815091002', '1815091009', 8.5, 7, 7, 10, '8.125', 'Direkomendasikan'),
(361, 'Demisioner@KetuaHMJ', '1815091009', 8, 7.8, 7.9, 7, '7.675', 'Direkomendasikan'),
(362, '1915051024', '1815091009', 7.6, 8.2, 8, 8, '7.95', 'Direkomendasikan'),
(363, '1815091002', '1905021006', 8.1, 8, 8, 10, '8.525', 'Direkomendasikan'),
(364, 'Demisioner@KetuaHMJ', '1905021006', 7.8, 8, 7.8, 7, '7.65', 'Direkomendasikan'),
(365, '1915051024', '1905021006', 9.2, 9, 8.7, 8, '8.725', 'Direkomendasikan'),
(366, 'Demisioner@KetuaHMJ', '1915051074', 7.8, 7.9, 7.4, 7, '7.525', 'Direkomendasikan'),
(367, '1915051024', '1915051074', 9, 8.9, 8.6, 8, '8.625', 'Direkomendasikan'),
(368, '1815091002', '1915051074', 8.2, 8.1, 8.3, 10, '8.65', 'Direkomendasikan'),
(369, '1815091002', '1815091026', 8, 8, 8, 10, '8.5', 'Direkomendasikan'),
(370, '1915051024', '1815091026', 7, 7.6, 8.2, 10, '8.2', 'Direkomendasikan'),
(371, 'Demisioner@KetuaHMJ', '1815091026', 7.5, 7.5, 7.5, 8, '7.625', 'Direkomendasikan'),
(372, '1815091002', '1815091030', 8.5, 8.5, 8.5, 8, '8.375', 'Direkomendasikan'),
(373, '1915051024', '1815091030', 8.9, 7.9, 8.5, 7, '8.075', 'Direkomendasikan'),
(374, 'Demisioner@KetuaHMJ', '1815091030', 7.8, 7.8, 7.5, 7, '7.525', 'Direkomendasikan'),
(375, '1815091048', '1815101001', 8.3, 7.8, 7.7, 8, '7.95', 'Direkomendasikan'),
(376, '1815091002', '1815091034', 8.2, 8.1, 8.2, 7, '7.875', 'Direkomendasikan'),
(377, '1815091048', '1915051054', 8, 7.5, 7.7, 8, '7.8', 'Direkomendasikan'),
(378, '1915051024', '1815091034', 8, 9, 8.4, 7, '8.1', 'Direkomendasikan'),
(379, '1815091048', '1815091009', 8.1, 7.6, 7.5, 8, '7.8', 'Direkomendasikan'),
(380, 'Demisioner@KetuaHMJ', '1815091034', 8, 8, 8, 7, '7.75', 'Direkomendasikan'),
(381, '1815091048', '1905021006', 8.3, 7.9, 7.8, 8, '8', 'Direkomendasikan'),
(382, '1815091002', '1815091040', 9.8, 9.5, 9.3, 7, '8.9', 'Direkomendasikan'),
(383, '1815091048', '1915051074', 8, 7.5, 7.6, 8, '7.775', 'Direkomendasikan'),
(384, '1915051024', '1815091040', 8.9, 8.5, 8.1, 7, '8.125', 'Direkomendasikan'),
(385, '1815091048', '1815091017', 8, 7.5, 7.5, 8, '7.75', 'Direkomendasikan'),
(386, 'Demisioner@KetuaHMJ', '1815091040', 8, 8.2, 7.9, 6.8, '7.725', 'Direkomendasikan'),
(387, '1815091048', '1815091024', 8, 7.5, 7.5, 8.5, '7.875', 'Direkomendasikan'),
(388, '1815091048', '1815091026', 8.4, 7.7, 7.6, 8, '7.925', 'Direkomendasikan'),
(389, '1815091002', '1815091065', 9, 9, 9, 9, '9', 'Direkomendasikan'),
(390, '1815091048', '1815091030', 8, 7.4, 7.4, 8, '7.7', 'Direkomendasikan'),
(391, '1915051024', '1815091065', 9, 8.8, 8.4, 7.8, '8.5', 'Direkomendasikan'),
(392, 'Demisioner@KetuaHMJ', '1815091065', 9, 9, 9, 7.5, '8.625', 'Direkomendasikan'),
(393, '1815091002', '1805021027', 10, 10, 10, 10, '10', 'Direkomendasikan'),
(394, '1815091048', '1805021027', 8.3, 7.5, 7.7, 8, '7.875', 'Direkomendasikan'),
(395, '1915051024', '1805021027', 9.6, 9, 9, 7, '8.65', 'Direkomendasikan'),
(396, '1815091048', '1905021011', 8.2, 7.4, 7.6, 8, '7.8', 'Direkomendasikan'),
(397, '1815091002', '1905021011', 8, 8, 8, 10, '8.5', 'Direkomendasikan'),
(398, '1915051024', '1905021011', 7.5, 8, 8.5, 8, '8', 'Direkomendasikan'),
(399, '1815091002', '1815101009', 8.5, 8.1, 8, 8.5, '8.275', 'Direkomendasikan'),
(400, '1815091048', '1815101009', 8.3, 7.9, 7.7, 8, '7.975', 'Direkomendasikan'),
(401, '1915051024', '1815101009', 8.4, 8, 7.9, 7.6, '7.975', 'Direkomendasikan'),
(402, '1815091048', '1915051022', 8.2, 7.6, 7.5, 8, '7.825', 'Direkomendasikan'),
(403, '1815091048', '1915051037', 8.2, 7.3, 7.3, 8, '7.7', 'Direkomendasikan'),
(404, '1815091002', '1915051037', 8.5, 8, 7, 8, '7.875', 'Direkomendasikan'),
(405, '1915051024', '1915051037', 8.8, 8.1, 8, 8, '8.225', 'Direkomendasikan'),
(406, '1815091048', '1915051040', 8.4, 7.4, 7.7, 8.1, '7.9', 'Direkomendasikan'),
(407, '1815091002', '1915051040', 3, 2, 2, 6, '3.25', 'Opsional'),
(408, '1915051024', '1915051040', 7, 7.1, 6.2, 8, '7.075', 'Direkomendasikan'),
(409, '1815091002', '1915051033', 8.3, 8, 8, 10, '8.575', 'Direkomendasikan'),
(410, '1915051024', '1915051033', 8.8, 9, 8.6, 8, '8.6', 'Direkomendasikan'),
(411, '1815091048', '1915051033', 8.3, 7.5, 7.6, 8.1, '7.875', 'Direkomendasikan'),
(412, '1815091048', '1915051057', 8.1, 7.7, 7.8, 8, '7.9', 'Direkomendasikan'),
(413, '1815091048', '1815091034', 8.5, 7.8, 7.7, 8.1, '8.025', 'Direkomendasikan'),
(414, '1815091002', '1915051057', 7.5, 7.5, 7.5, 10, '8.125', 'Direkomendasikan'),
(415, '1815091048', '1815091038', 8.3, 7.6, 7.6, 8, '7.875', 'Direkomendasikan'),
(416, '1915051024', '1915051057', 9, 9.6, 9.4, 8, '9', 'Direkomendasikan'),
(417, '1815091048', '1915051080', 8.3, 7.7, 7.8, 8, '7.95', 'Direkomendasikan'),
(418, '1815091002', '1915051080', 9, 9, 9, 10, '9.25', 'Direkomendasikan'),
(419, '1915051024', '1915051080', 9.2, 9, 9.4, 9.6, '9.3', 'Direkomendasikan'),
(420, '1815091048', '1815091065', 8.3, 7.6, 7.5, 8.2, '7.9', 'Direkomendasikan'),
(421, '1815091048', '1915091001', 8.5, 7.6, 7.8, 8, '7.975', 'Direkomendasikan'),
(422, '1815091002', '1915091001', 2, 2, 2, 10, '4', 'Opsional'),
(423, '1915051024', '1915091001', 5, 5, 5, 9, '6', 'Opsional'),
(424, '1815091048', '1915091003', 8.4, 7.5, 7.4, 8, '7.825', 'Direkomendasikan'),
(425, '1815091002', '1915091003', 8.5, 8.3, 8.2, 8, '8.25', 'Direkomendasikan'),
(426, '1915051024', '1915091003', 9.5, 9, 9.4, 10, '9.475', 'Direkomendasikan'),
(427, '1815091048', '1815091061', 8.5, 7.8, 7.7, 8, '8', 'Direkomendasikan'),
(428, '1815091048', '1815091040', 8, 8, 7.5, 8, '7.875', 'Direkomendasikan'),
(429, '1815091048', '1915091011', 8.3, 7.5, 7.5, 8, '7.825', 'Direkomendasikan'),
(430, '1815091048', '1915091019', 8.3, 7.5, 7.7, 8.1, '7.9', 'Direkomendasikan'),
(431, '1815091048', '1915091021', 8, 7.7, 7.4, 8, '7.775', 'Direkomendasikan'),
(432, '1815091048', '1915091023', 8, 7.5, 7.4, 8, '7.725', 'Direkomendasikan'),
(433, '1815091002', '1915091023', 8.3, 8.3, 8.1, 10, '8.675', 'Direkomendasikan'),
(434, '1915051024', '1915091023', 8.1, 7.7, 7.4, 7.6, '7.7', 'Direkomendasikan'),
(435, '1815091048', '1915091028', 8.4, 7.4, 7.6, 8, '7.85', 'Direkomendasikan'),
(436, '1815091002', '1915091028', 8.5, 8.4, 8.2, 10, '8.775', 'Direkomendasikan'),
(437, '1915051024', '1915091028', 9.6, 7.6, 9.2, 8, '8.6', 'Direkomendasikan'),
(438, '1815091048', '1915091043', 8.3, 7.5, 7.5, 8, '7.825', 'Direkomendasikan'),
(439, '1815091048', '1915091050', 8.5, 7.5, 7.7, 8, '7.925', 'Direkomendasikan'),
(440, '1815091048', '1915091014', 8.5, 7.7, 7.6, 8, '7.95', 'Direkomendasikan'),
(441, '1815091002', '1915091014', 8, 8, 8, 10, '8.5', 'Direkomendasikan'),
(442, '1815091037', '1815051013', 6, 7, 7, 7, '6.75', 'Direkomendasikan'),
(443, 'Demisioner@Bidang5', '1815051013', 7, 7, 7, 7, '7', 'Direkomendasikan'),
(444, 'Demisioner@Komunitas', '1815051013', 7, 7, 7, 7, '7', 'Direkomendasikan'),
(445, '1815091037', '1815051046', 7.3, 6.8, 7.8, 7, '7.225', 'Direkomendasikan'),
(446, 'Demisioner@Komunitas', '1815051046', 8, 8, 8, 8, '8', 'Direkomendasikan'),
(447, 'Demisioner@KetuaHMJ', '1815051046', 7, 7.5, 7, 7, '7.125', 'Direkomendasikan'),
(448, 'Demisioner@Bidang5', '1815051046', 8, 7, 8, 7, '7.5', 'Direkomendasikan'),
(449, 'Demisioner@Bidang5', '1815051059', 8, 8, 7, 7, '7.5', 'Direkomendasikan'),
(450, '1815091037', '1815051059', 8.5, 8.2, 8.7, 8, '8.35', 'Direkomendasikan'),
(451, 'Demisioner@Komunitas', '1815051059', 8, 8, 8, 8, '8', 'Direkomendasikan'),
(452, '1815091037', '1815051085', 8.4, 8.3, 8.7, 8, '8.35', 'Direkomendasikan'),
(453, 'Demisioner@Bidang5', '1815051085', 8, 8, 8.5, 8, '8.125', 'Direkomendasikan'),
(454, 'Demisioner@Komunitas', '1815051085', 8.5, 8.5, 8.5, 8.5, '8.5', 'Direkomendasikan'),
(455, 'Demisioner@KetuaHMJ', '1815051085', 8, 8, 8, 7, '7.75', 'Direkomendasikan'),
(456, '1815091037', '1815051091', 8.3, 7.9, 8, 9, '8.3', 'Direkomendasikan'),
(457, 'Demisioner@Komunitas', '1815051091', 8, 8, 8, 8, '8', 'Direkomendasikan'),
(458, 'Demisioner@Bidang5', '1815051091', 8, 8, 9, 8, '8.25', 'Direkomendasikan'),
(459, '1815091037', '1815091009', 8.1, 7, 7, 8, '7.525', 'Direkomendasikan'),
(460, 'Demisioner@Komunitas', '1815091009', 7, 7, 7, 7, '7', 'Direkomendasikan'),
(461, 'Demisioner@Bidang5', '1815091009', 9, 7, 8, 7, '7.75', 'Direkomendasikan'),
(462, '1815091037', '1815091046', 8.5, 8.3, 8.7, 9, '8.625', 'Direkomendasikan'),
(463, '1815091002', '1915091008', 10, 10, 10, 10, '10', 'Direkomendasikan'),
(464, '1815091002', '1915091031', 10, 10, 10, 10, '10', 'Direkomendasikan'),
(465, '1815091002', '1815091062', 10, 10, 10, 10, '10', 'Direkomendasikan'),
(466, '1815091002', '1815051012', 8.5, 8.5, 8.5, 8, '8.375', 'Direkomendasikan'),
(467, 'Demisioner@Bidang5', '1815091046', 9, 8, 8, 8, '8.25', 'Direkomendasikan'),
(468, '1815091002', '1815051085', 8, 7, 7, 10, '8', 'Direkomendasikan'),
(469, 'Demisioner@Komunitas', '1815091046', 8.5, 8.5, 8.5, 8.5, '8.5', 'Direkomendasikan'),
(470, 'Demisioner@Komunitas', '1815091064', 7, 7, 7, 7, '7', 'Direkomendasikan'),
(471, '1815091037', '1815091064', 8.3, 8, 8.6, 7, '7.975', 'Direkomendasikan'),
(472, 'Demisioner@Komunitas', '1905021005', 8, 8, 8, 8, '8', 'Direkomendasikan'),
(473, '1815091037', '1905021005', 8.2, 8, 8.2, 8, '8.1', 'Direkomendasikan'),
(474, 'Demisioner@KetuaHMJ', '1905021005', 7.8, 7.5, 7.9, 7, '7.55', 'Direkomendasikan'),
(475, '1815091037', '1915051027', 8.5, 8.5, 8.3, 9, '8.575', 'Direkomendasikan'),
(476, 'Demisioner@Komunitas', '1915051027', 8, 8, 8, 8, '8', 'Direkomendasikan'),
(477, '1815091037', '1915051045', 8.3, 8.2, 8, 8, '8.125', 'Direkomendasikan'),
(478, 'Demisioner@Komunitas', '1915051045', 8, 7, 7, 8, '7.5', 'Direkomendasikan'),
(479, '1815091037', '1915051073', 8.1, 7.8, 8, 8, '7.975', 'Direkomendasikan'),
(480, 'Demisioner@Komunitas', '1915051073', 7, 7, 7, 7, '7', 'Direkomendasikan'),
(481, '1815091037', '1915091003', 8.2, 8, 7.7, 9, '8.225', 'Direkomendasikan'),
(482, '1815091037', '1915091006', 8.3, 8.3, 8.4, 9, '8.5', 'Direkomendasikan'),
(483, '1815091037', '1915091028', 8.4, 8.2, 8.7, 8, '8.325', 'Direkomendasikan'),
(484, '1815091037', '1915051025', 8.7, 8.3, 8.5, 8, '8.375', 'Direkomendasikan'),
(485, '1815091037', '1815051002', 8.3, 8.4, 8.4, 8, '8.275', 'Direkomendasikan'),
(486, '1815091037', '1815051104', 8.5, 8.4, 8.5, 8, '8.35', 'Direkomendasikan'),
(487, '1815091037', '1815091050', 8.4, 8.5, 8.7, 8, '8.4', 'Direkomendasikan'),
(488, '1815091037', '1815091062', 8.4, 8.3, 8.5, 9, '8.55', 'Direkomendasikan'),
(489, '1815091037', '1815051012', 8.6, 8.2, 8.5, 7, '8.075', 'Direkomendasikan'),
(490, '1815091037', '1905021006', 8.4, 8.3, 8.4, 8, '8.275', 'Direkomendasikan'),
(491, '1815091037', '1915051052', 8.3, 8.4, 8.3, 7, '8', 'Direkomendasikan'),
(492, '1815091037', '1915091031', 8.6, 8.3, 8.4, 8, '8.325', 'Direkomendasikan'),
(493, '1815091037', '1915091008', 8.6, 8.4, 8.5, 8, '8.375', 'Direkomendasikan'),
(494, '1815091037', '1915091045', 7.8, 7.6, 7.9, 9, '8.075', 'Direkomendasikan'),
(495, '1915051024', '1915091045', 8.8, 8.2, 8.7, 10, '8.925', 'Direkomendasikan'),
(496, '1815091037', '1915101001', 7.8, 7.9, 7.8, 6, '7.375', 'Direkomendasikan'),
(497, '1815091037', '1915101007', 8.2, 8, 8.2, 8, '8.1', 'Direkomendasikan'),
(498, '1815091037', '1915101011', 8.5, 8.2, 8.3, 8, '8.25', 'Direkomendasikan'),
(499, '1815091037', '1915101014', 7.6, 7.4, 7.6, 7, '7.4', 'Direkomendasikan'),
(500, '1915051024', '1915101014', 9.4, 8.2, 9.2, 7, '8.45', 'Direkomendasikan'),
(501, '1815091037', '1915101023', 7.8, 8, 8, 8, '7.95', 'Direkomendasikan'),
(502, '1815091002', '1815051046', 7, 7, 7, 8, '7.25', 'Direkomendasikan'),
(503, '1815091002', '1815091050', 10, 10, 10, 10, '10', 'Direkomendasikan'),
(504, '1915051024', '1915101023', 8.5, 8.4, 7.6, 8, '8.125', 'Direkomendasikan'),
(505, '1815091037', '1915101021', 8, 8.3, 8, 8, '8.075', 'Direkomendasikan'),
(506, '1815091037', '1915101053', 8, 7.5, 8, 6, '7.375', 'Direkomendasikan'),
(507, '1815091037', '1915101054', 8.2, 8.2, 8.4, 8, '8.2', 'Direkomendasikan'),
(508, '1815091002', '1915091045', 8, 7, 7, 10, '8', 'Direkomendasikan'),
(509, '1815091002', '1905021005', 7, 7, 7, 10, '7.75', 'Direkomendasikan'),
(510, '1815091063', '1805021018', 7, 7.5, 8, 9, '7.875', 'Direkomendasikan'),
(511, 'Demisioner@Bidang4', '1805021018', 7, 7, 7, 10, '7.75', 'Direkomendasikan'),
(512, 'Demisioner@KetuaHMJ', '1805021027', 8, 8, 8, 7, '7.75', 'Direkomendasikan'),
(513, '1815091063', '1805021027', 10, 8, 8, 10, '9', 'Direkomendasikan'),
(514, 'Demisioner@Bidang4', '1805021027', 8, 7, 7, 10, '8', 'Direkomendasikan'),
(515, '1815091063', '1815051015', 9, 9, 9, 9, '9', 'Direkomendasikan'),
(516, 'Demisioner@Bidang4', '1815051015', 9, 9, 9, 10, '9.25', 'Direkomendasikan'),
(517, 'Demisioner@KetuaHMJ', '1815051015', 8.5, 8, 8, 7, '7.875', 'Direkomendasikan'),
(518, '1815091063', '1815051001', 7, 7, 8, 8.5, '7.625', 'Direkomendasikan'),
(519, 'Demisioner@Bidang4', '1815051001', 9, 9, 9, 10, '9.25', 'Direkomendasikan'),
(520, 'Demisioner@KetuaHMJ', '1815051001', 8, 8, 8, 7, '7.75', 'Direkomendasikan'),
(521, 'Demisioner@KetuaHMJ', '1815051016', 8, 8, 8, 7, '7.75', 'Direkomendasikan'),
(522, '1815091063', '1815051016', 8, 8, 8.5, 9, '8.375', 'Direkomendasikan'),
(523, 'Demisioner@Bidang4', '1815051016', 9, 9, 9, 10, '9.25', 'Direkomendasikan'),
(524, '1815091063', '1815051046', 8, 8, 8, 8, '8', 'Direkomendasikan'),
(525, 'Demisioner@Bidang4', '1815051046', 9, 8, 8, 10, '8.75', 'Direkomendasikan'),
(526, '1915051024', '1815051046', 8.5, 8.7, 9.4, 7.6, '8.55', 'Direkomendasikan'),
(527, '1815091063', '1815051053', 9, 9, 9, 9, '9', 'Direkomendasikan'),
(528, 'Demisioner@Bidang4', '1815051053', 9, 9, 9, 10, '9.25', 'Direkomendasikan'),
(529, '1915051024', '1815051053', 9.2, 8.8, 8.9, 10, '9.225', 'Direkomendasikan'),
(530, 'Demisioner@Bidang4', '1815051073', 9, 9, 9, 10, '9.25', 'Direkomendasikan'),
(531, 'Demisioner@KetuaHMJ', '1815051073', 8.5, 8.5, 8.5, 7, '8.125', 'Direkomendasikan'),
(532, '1815091063', '1815051073', 8, 8, 8, 8, '8', 'Direkomendasikan'),
(533, '1915051024', '1815051073', 9.7, 8.6, 8.7, 8, '8.75', 'Direkomendasikan'),
(534, 'Demisioner@Bidang4', '1815051094', 9, 9, 9, 10, '9.25', 'Direkomendasikan'),
(535, '1815091063', '1815051094', 9, 9, 8.5, 9, '8.875', 'Direkomendasikan'),
(536, 'Demisioner@KetuaHMJ', '1815051094', 8, 8, 8, 7, '7.75', 'Direkomendasikan'),
(537, '1915051024', '1815051094', 9, 9, 8.9, 8, '8.725', 'Direkomendasikan'),
(538, 'Demisioner@Bidang4', '1815091007', 9, 9, 9, 10, '9.25', 'Direkomendasikan'),
(539, '1815091063', '1815091007', 9, 8.5, 9, 10, '9.125', 'Direkomendasikan'),
(540, '1915051024', '1815091007', 9.8, 9, 9.6, 7.4, '8.95', 'Direkomendasikan'),
(541, 'Demisioner@Bidang4', '1915051021', 9, 9, 9, 10, '9.25', 'Direkomendasikan'),
(542, '1815091063', '1915051018', 7, 7, 8, 8, '7.5', 'Direkomendasikan'),
(543, 'Demisioner@Bidang4', '1915051003', 7, 8, 7, 10, '8', 'Direkomendasikan'),
(544, '1815091063', '1915051003', 8, 8.5, 9, 9, '8.625', 'Direkomendasikan'),
(545, 'Demisioner@Bidang4', '1905021011', 8, 7, 7, 10, '8', 'Direkomendasikan'),
(546, '1815091063', '1905021011', 7.5, 7, 8, 9, '7.875', 'Direkomendasikan'),
(547, 'Demisioner@Bidang4', '1815101008', 9, 8, 8, 7, '8', 'Direkomendasikan'),
(548, '1815091063', '1815101008', 8, 8, 8.5, 7, '7.875', 'Direkomendasikan'),
(549, 'Demisioner@KetuaHMJ', '1815101008', 8, 7, 7, 7, '7.25', 'Direkomendasikan'),
(550, '1915051024', '1815101008', 8, 8.2, 8.4, 7, '7.9', 'Direkomendasikan'),
(551, '1915051024', '1815091060', 8.6, 7.8, 8.9, 8.2, '8.375', 'Direkomendasikan'),
(552, '1815091063', '1815091060', 8.5, 8, 8, 9, '8.375', 'Direkomendasikan'),
(553, 'Demisioner@Bidang4', '1815091060', 9, 8, 8, 10, '8.75', 'Direkomendasikan'),
(554, 'Demisioner@Bidang4', '1815091055', 8, 7, 7, 10, '8', 'Direkomendasikan'),
(555, '1815091063', '1815091055', 7.8, 7.8, 8, 10, '8.4', 'Direkomendasikan'),
(556, '1815091063', '1815091040', 8, 8.5, 8.5, 7, '8', 'Direkomendasikan'),
(557, 'Demisioner@Bidang4', '1815091040', 9, 8, 8, 7, '8', 'Direkomendasikan'),
(558, '1815091063', '1815091026', 7.7, 7.7, 7.8, 10, '8.3', 'Direkomendasikan'),
(559, 'Demisioner@Bidang4', '1815091026', 8, 8, 7, 10, '8.25', 'Direkomendasikan'),
(560, '1815091063', '1915051030', 7, 7.6, 6, 6, '6.65', 'Direkomendasikan'),
(561, '1815091002', '1815051015', 10, 10, 10, 10, '10', 'Direkomendasikan'),
(562, 'Demisioner@Bidang4', '1915051030', 8, 7, 7, 10, '8', 'Direkomendasikan'),
(563, '1815091002', '1815051016', 10, 10, 10, 10, '10', 'Direkomendasikan'),
(564, '1815091002', '1815051053', 10, 10, 10, 10, '10', 'Direkomendasikan'),
(565, '1815091002', '1815051094', 10, 10, 10, 10, '10', 'Direkomendasikan'),
(566, '1815091063', '1915051033', 8, 8, 8, 10, '8.5', 'Direkomendasikan'),
(567, 'Demisioner@KetuaHMJ', '1915051033', 8, 8, 8, 7, '7.75', 'Direkomendasikan'),
(568, 'Demisioner@Bidang4', '1915051033', 8, 8, 8, 10, '8.5', 'Direkomendasikan'),
(569, 'Demisioner@KetuaHMJ', '1915051040', 6, 6, 6, 6, '6', 'Opsional'),
(570, 'Demisioner@Bidang4', '1915051040', 7, 7, 7, 10, '7.75', 'Direkomendasikan'),
(571, '1815091063', '1915051037', 8, 8, 8, 9, '8.25', 'Direkomendasikan'),
(572, '1815091063', '1815101001', 7.5, 8, 7.8, 7, '7.575', 'Direkomendasikan'),
(573, '1815091063', '1915051054', 7.8, 8.5, 7.5, 9, '8.2', 'Direkomendasikan'),
(574, '1815091063', '1915051057', 8.5, 8, 7.5, 9, '8.25', 'Direkomendasikan'),
(575, '1815091063', '1915051060', 7.5, 7.8, 7.8, 8, '7.775', 'Direkomendasikan'),
(576, '1815091063', '1915051074', 8.5, 8, 8.5, 10, '8.75', 'Direkomendasikan'),
(577, '1815091063', '1915051080', 8.5, 9, 8.8, 9, '8.825', 'Direkomendasikan'),
(578, '1815091063', '1915051086', 7.8, 7.8, 7.8, 9, '8.1', 'Direkomendasikan'),
(579, '1815091063', '1915091001', 7.5, 7, 7.5, 7.5, '7.375', 'Direkomendasikan'),
(580, '1815091063', '1915091009', 8.9, 8, 9, 9, '8.725', 'Direkomendasikan'),
(581, '1815091063', '1915091012', 8, 8, 8, 8, '8', 'Direkomendasikan'),
(582, '1815091063', '1915091014', 8, 8, 8, 9, '8.25', 'Direkomendasikan'),
(583, '1815091063', '1915091002', 7.9, 8, 8.5, 9, '8.35', 'Direkomendasikan'),
(584, '1815091063', '1915091018', 8.5, 8.5, 8.5, 10, '8.875', 'Direkomendasikan'),
(585, 'Demisioner@Bidang4', '1915091018', 8, 8, 8, 10, '8.5', 'Direkomendasikan'),
(586, '1815091063', '1915091023', 7.8, 7.8, 8, 8, '7.9', 'Direkomendasikan'),
(587, 'Demisioner@Bidang4', '1915091023', 8, 8, 7, 10, '8.25', 'Direkomendasikan'),
(588, '1815091063', '1915091035', 7.8, 7.8, 8.5, 9, '8.275', 'Direkomendasikan'),
(589, 'Demisioner@Bidang4', '1915091035', 9, 9, 9, 10, '9.25', 'Direkomendasikan'),
(590, '1815091063', '1915091036', 7.5, 8, 8, 9, '8.125', 'Direkomendasikan'),
(591, 'Demisioner@Bidang4', '1915091036', 10, 10, 10, 10, '10', 'Direkomendasikan'),
(592, 'Demisioner@Bidang4', '1915091038', 9, 9, 9, 10, '9.25', 'Direkomendasikan'),
(593, '1815091063', '1915091038', 7, 7, 8, 9, '7.75', 'Direkomendasikan'),
(594, '1815091063', '1915091040', 7.8, 7.5, 8, 8, '7.825', 'Direkomendasikan'),
(595, 'Demisioner@Bidang4', '1915091040', 8, 8, 8, 10, '8.5', 'Direkomendasikan'),
(596, '1815091063', '1915091042', 9.5, 9, 8.9, 10, '9.35', 'Direkomendasikan'),
(597, 'Demisioner@Bidang4', '1915091042', 8, 8, 8, 10, '8.5', 'Direkomendasikan'),
(598, 'Demisioner@Bidang4', '1915091045', 8, 7, 7, 10, '8', 'Direkomendasikan'),
(599, 'Demisioner@KetuaHMJ', '1915091045', 8, 8, 8, 7.5, '7.875', 'Direkomendasikan'),
(600, 'Demisioner@KetuaHMJ', '1915051037', 7.8, 7, 8, 7, '7.45', 'Direkomendasikan'),
(601, '1815091063', '1915091045', 8.9, 9, 9, 8.5, '8.85', 'Direkomendasikan'),
(602, 'Demisioner@Bidang4', '1915101023', 7, 6, 6, 10, '7.25', 'Direkomendasikan'),
(603, '1815091063', '1915101023', 7, 7.8, 7.5, 8, '7.575', 'Direkomendasikan'),
(604, 'Demisioner@KetuaHMJ', '1915101023', 8, 7.5, 7.5, 7, '7.5', 'Direkomendasikan'),
(605, '1815091063', '1915101051', 7.5, 7.5, 8, 8, '7.75', 'Direkomendasikan'),
(606, 'Demisioner@Bidang4', '1915101051', 7, 6, 6, 10, '7.25', 'Direkomendasikan'),
(607, '1915051024', '1915101057', 8.3, 8.5, 8, 7, '7.95', 'Direkomendasikan'),
(608, 'Demisioner@Bidang4', '1915101057', 7, 7, 7, 10, '7.75', 'Direkomendasikan'),
(609, 'Demisioner@KetuaHMJ', '1915101057', 7.5, 7, 7, 7, '7.125', 'Direkomendasikan'),
(610, 'Demisioner@Bidang4', '1915101010', 7, 6, 6, 10, '7.25', 'Direkomendasikan'),
(611, '1815091063', '1915101057', 7, 7, 7.5, 7.5, '7.25', 'Direkomendasikan'),
(612, '1815091063', '1915101010', 7, 6, 6.5, 8, '6.875', 'Direkomendasikan'),
(613, '1915051024', '1915101010', 7, 7.8, 6.4, 8, '7.3', 'Direkomendasikan'),
(614, 'Demisioner@KetuaHMJ', '1915101010', 7, 6, 6, 7, '6.5', 'Direkomendasikan'),
(615, 'Demisioner@Bidang4', '1915091055', 8, 8, 8, 8, '8', 'Direkomendasikan'),
(616, '1815091063', '1915091055', 7.5, 7.5, 7, 7, '7.25', 'Direkomendasikan'),
(617, '1815091002', '1915101010', 7, 7, 6, 8, '7', 'Direkomendasikan'),
(618, '1815091002', '1915101057', 7, 7, 6, 10, '7.5', 'Direkomendasikan'),
(619, '1815091037', '1815051096', 8.3, 8.2, 8.3, 9, '8.45', 'Direkomendasikan'),
(620, '1815091037', '1915051088', 1, 1, 1, 7, '2.5', 'Opsional'),
(621, '1815091037', '1915091025', 1, 1, 1, 8, '2.75', 'Opsional'),
(622, '1815091037', '1915091029', 1, 1, 1, 8, '2.75', 'Opsional'),
(623, '1815051052', '1915101057', 1, 1, 1, 8, '2.75', 'Opsional'),
(624, '1815051052', '1915051088', 1, 1, 1, 8, '2.75', 'Opsional'),
(625, '1815051052', '1915091029', 1, 1, 1, 8, '2.75', 'Opsional'),
(626, '1815091002', '1815051073', 10, 10, 10, 10, '10', 'Direkomendasikan'),
(627, '1815091002', '1815091007', 10, 10, 10, 10, '10', 'Direkomendasikan'),
(628, '1815091002', '1815101008', 8, 8, 8, 8.5, '8.125', 'Direkomendasikan'),
(629, '1815091002', '1915051052', 7, 7, 7, 10, '7.75', 'Direkomendasikan'),
(630, '1815091002', '1915051088', 1, 1, 1, 8, '2.75', 'Opsional'),
(631, '1815091002', '1915091025', 1, 1, 1, 10, '3.25', 'Opsional'),
(632, '1815091002', '1915091029', 1, 1, 1, 10, '3.25', 'Opsional'),
(633, '1815091002', '1915101014', 9, 9, 9, 10, '9.25', 'Direkomendasikan'),
(634, '1815091002', '1915101023', 6, 6, 6, 10, '7', 'Direkomendasikan'),
(635, 'Demisioner@Bidang1', '1805021005', 9, 9, 9, 9, '9', 'Direkomendasikan'),
(636, 'Demisioner@Bidang1', '1805021021', 9, 9, 9, 9, '9', 'Direkomendasikan'),
(637, 'Demisioner@Bidang1', '1815051035', 8, 8, 9, 9, '8.5', 'Direkomendasikan'),
(638, 'Demisioner@Bidang1', '1815051047', 8, 8, 8, 9, '8.25', 'Direkomendasikan'),
(639, 'Demisioner@Bidang1', '1815051055', 9, 9, 9, 9, '9', 'Direkomendasikan'),
(640, 'Demisioner@Bidang1', '1815051059', 8, 8, 8, 8, '8', 'Direkomendasikan'),
(641, '1815091048', '1915091016', 8.5, 7.5, 7.3, 8, '7.825', 'Direkomendasikan'),
(642, 'Demisioner@Bidang1', '1815051091', 8, 7, 7, 8, '7.5', 'Direkomendasikan'),
(643, 'Demisioner@Bidang1', '1815051098', 9, 9, 9, 9, '9', 'Direkomendasikan'),
(644, 'Demisioner@Bidang1', '1815091021', 8, 8, 8, 8, '8', 'Direkomendasikan'),
(645, 'Demisioner@Bidang1', '1915051017', 7, 7, 7, 7, '7', 'Direkomendasikan'),
(646, '1815091048', '1815091941', 8.5, 7.5, 7.4, 8.3, '7.925', 'Direkomendasikan'),
(647, '1815091048', '1915051043', 8.4, 7.4, 7.3, 8.3, '7.85', 'Direkomendasikan'),
(648, '1815091048', '1915051081', 8.4, 7.5, 7.5, 8.1, '7.875', 'Direkomendasikan'),
(649, 'Demisioner@Bidang1', '1915051025', 7, 8, 8, 8, '7.75', 'Direkomendasikan'),
(650, 'Demisioner@Bidang1', '1915051030', 6, 7, 7, 8, '7', 'Direkomendasikan'),
(651, 'Demisioner@Bidang1', '1915091006', 7, 7, 8, 8, '7.5', 'Direkomendasikan'),
(652, 'Demisioner@Bidang1', '1915091055', 7, 7, 7, 7, '7', 'Direkomendasikan'),
(653, 'Demisioner@Bidang1', '1915101021', 6, 7, 7, 7, '6.75', 'Direkomendasikan'),
(654, '1815091048', '1915101010', 8.4, 7.3, 7, 8, '7.675', 'Direkomendasikan'),
(655, '1815091048', '1815101008', 8.3, 7.3, 7.5, 8, '7.775', 'Direkomendasikan'),
(656, '1815091048', '1915091020', 8, 7.4, 7.3, 8, '7.675', 'Direkomendasikan');

-- --------------------------------------------------------

--
-- Table structure for table `groups`
--

CREATE TABLE IF NOT EXISTS `groups` (
  `id` mediumint(8) unsigned NOT NULL AUTO_INCREMENT,
  `name` varchar(20) NOT NULL,
  `description` varchar(100) NOT NULL,
  PRIMARY KEY (`id`)
) ENGINE=InnoDB  DEFAULT CHARSET=utf8 AUTO_INCREMENT=3 ;

--
-- Dumping data for table `groups`
--

INSERT INTO `groups` (`id`, `name`, `description`) VALUES
(1, 'admin', 'Administrator'),
(2, 'mahasiswa', 'General User');

-- --------------------------------------------------------

--
-- Table structure for table `login_attempts`
--

CREATE TABLE IF NOT EXISTS `login_attempts` (
  `id` int(11) unsigned NOT NULL AUTO_INCREMENT,
  `ip_address` varchar(45) NOT NULL,
  `login` varchar(100) NOT NULL,
  `time` int(11) unsigned DEFAULT NULL,
  PRIMARY KEY (`id`)
) ENGINE=InnoDB DEFAULT CHARSET=utf8 AUTO_INCREMENT=1 ;

-- --------------------------------------------------------

--
-- Table structure for table `tb_detail_pilih`
--

CREATE TABLE IF NOT EXISTS `tb_detail_pilih` (
  `id` int(11) NOT NULL AUTO_INCREMENT,
  `token` varchar(128) NOT NULL,
  `id_kandidat` int(11) NOT NULL,
  `created_at` datetime NOT NULL,
  `ip_address` varchar(45) NOT NULL,
  PRIMARY KEY (`id`),
  KEY `tb_detail_pilih_ibfk2` (`id_kandidat`)
) ENGINE=InnoDB  DEFAULT CHARSET=latin1 AUTO_INCREMENT=434 ;

--
-- Dumping data for table `tb_detail_pilih`
--

INSERT INTO `tb_detail_pilih` (`id`, `token`, `id_kandidat`, `created_at`, `ip_address`) VALUES
(9, '5e6859881df15', 1, '2020-03-11 11:25:34', '114.125.124.6'),
(10, '5e685a91b4d3b', 3, '2020-03-11 11:30:14', '103.76.173.199'),
(11, '5e6859cbb3f01', 1, '2020-03-11 11:31:43', '103.76.173.199'),
(12, '5e685a64af70e', 1, '2020-03-11 11:32:19', '114.122.137.152'),
(13, '5e685af0565bf', 1, '2020-03-11 11:32:29', '223.255.228.102'),
(14, '5e685a26c96aa', 1, '2020-03-11 11:33:31', '103.76.173.199'),
(15, '5e685b7037642', 1, '2020-03-11 11:33:57', '114.5.243.134'),
(16, '5e685aa1d28b2', 1, '2020-03-11 11:34:57', '103.76.173.199'),
(17, '5e685bc6a81b1', 1, '2020-03-11 11:38:19', '64.233.173.166'),
(18, '5e685d010ede7', 1, '2020-03-11 11:38:39', '103.76.173.199'),
(19, '5e685ca76ab27', 3, '2020-03-11 11:39:31', '114.4.222.52'),
(20, '5e685d0870c28', 2, '2020-03-11 11:39:37', '103.76.173.199'),
(21, '5e685be333a82', 3, '2020-03-11 11:40:41', '103.76.173.199'),
(22, '5e685b6213ccf', 1, '2020-03-11 11:41:43', '103.76.173.199'),
(23, '5e685cb9e518b', 1, '2020-03-11 11:43:16', '114.122.137.54'),
(24, '5e685dec8d83a', 1, '2020-03-11 11:43:43', '103.76.173.199'),
(25, '5e685cde0d154', 1, '2020-03-11 11:43:59', '114.122.139.84'),
(26, '5e685db75fb86', 2, '2020-03-11 11:44:11', '114.122.140.253'),
(27, '5e685c59991e0', 1, '2020-03-11 11:44:31', '114.122.135.248'),
(28, '5e685d5dd43bb', 1, '2020-03-11 11:45:20', '112.215.219.81'),
(29, '5e685c818aea9', 1, '2020-03-11 11:47:01', '114.122.135.248'),
(30, '5e685eaebadc7', 1, '2020-03-11 11:47:22', '103.76.173.199'),
(31, '5e685dee4ca23', 2, '2020-03-11 11:47:55', '103.76.173.199'),
(32, '5e685f026e1a6', 2, '2020-03-11 11:49:43', '114.122.132.24'),
(33, '5e685f1b67a31', 2, '2020-03-11 11:49:46', '114.125.124.136'),
(34, '5e685f2e7b486', 3, '2020-03-11 11:49:54', '114.122.135.90'),
(35, '5e685f4761ca5', 1, '2020-03-11 11:50:14', '114.122.143.222'),
(36, '5e685edb42814', 2, '2020-03-11 11:50:17', '114.125.110.188'),
(37, '5e685fd63f32d', 3, '2020-03-11 11:53:09', '103.76.173.199'),
(38, '5e685fab04ac3', 1, '2020-03-11 11:54:27', '103.76.173.199'),
(39, '5e685e4435604', 2, '2020-03-11 11:55:22', '103.76.173.199'),
(40, '5e685efcb6d78', 2, '2020-03-11 11:55:25', '203.78.114.155'),
(41, '5e6860deb7e17', 1, '2020-03-11 11:56:03', '223.255.228.88'),
(42, '5e6860ff537bd', 1, '2020-03-11 11:56:17', '114.122.132.241'),
(43, '5e68607da0dea', 3, '2020-03-11 11:56:36', '103.10.67.174'),
(44, '5e686153309e3', 1, '2020-03-11 11:56:58', '103.76.173.199'),
(45, '5e68612899e06', 3, '2020-03-11 11:57:47', '103.10.67.153'),
(46, '5e685e7ba48b2', 2, '2020-03-11 11:58:19', '115.178.237.56'),
(47, '5e68609d6fce5', 3, '2020-03-11 11:58:23', '114.79.22.133'),
(48, '5e68616fe21ea', 2, '2020-03-11 11:59:26', '103.76.173.199'),
(49, '5e685fec7edef', 1, '2020-03-11 11:59:53', '103.76.173.199'),
(50, '5e685f5830e04', 1, '2020-03-11 12:00:18', '114.4.217.142'),
(51, '5e68618fcebaa', 3, '2020-03-11 12:00:28', '64.233.173.163'),
(52, '5e686157c87bd', 3, '2020-03-11 12:01:15', '114.79.22.244'),
(53, '5e68604d3655b', 3, '2020-03-11 12:01:24', '114.122.138.34'),
(54, '5e6862393a791', 3, '2020-03-11 12:02:32', '203.78.121.240'),
(55, '5e68617cdd232', 3, '2020-03-11 12:03:23', '115.178.235.13'),
(56, '5e685ebbcf474', 3, '2020-03-11 12:04:10', '103.76.173.199'),
(57, '5e685f7a1fd30', 1, '2020-03-11 12:04:23', '114.4.217.142'),
(58, '5e6861a7bd4e4', 3, '2020-03-11 12:04:27', '114.5.209.222'),
(59, '5e685f98af3df', 3, '2020-03-11 12:05:10', '103.76.173.199'),
(60, '5e686291acad5', 2, '2020-03-11 12:06:48', '114.5.223.59'),
(61, '5e6862aa23bc5', 1, '2020-03-11 12:07:05', '223.255.228.102'),
(62, '5e68632d3f323', 1, '2020-03-11 12:07:19', '103.76.173.199'),
(63, '5e686315da41f', 1, '2020-03-11 12:07:40', '112.215.220.201'),
(64, '5e6862cf851ff', 1, '2020-03-11 12:07:57', '120.188.79.182'),
(65, '5e6860e83a1db', 2, '2020-03-11 12:08:02', '112.215.220.142'),
(66, '5e6863c47b7e6', 3, '2020-03-11 12:08:07', '103.76.173.199'),
(67, '5e68627842436', 2, '2020-03-11 12:08:24', '114.125.124.146'),
(68, '5e6863e305ba1', 3, '2020-03-11 12:08:49', '114.5.247.186'),
(69, '5e68639f39dcb', 1, '2020-03-11 12:09:33', '114.125.81.94'),
(70, '5e68625ae56d9', 2, '2020-03-11 12:09:57', '223.255.228.102'),
(71, '5e6863a92193e', 1, '2020-03-11 12:10:20', '114.122.138.39'),
(72, '5e68636deab2b', 2, '2020-03-11 12:10:21', '120.188.78.75'),
(73, '5e6862dab863c', 1, '2020-03-11 12:10:26', '103.76.173.199'),
(74, '5e6863427dc07', 1, '2020-03-11 12:10:34', '103.76.173.199'),
(75, '5e6864294195c', 3, '2020-03-11 12:11:00', '103.76.173.199'),
(76, '5e686472cc90d', 2, '2020-03-11 12:11:36', '114.125.81.74'),
(77, '5e68640829c4f', 3, '2020-03-11 12:12:03', '120.188.84.27'),
(78, '5e68648807f04', 2, '2020-03-11 12:12:55', '103.76.173.199'),
(79, '5e6863e89ae92', 3, '2020-03-11 12:13:02', '114.122.139.242'),
(80, '5e6864b2b1419', 2, '2020-03-11 12:13:14', '115.178.238.78'),
(81, '5e6864bd3ac2e', 2, '2020-03-11 12:13:37', '114.5.249.6'),
(82, '5e6864123778b', 3, '2020-03-11 12:15:17', '103.76.173.199'),
(83, '5e6864d851266', 2, '2020-03-11 12:17:15', '115.178.238.78'),
(84, '5e68650e483f7', 3, '2020-03-11 12:17:49', '114.122.138.117'),
(85, '5e68655182948', 1, '2020-03-11 12:18:58', '112.215.219.14'),
(86, '5e6865b89a944', 2, '2020-03-11 12:19:07', '114.122.139.242'),
(87, '5e68660b9282a', 1, '2020-03-11 12:20:45', '203.78.121.246'),
(88, '5e686610c4028', 2, '2020-03-11 12:21:30', '112.215.219.41'),
(89, '5e68664b8cbff', 2, '2020-03-11 12:21:42', '114.122.137.188'),
(90, '5e6867467e758', 1, '2020-03-11 12:23:00', '64.233.173.166'),
(91, '5e6867051ac20', 3, '2020-03-11 12:23:19', '223.255.228.107'),
(92, '5e68665647db7', 2, '2020-03-11 12:24:35', '103.76.173.199'),
(93, '5e6866d67a1c7', 2, '2020-03-11 12:24:42', '103.10.67.153'),
(94, '5e6866cb8c1b0', 2, '2020-03-11 12:24:43', '112.215.219.24'),
(95, '5e6865d64cc05', 2, '2020-03-11 12:25:21', '103.76.173.199'),
(96, '5e6866b46906d', 2, '2020-03-11 12:25:52', '103.76.173.199'),
(97, '5e686585241c8', 1, '2020-03-11 12:26:15', '103.76.173.199'),
(98, '5e686667818d1', 2, '2020-03-11 12:27:38', '103.76.173.199'),
(99, '5e68678241d3f', 1, '2020-03-11 12:27:40', '103.76.173.199'),
(100, '5e68672a81474', 3, '2020-03-11 12:29:15', '120.188.76.100'),
(101, '5e6867dcdd217', 2, '2020-03-11 12:29:33', '103.10.67.152'),
(102, '5e68680b2e89a', 2, '2020-03-11 12:29:36', '103.76.173.199'),
(103, '5e6867fee59f3', 1, '2020-03-11 12:29:59', '103.76.173.199'),
(104, '5e6868783757d', 1, '2020-03-11 12:30:43', '114.125.81.85'),
(105, '5e6868b248430', 3, '2020-03-11 12:31:22', '223.255.228.94'),
(106, '5e686874daecb', 2, '2020-03-11 12:31:37', '114.125.100.252'),
(107, '5e6868f7768fb', 2, '2020-03-11 12:32:53', '114.125.81.85'),
(108, '5e686950dce84', 2, '2020-03-11 12:33:24', '203.78.114.155'),
(109, '5e686a018dc65', 3, '2020-03-11 12:35:21', '203.78.114.155'),
(110, '5e686a03b9e6d', 1, '2020-03-11 12:35:53', '223.255.228.88'),
(111, '5e68697e264a8', 2, '2020-03-11 12:36:45', '114.122.140.30'),
(112, '5e68695da6bd5', 1, '2020-03-11 12:37:02', '64.233.173.163'),
(113, '5e686a3a818b2', 1, '2020-03-11 12:37:20', '114.122.137.17'),
(114, '5e686985206c9', 1, '2020-03-11 12:37:23', '103.76.173.199'),
(115, '5e686a4971e49', 2, '2020-03-11 12:39:12', '103.76.173.199'),
(116, '5e686a89985d2', 2, '2020-03-11 12:39:32', '103.76.173.199'),
(117, '5e686aada7672', 2, '2020-03-11 12:40:12', '120.188.65.72'),
(118, '5e68670379cd4', 1, '2020-03-11 12:40:52', '112.215.219.32'),
(119, '5e6868acddef1', 1, '2020-03-11 12:42:16', '64.233.173.163'),
(120, '5e686c17ad726', 2, '2020-03-11 12:42:50', '223.255.228.107'),
(121, '5e686c28682d7', 1, '2020-03-11 12:43:10', '223.255.228.104'),
(122, '5e686b91d3911', 1, '2020-03-11 12:43:43', '114.4.219.25'),
(123, '5e686c4d71ef3', 2, '2020-03-11 12:46:31', '103.76.173.199'),
(124, '5e686c6bbe853', 3, '2020-03-11 12:46:47', '223.255.228.102'),
(125, '5e686b3fbed12', 1, '2020-03-11 12:46:52', '64.233.173.166'),
(126, '5e686bd5295d2', 1, '2020-03-11 12:47:56', '114.122.140.137'),
(127, '5e68689338bae', 1, '2020-03-11 12:48:35', '203.78.121.245'),
(128, '5e686c978bafa', 2, '2020-03-11 12:48:57', '103.76.173.199'),
(129, '5e686d88b14e5', 1, '2020-03-11 12:49:41', '114.125.81.82'),
(130, '5e686d8e429c1', 3, '2020-03-11 12:50:44', '114.125.110.105'),
(131, '5e686d3a15a3d', 1, '2020-03-11 12:51:00', '103.76.173.199'),
(132, '5e686a740c560', 2, '2020-03-11 12:51:22', '120.188.65.72'),
(133, '5e686dbec0218', 2, '2020-03-11 12:51:23', '103.10.67.148'),
(134, '5e686dcc1a01d', 3, '2020-03-11 12:51:57', '114.79.20.188'),
(135, '5e686dde72679', 3, '2020-03-11 12:53:52', '114.125.81.72'),
(136, '5e686d53103fa', 1, '2020-03-11 12:54:28', '114.125.111.84'),
(137, '5e686ed3b8f04', 3, '2020-03-11 12:55:31', '103.10.67.173'),
(138, '5e686e09b0d8f', 3, '2020-03-11 12:56:09', '114.5.104.106'),
(139, '5e686e89cd325', 2, '2020-03-11 12:56:25', '112.215.220.166'),
(140, '5e686e1e8bd64', 2, '2020-03-11 12:56:56', '103.76.173.199'),
(141, '5e686f57d8f7a', 1, '2020-03-11 12:56:58', '114.122.135.217'),
(142, '5e686ea60c835', 2, '2020-03-11 12:58:56', '103.76.173.199'),
(143, '5e686eb4a6a57', 1, '2020-03-11 12:59:37', '114.5.240.253'),
(144, '5e686cd78e7bd', 1, '2020-03-11 12:59:41', '103.44.37.114'),
(145, '5e686fdc6a6d5', 1, '2020-03-11 12:59:59', '103.76.173.199'),
(146, '5e68702f9f54d', 3, '2020-03-11 13:00:04', '64.233.173.163'),
(147, '5e686cafc5af1', 1, '2020-03-11 13:00:33', '103.76.173.199'),
(148, '5e686cd70a6a5', 1, '2020-03-11 13:01:01', '103.76.173.199'),
(149, '5e686f8b42105', 3, '2020-03-11 13:01:15', '203.78.114.137'),
(150, '5e686d012bf58', 1, '2020-03-11 13:01:17', '223.255.228.93'),
(151, '5e686e6aa8481', 1, '2020-03-11 13:01:44', '114.125.125.217'),
(152, '5e686d7e14517', 1, '2020-03-11 13:01:48', '103.10.67.146'),
(153, '5e686f62967e4', 3, '2020-03-11 13:02:17', '115.178.254.107'),
(154, '5e686eec4732a', 3, '2020-03-11 13:04:07', '103.76.173.199'),
(155, '5e686f07cdcaf', 1, '2020-03-11 13:04:10', '103.76.173.199'),
(156, '5e68709f11ab8', 3, '2020-03-11 13:04:37', '114.122.140.254'),
(157, '5e686f76c057d', 2, '2020-03-11 13:05:40', '120.188.75.253'),
(158, '5e6871735145e', 1, '2020-03-11 13:07:19', '103.76.173.199'),
(159, '5e6871a037c08', 1, '2020-03-11 13:08:24', '203.78.121.203'),
(160, '5e68721d6dff9', 1, '2020-03-11 13:11:56', '103.76.173.199'),
(161, '5e686d55e849a', 1, '2020-03-11 13:13:20', '115.178.235.109'),
(162, '5e6872c4799ac', 1, '2020-03-11 13:14:15', '114.5.221.194'),
(163, '5e6872a0498e9', 1, '2020-03-11 13:14:40', '114.125.124.62'),
(164, '5e6872b558662', 1, '2020-03-11 13:14:41', '114.79.16.108'),
(165, '5e6872ee8bc1b', 1, '2020-03-11 13:14:47', '114.124.161.164'),
(166, '5e68737b93f1f', 1, '2020-03-11 13:15:53', '103.10.67.155'),
(167, '5e6872f0b5240', 1, '2020-03-11 13:16:09', '114.122.143.227'),
(168, '5e68732ddf049', 1, '2020-03-11 13:16:27', '114.122.134.106'),
(169, '5e6873b573439', 1, '2020-03-11 13:16:40', '64.233.173.166'),
(170, '5e6873bed55cc', 1, '2020-03-11 13:17:07', '103.10.67.154'),
(171, '5e6872b1de6de', 1, '2020-03-11 13:17:11', '223.255.228.87'),
(172, '5e687319a5ca5', 1, '2020-03-11 13:17:12', '223.255.228.97'),
(173, '5e68742f60d80', 1, '2020-03-11 13:17:34', '103.10.67.154'),
(174, '5e6873c7862dd', 1, '2020-03-11 13:18:06', '64.233.173.163'),
(175, '5e68701474abe', 2, '2020-03-11 13:18:12', '115.178.238.38'),
(176, '5e6873e948c90', 1, '2020-03-11 13:18:17', '112.215.219.216'),
(177, '5e687281f2a32', 1, '2020-03-11 13:18:21', '223.255.228.89'),
(178, '5e68734e14813', 1, '2020-03-11 13:18:27', '223.255.228.94'),
(179, '5e687425851ca', 1, '2020-03-11 13:18:39', '103.10.67.153'),
(180, '5e687412d4244', 1, '2020-03-11 13:18:50', '114.5.247.141'),
(181, '5e68734bc3398', 3, '2020-03-11 13:19:17', '103.76.173.199'),
(182, '5e686f37ce65a', 1, '2020-03-11 13:20:20', '112.215.220.118'),
(183, '5e6873a877d40', 1, '2020-03-11 13:20:45', '103.10.67.153'),
(184, '5e6873e948d25', 1, '2020-03-11 13:21:35', '103.76.173.199'),
(185, '5e6873da4a1d0', 1, '2020-03-11 13:22:00', '112.215.220.95'),
(186, '5e68746ab300d', 1, '2020-03-11 13:22:52', '103.10.67.152'),
(187, '5e6875384649f', 2, '2020-03-11 13:23:09', '115.178.238.38'),
(188, '5e687446ba3d0', 1, '2020-03-11 13:23:12', '103.76.173.199'),
(189, '5e687308b1347', 1, '2020-03-11 13:23:13', '114.122.143.227'),
(190, '5e68757083b25', 1, '2020-03-11 13:24:55', '223.255.228.99'),
(191, '5e68749122a81', 3, '2020-03-11 13:25:24', '112.215.219.219'),
(192, '5e687513c9f6a', 2, '2020-03-11 13:25:55', '114.125.109.247'),
(193, '5e687501d2b24', 1, '2020-03-11 13:26:17', '114.125.110.71'),
(194, '5e6872e02662f', 1, '2020-03-11 13:26:57', '114.122.143.227'),
(195, '5e68763ceb94d', 3, '2020-03-11 13:27:44', '103.10.67.147'),
(196, '5e6875253962a', 1, '2020-03-11 13:28:13', '223.255.228.101'),
(197, '5e68766d4ca94', 2, '2020-03-11 13:28:18', '8.37.232.191'),
(198, '5e687589d413f', 1, '2020-03-11 13:28:23', '114.125.81.87'),
(199, '5e6875486759c', 1, '2020-03-11 13:29:01', '115.178.238.38'),
(200, '5e6875982aeb4', 1, '2020-03-11 13:29:04', '103.76.173.199'),
(201, '5e68731942911', 1, '2020-03-11 13:29:57', '114.125.81.119'),
(202, '5e687500b6d06', 2, '2020-03-11 13:30:00', '114.122.136.33'),
(203, '5e6875596288f', 2, '2020-03-11 13:30:11', '203.78.114.180'),
(204, '5e6876ada0389', 3, '2020-03-11 13:30:29', '114.122.136.183'),
(205, '5e6875997d7a2', 3, '2020-03-11 13:30:47', '114.125.125.44'),
(206, '5e68727812235', 2, '2020-03-11 13:30:50', '112.215.220.205'),
(207, '5e6870d7c7d4a', 2, '2020-03-11 13:30:56', '114.122.142.99'),
(208, '5e6877180d801', 2, '2020-03-11 13:31:41', '114.125.117.187'),
(209, '5e6874d9df738', 1, '2020-03-11 13:32:10', '114.122.135.216'),
(210, '5e68762052084', 1, '2020-03-11 13:32:12', '114.125.81.116'),
(211, '5e68771e22c1f', 2, '2020-03-11 13:32:13', '114.122.136.33'),
(212, '5e68756b4dfa3', 2, '2020-03-11 13:32:38', '203.78.114.211'),
(213, '5e687774c8ea2', 2, '2020-03-11 13:32:42', '114.122.135.89'),
(214, '5e6876fe80b15', 1, '2020-03-11 13:32:50', '120.188.6.106'),
(215, '5e687768d7c42', 2, '2020-03-11 13:33:11', '223.255.228.86'),
(216, '5e687788767ec', 2, '2020-03-11 13:33:11', '114.122.132.9'),
(217, '5e68773dc7fa5', 2, '2020-03-11 13:33:18', '114.125.81.104'),
(218, '5e6877537262a', 2, '2020-03-11 13:33:57', '223.255.228.101'),
(219, '5e6874b6bdbf7', 2, '2020-03-11 13:33:59', '114.122.137.133'),
(220, '5e6877cd94c66', 2, '2020-03-11 13:34:51', '114.125.81.115'),
(221, '5e68755c16eb8', 2, '2020-03-11 13:36:09', '114.5.104.5'),
(222, '5e6875ccb1779', 2, '2020-03-11 13:36:19', '223.255.228.91'),
(223, '5e6874ed544cf', 1, '2020-03-11 13:36:20', '114.125.108.240'),
(224, '5e68753665dba', 2, '2020-03-11 13:36:54', '203.78.121.128'),
(225, '5e6878375a573', 1, '2020-03-11 13:38:30', '114.122.134.208'),
(226, '5e6878858d2b4', 3, '2020-03-11 13:38:35', '112.215.219.121'),
(227, '5e68787d5f1ff', 2, '2020-03-11 13:39:01', '115.178.235.168'),
(228, '5e68778d3ea14', 2, '2020-03-11 13:39:02', '114.122.135.226'),
(229, '5e6876e3be0bd', 2, '2020-03-11 13:39:30', '115.178.250.231'),
(230, '5e6877c966c07', 2, '2020-03-11 13:40:45', '112.215.219.38'),
(231, '5e687934aa1dd', 1, '2020-03-11 13:42:05', '103.76.173.199'),
(232, '5e68789cd761b', 2, '2020-03-11 13:42:22', '115.178.255.27'),
(233, '5e687910c5683', 1, '2020-03-11 13:42:30', '203.78.121.226'),
(234, '5e6879a124459', 1, '2020-03-11 13:42:39', '36.84.63.243'),
(235, '5e6878b8a5aae', 2, '2020-03-11 13:42:46', '103.76.173.199'),
(236, '5e6875ea4fac0', 1, '2020-03-11 13:43:00', '112.215.219.213'),
(237, '5e6879cc63542', 3, '2020-03-11 13:44:36', '103.76.173.199'),
(238, '5e6879764ec22', 1, '2020-03-11 13:44:57', '114.125.81.70'),
(239, '5e6879b4293d9', 2, '2020-03-11 13:45:52', '103.76.173.199'),
(240, '5e6874f45851d', 1, '2020-03-11 13:46:00', '203.78.121.151'),
(241, '5e6878500fd9e', 2, '2020-03-11 13:46:54', '36.84.63.243'),
(242, '5e687ab188665', 2, '2020-03-11 13:47:02', '114.122.137.134'),
(243, '5e687a8e168e9', 2, '2020-03-11 13:47:18', '112.215.219.12'),
(244, '5e687a777445d', 1, '2020-03-11 13:47:33', '223.255.228.104'),
(245, '5e6877e558308', 2, '2020-03-11 13:47:44', '36.84.63.243'),
(246, '5e6879ed33639', 1, '2020-03-11 13:48:17', '103.10.67.152'),
(247, '5e687acf6cdea', 2, '2020-03-11 13:48:18', '114.125.117.8'),
(248, '5e687b1e6a943', 2, '2020-03-11 13:48:47', '103.76.173.199'),
(249, '5e68786b89afc', 2, '2020-03-11 13:49:13', '112.215.220.218'),
(250, '5e6877f72f4fb', 2, '2020-03-11 13:49:37', '112.215.220.175'),
(251, '5e6879daef8f3', 1, '2020-03-11 13:49:39', '103.76.173.199'),
(252, '5e687656c91df', 1, '2020-03-11 13:49:40', '180.249.107.64'),
(253, '5e687992d7f42', 1, '2020-03-11 13:50:20', '112.215.220.211'),
(254, '5e687a1cc0110', 1, '2020-03-11 13:50:21', '112.215.220.211'),
(255, '5e687b3756e9b', 1, '2020-03-11 13:50:21', '203.78.121.99'),
(256, '5e687b73a2ce1', 1, '2020-03-11 13:51:11', '114.122.141.220'),
(257, '5e68763d3c907', 1, '2020-03-11 13:51:18', '180.249.41.184'),
(258, '5e6879f61389d', 1, '2020-03-11 13:51:39', '114.4.223.131'),
(259, '5e687b23d3b5e', 1, '2020-03-11 13:52:21', '120.188.74.212'),
(260, '5e687a03aff73', 1, '2020-03-11 13:52:58', '103.76.173.199'),
(261, '5e687997399ae', 3, '2020-03-11 13:53:05', '114.124.161.164'),
(262, '5e687c48465fb', 2, '2020-03-11 13:53:11', '103.76.173.199'),
(263, '5e687b0cb1378', 2, '2020-03-11 13:53:12', '203.78.114.141'),
(264, '5e687ad03ab19', 3, '2020-03-11 13:53:14', '112.215.220.155'),
(265, '5e687c1d7799a', 3, '2020-03-11 13:53:21', '103.10.67.164'),
(266, '5e687c37afd7e', 3, '2020-03-11 13:54:53', '223.255.228.107'),
(267, '5e687b57d15fc', 1, '2020-03-11 13:55:43', '120.188.74.212'),
(268, '5e6878d25d263', 1, '2020-03-11 13:56:05', '36.84.63.208'),
(269, '5e687d495026d', 1, '2020-03-11 13:56:26', '114.125.126.88'),
(270, '5e6876d33b27f', 3, '2020-03-11 13:56:38', '64.233.173.163'),
(271, '5e687bde11e00', 2, '2020-03-11 13:56:52', '103.10.67.148'),
(272, '5e687d93d9259', 2, '2020-03-11 13:57:08', '103.76.173.199'),
(273, '5e687af74cc9f', 1, '2020-03-11 13:57:37', '114.5.254.102'),
(274, '5e687bfd899fc', 2, '2020-03-11 13:58:07', '112.215.219.210'),
(275, '5e687ce61ca2f', 1, '2020-03-11 13:58:49', '103.76.173.199'),
(276, '5e687a38755ad', 1, '2020-03-11 14:06:44', '103.76.173.199'),
(277, '5e687d4c9330d', 3, '2020-03-11 14:06:47', '203.78.121.238'),
(278, '5e687dea23f24', 1, '2020-03-11 14:06:56', '223.255.228.82'),
(279, '5e687d2d40794', 1, '2020-03-11 14:07:01', '103.76.173.199'),
(280, '5e687a1c5ac74', 1, '2020-03-11 14:07:24', '103.76.173.199'),
(281, '5e687d7535ed2', 1, '2020-03-11 14:07:30', '114.122.142.19'),
(282, '5e687a50b83a8', 3, '2020-03-11 14:07:54', '36.84.63.150'),
(283, '5e687d897e23f', 1, '2020-03-11 14:07:56', '36.84.65.92'),
(284, '5e687e9d11f0a', 1, '2020-03-11 14:09:07', '203.78.121.142'),
(285, '5e687cda3bbaf', 3, '2020-03-11 14:12:12', '120.188.79.82'),
(286, '5e687d93d13cf', 1, '2020-03-11 14:12:14', '112.215.220.135'),
(287, '5e687cabdc295', 1, '2020-03-11 14:13:06', '114.122.134.105'),
(288, '5e68806f9b853', 1, '2020-03-11 14:13:45', '103.76.173.199'),
(289, '5e687cd7c5aff', 1, '2020-03-11 14:15:35', '203.78.121.253'),
(290, '5e6881b4c91bd', 2, '2020-03-11 14:16:27', '103.76.173.199'),
(291, '5e6881279ead2', 2, '2020-03-11 14:17:18', '114.125.109.43'),
(292, '5e688184eb45c', 2, '2020-03-11 14:17:32', '103.76.173.199'),
(293, '5e68820fc87b9', 1, '2020-03-11 14:17:54', '182.1.97.71'),
(294, '5e68810530f68', 1, '2020-03-11 14:17:57', '103.76.173.199'),
(295, '5e687d5145dd6', 1, '2020-03-11 14:19:09', '203.78.114.186'),
(296, '5e6881d3b83a7', 1, '2020-03-11 14:19:44', '112.215.219.9'),
(297, '5e6881e045f9e', 1, '2020-03-11 14:20:01', '114.122.132.19'),
(298, '5e6882765307a', 3, '2020-03-11 14:20:23', '203.78.121.51'),
(299, '5e6880e1ee1b7', 3, '2020-03-11 14:22:41', '112.215.219.231'),
(300, '5e68839704f7e', 3, '2020-03-11 14:24:27', '180.252.56.4'),
(301, '5e68830770dd1', 1, '2020-03-11 14:24:29', '103.76.173.199'),
(302, '5e688361924ec', 1, '2020-03-11 14:25:50', '114.122.135.104'),
(303, '5e68803fc06b3', 2, '2020-03-11 14:27:09', '182.253.75.233'),
(304, '5e688296e813c', 1, '2020-03-11 14:28:28', '112.215.220.166'),
(305, '5e68828bdb748', 2, '2020-03-11 14:28:30', '203.78.114.226'),
(306, '5e68814b974b2', 2, '2020-03-11 14:29:10', '114.122.132.132'),
(307, '5e6884b5c63ef', 1, '2020-03-11 14:29:12', '114.5.246.149'),
(308, '5e68829214d3d', 1, '2020-03-11 14:29:53', '203.78.121.209'),
(309, '5e688119c4a49', 2, '2020-03-11 14:30:30', '125.162.146.39'),
(310, '5e68844fc2fe7', 1, '2020-03-11 14:32:48', '120.188.74.222'),
(311, '5e688154ce085', 2, '2020-03-11 14:32:53', '203.78.121.165'),
(312, '5e6881b10a917', 1, '2020-03-11 14:33:06', '115.178.238.245'),
(313, '5e6883bbe5544', 1, '2020-03-11 14:34:22', '36.84.63.185'),
(314, '5e688192b698f', 2, '2020-03-11 14:35:24', '223.255.228.100'),
(315, '5e688b30475d0', 3, '2020-03-11 15:02:14', '115.178.238.182'),
(316, '5e688c5789666', 3, '2020-03-11 15:03:43', '112.215.219.162'),
(317, '5e688e4936c2b', 1, '2020-03-11 15:10:02', '114.122.140.23'),
(318, '5e688e9e01da6', 1, '2020-03-11 15:10:55', '103.76.173.199'),
(319, '5e688e151ff00', 1, '2020-03-11 15:11:13', '103.76.173.199'),
(320, '5e688e76e2684', 1, '2020-03-11 15:11:27', '103.76.173.199'),
(321, '5e688e160a668', 1, '2020-03-11 15:11:34', '114.122.139.98'),
(322, '5e688eaa33ae6', 1, '2020-03-11 15:11:37', '103.76.173.199'),
(323, '5e688e47f1092', 3, '2020-03-11 15:11:37', '223.255.228.99'),
(324, '5e688bcedc9ee', 2, '2020-03-11 15:12:02', '36.84.63.139'),
(325, '5e688e78dcd8c', 2, '2020-03-11 15:12:12', '114.125.127.106'),
(326, '5e688e0a3336e', 3, '2020-03-11 15:12:27', '114.4.216.237'),
(327, '5e688f1131354', 1, '2020-03-11 15:12:41', '103.76.173.199'),
(328, '5e688e26b2786', 3, '2020-03-11 15:13:07', '103.76.173.199'),
(329, '5e688f00a9152', 2, '2020-03-11 15:13:48', '103.76.173.199'),
(330, '5e688ed690920', 3, '2020-03-11 15:14:24', '223.255.228.81'),
(331, '5e688ea077161', 3, '2020-03-11 15:14:42', '103.76.173.199'),
(332, '5e688e6396060', 3, '2020-03-11 15:14:48', '223.255.228.99'),
(333, '5e688eeca15a8', 3, '2020-03-11 15:14:52', '114.122.138.208'),
(334, '5e688f5d3cd90', 3, '2020-03-11 15:15:15', '103.76.173.199'),
(335, '5e688ebb79c8b', 3, '2020-03-11 15:15:16', '114.125.81.94'),
(336, '5e688e7d65f20', 1, '2020-03-11 15:16:31', '203.78.121.237'),
(337, '5e688f407f305', 3, '2020-03-11 15:17:31', '203.78.114.116'),
(338, '5e688ed964083', 3, '2020-03-11 15:17:33', '103.76.173.199'),
(339, '5e688fbaec184', 2, '2020-03-11 15:19:21', '203.78.114.34'),
(340, '5e689003bb29b', 1, '2020-03-11 15:19:31', '114.122.141.66'),
(341, '5e6890d6830d3', 3, '2020-03-11 15:20:12', '114.122.141.245'),
(342, '5e688faf32f4a', 3, '2020-03-11 15:20:39', '203.78.114.116'),
(343, '5e688a5db72d5', 2, '2020-03-11 15:20:44', '115.178.238.116'),
(344, '5e688f720d49a', 3, '2020-03-11 15:21:33', '103.76.173.199'),
(345, '5e68906f3bf19', 1, '2020-03-11 15:21:33', '114.125.110.99'),
(346, '5e689013986fd', 2, '2020-03-11 15:22:47', '114.122.143.69'),
(347, '5e688fba32fe5', 2, '2020-03-11 15:23:13', '203.78.114.34'),
(348, '5e6891b4b0244', 1, '2020-03-11 15:26:18', '112.215.220.2'),
(349, '5e6890508d397', 1, '2020-03-11 15:26:26', '114.4.216.237'),
(350, '5e6891f145d8a', 3, '2020-03-11 15:26:28', '103.76.173.199'),
(351, '5e68907fbcf64', 1, '2020-03-11 15:26:46', '103.76.173.199'),
(352, '5e689254d78a8', 1, '2020-03-11 15:27:17', '114.125.81.87'),
(353, '5e6891a1c8178', 1, '2020-03-11 15:29:26', '203.78.121.188'),
(354, '5e68926f96c09', 1, '2020-03-11 15:30:13', '114.79.20.60'),
(355, '5e689212b28b4', 1, '2020-03-11 15:31:00', '112.215.220.214'),
(356, '5e6892101f3e7', 3, '2020-03-11 15:31:04', '103.10.67.154'),
(357, '5e6891ef9c050', 3, '2020-03-11 15:31:42', '114.4.219.179'),
(358, '5e6892cfca6cc', 1, '2020-03-11 15:31:49', '115.178.237.187'),
(359, '5e689395794a9', 3, '2020-03-11 15:31:50', '103.76.173.199'),
(360, '5e68942265a1e', 1, '2020-03-11 15:34:52', '103.76.173.199'),
(361, '5e68943989785', 3, '2020-03-11 15:35:27', '103.10.67.148'),
(362, '5e688f309213c', 1, '2020-03-11 15:37:10', '103.76.173.199'),
(363, '5e6894b2eba9c', 3, '2020-03-11 15:38:17', '114.5.249.121'),
(364, '5e689541a003d', 3, '2020-03-11 15:39:05', '115.178.238.100'),
(365, '5e6894dac2084', 2, '2020-03-11 15:39:11', '36.84.63.222'),
(366, '5e6893c6df95d', 1, '2020-03-11 15:39:17', '112.215.219.18'),
(367, '5e6893b966b0c', 1, '2020-03-11 15:41:43', '112.215.219.18'),
(368, '5e688ff4b825d', 1, '2020-03-11 15:42:40', '203.78.114.79'),
(369, '5e68955fb9967', 2, '2020-03-11 15:42:47', '36.84.63.222'),
(370, '5e6893429b7d6', 2, '2020-03-11 15:43:07', '203.78.114.100'),
(371, '5e689325dc826', 2, '2020-03-11 15:44:09', '203.78.114.100'),
(372, '5e6893ebb8768', 1, '2020-03-11 15:44:32', '114.4.220.153'),
(373, '5e68964e65ee4', 2, '2020-03-11 15:44:47', '180.249.117.73'),
(374, '5e689631a9830', 1, '2020-03-11 15:45:51', '203.78.114.37'),
(375, '5e68967fbcbdf', 2, '2020-03-11 15:47:20', '125.162.170.8'),
(376, '5e689609b21a8', 2, '2020-03-11 15:48:16', '114.125.81.125'),
(377, '5e689617a29d2', 2, '2020-03-11 15:48:30', '103.76.173.199'),
(378, '5e6896943cb7e', 2, '2020-03-11 15:48:31', '203.78.114.224'),
(379, '5e6896eeb1f73', 3, '2020-03-11 15:48:57', '103.10.67.164'),
(380, '5e68978545f5d', 2, '2020-03-11 15:50:39', '114.124.161.138'),
(381, '5e6894fa5745b', 1, '2020-03-11 15:50:40', '103.76.173.199'),
(382, '5e6896e081586', 1, '2020-03-11 15:50:49', '203.78.114.48'),
(383, '5e6897395c279', 1, '2020-03-11 15:51:34', '114.122.135.248'),
(384, '5e6896687060c', 1, '2020-03-11 15:51:37', '103.76.173.199'),
(385, '5e689667c9c0f', 1, '2020-03-11 15:51:40', '103.76.173.199'),
(386, '5e68974706b50', 1, '2020-03-11 15:51:50', '112.215.220.133'),
(387, '5e68934908a9c', 1, '2020-03-11 15:52:11', '180.249.96.216'),
(388, '5e68978b856ac', 1, '2020-03-11 15:52:30', '103.76.173.199'),
(389, '5e6897c2481f5', 2, '2020-03-11 15:52:57', '125.162.170.8'),
(390, '5e68941790aea', 2, '2020-03-11 15:53:04', '203.78.114.204'),
(391, '5e6897f22b074', 2, '2020-03-11 15:54:50', '103.76.173.199'),
(392, '5e6899199e03a', 2, '2020-03-11 15:56:25', '103.76.173.199'),
(393, '5e689833d8c65', 1, '2020-03-11 15:56:49', '182.1.115.251'),
(394, '5e6899628fb66', 1, '2020-03-11 15:57:10', '112.215.219.59'),
(395, '5e689970c4be4', 2, '2020-03-11 15:57:56', '175.158.49.212'),
(396, '5e6899e054312', 2, '2020-03-11 15:58:51', '103.76.173.199'),
(397, '5e689a011b99e', 2, '2020-03-11 15:59:46', '203.78.121.176'),
(398, '5e6898e1b933a', 1, '2020-03-11 15:59:48', '103.76.173.199'),
(399, '5e689a305078d', 2, '2020-03-11 16:01:27', '103.76.173.199'),
(400, '5e689a7f858a4', 2, '2020-03-11 16:04:09', '223.255.228.106'),
(401, '5e689be2e89ec', 2, '2020-03-11 16:10:25', '203.78.114.168'),
(402, '5e689cab2dc11', 2, '2020-03-11 16:12:12', '114.122.142.162'),
(403, '5e689cb41f57a', 2, '2020-03-11 16:12:16', '103.76.173.199'),
(404, '5e689ce5472eb', 3, '2020-03-11 16:12:30', '120.188.75.218'),
(405, '5e689cea736c6', 1, '2020-03-11 16:12:56', '103.76.173.199'),
(406, '5e689d2b6c170', 3, '2020-03-11 16:14:31', '175.158.49.212'),
(407, '5e689d594f5f4', 3, '2020-03-11 16:15:29', '141.0.8.211'),
(408, '5e689dc2d4c12', 2, '2020-03-11 16:17:39', '114.125.81.116'),
(409, '5e689d62760f2', 3, '2020-03-11 16:20:13', '114.122.137.208'),
(410, '5e689faf74c5e', 2, '2020-03-11 16:23:38', '114.122.135.158'),
(411, '5e689fbd82ced', 3, '2020-03-11 16:24:01', '115.178.236.14'),
(412, '5e68a015546fc', 3, '2020-03-11 16:24:43', '103.76.173.199'),
(413, '5e689f00a135f', 1, '2020-03-11 16:25:06', '203.78.121.186'),
(414, '5e68a052ac9aa', 1, '2020-03-11 16:28:23', '103.44.37.101'),
(415, '5e689f47956e6', 2, '2020-03-11 16:28:25', '114.122.138.167'),
(416, '5e689daa0bc39', 3, '2020-03-11 16:29:07', '114.5.103.155'),
(417, '5e689f819d6d8', 1, '2020-03-11 16:29:13', '115.178.235.117'),
(418, '5e689f6c5fffc', 1, '2020-03-11 16:29:28', '114.122.135.27'),
(419, '5e68a12e4e8c0', 1, '2020-03-11 16:29:41', '114.5.244.234'),
(420, '5e68a117a991f', 2, '2020-03-11 16:33:39', '103.10.67.169'),
(421, '5e68a0ca0ba2c', 3, '2020-03-11 16:36:33', '180.249.41.210'),
(422, '5e68a39882db6', 3, '2020-03-11 16:40:34', '103.76.173.199'),
(423, '5e68a3b8191a4', 2, '2020-03-11 16:42:48', '103.76.173.199'),
(424, '5e68a199a9ee8', 1, '2020-03-11 16:43:39', '114.5.247.103'),
(425, '5e68a4804b4f3', 2, '2020-03-11 16:46:50', '103.10.67.156'),
(426, '5e68a52b7720b', 1, '2020-03-11 16:47:56', '112.215.219.99'),
(427, '5e68a1086fcab', 1, '2020-03-11 16:48:40', '223.255.228.106'),
(428, '5e68a7a86d898', 3, '2020-03-11 16:59:14', '115.178.254.210'),
(429, '5e68a793a6118', 3, '2020-03-11 17:01:33', '103.76.173.199'),
(430, '5e68a86b1e050', 1, '2020-03-11 17:06:06', '115.178.238.38'),
(431, '5e68aacf24fa8', 2, '2020-03-11 17:13:52', '203.78.114.250'),
(432, '5e68aa24f30f7', 2, '2020-03-11 17:14:17', '103.10.67.158'),
(433, '5e68ab3d6ef90', 1, '2020-03-11 17:18:08', '223.255.228.83');

-- --------------------------------------------------------

--
-- Table structure for table `tb_jadwal`
--

CREATE TABLE IF NOT EXISTS `tb_jadwal` (
  `id` int(11) NOT NULL AUTO_INCREMENT,
  `mulai` datetime NOT NULL,
  `selesai` datetime NOT NULL,
  PRIMARY KEY (`id`)
) ENGINE=InnoDB  DEFAULT CHARSET=latin1 AUTO_INCREMENT=2 ;

--
-- Dumping data for table `tb_jadwal`
--

INSERT INTO `tb_jadwal` (`id`, `mulai`, `selesai`) VALUES
(1, '2020-03-10 10:00:00', '2020-03-10 12:00:00');

-- --------------------------------------------------------

--
-- Table structure for table `tb_kandidat`
--

CREATE TABLE IF NOT EXISTS `tb_kandidat` (
  `id` int(11) NOT NULL AUTO_INCREMENT,
  `no_urut` int(11) NOT NULL,
  `nama_ketua` varchar(128) NOT NULL,
  `nama_wakil` varchar(128) NOT NULL,
  `visi` text NOT NULL,
  `misi` text NOT NULL,
  `foto` varchar(128) NOT NULL,
  PRIMARY KEY (`id`)
) ENGINE=InnoDB  DEFAULT CHARSET=latin1 AUTO_INCREMENT=4 ;

--
-- Dumping data for table `tb_kandidat`
--

INSERT INTO `tb_kandidat` (`id`, `no_urut`, `nama_ketua`, `nama_wakil`, `visi`, `misi`, `foto`) VALUES
(1, 1, 'Irfan Walhidayah', 'Putu Zasya Eka Satya Nugraha', 'Mewujudkan Himpunan Mahasiswa Jurusan Teknik Informatika Yang <b>PATEN</b> (Profesional, Aktif, Transparansi, Empati,Nasionalis) Serta Berkualitas, Berkarakter dan Unggul Baik di Bidang Akademik Maupun Non Akademik.', '<ol>\r\n<li>Menjadikan HMJ Teknik Informatika Sebagai Wadah Untuk Menampung Aspirasi Bagi Seluruh Mahasiswa Teknik Informatika.</li>\r\n<li>Bersinergi Serta Mengayomi Seluruh Mahasiswa Teknik Informatika.</li>\r\n<li>Menyelenggarakan Program Kerja Yang Menarik dan Bermanfaat Bagi Seluruh Mahasiswa Teknik Informatika dengan Tetap Berpegang Teguh Pada Falsafah Tri Hita Karana.</li>\r\n<li>Memfasilitasi Serta Mengapresiasi Mahasiswa Teknik Informatika Untuk Meningkatkan Serta Mengembangkan Minat dan Bakat. Guna Mewujudkan Mahasiswa Teknik Informatika Yang Berprestasi Baik Bidang Akademik Maupun Non Akademik.</li>\r\n<li>Memegang Teguh Nilai Kebersamaan dan Kekeluargaan Tanpa Terjadi Perselisihan Baik di Lingkungan Internal Maupun Eksternal.</li>\r\n</ol>', '2020_1.png'),
(2, 2, 'Putu Adi Indrawan', 'Kadek Rama Sanjaya', 'Menjadikan Himpunan Jurusan TI yang Unggul,Responsif, dan menjunjung tinggi Solidaritas', '<ol>\r\n<li>Mewadahi dan menfasilitasi minat dan bakat mahasiswa/i yang berada dilingkungan Jurusan TI</li>\r\n<li>Meningkatkan partisipasi mahasiswa jurusan TI di bidang akademik dan non akademik</li>\r\n<li>Menjalin hubungan internal dan external HMJ TI Yang memiliki rasa solidaritas berdasarkan integritas </li>\r\n</ol>', '2020_2.png'),
(3, 3, 'Gede Budi Setiawan', 'Gede Beny Indrawan', 'Mewujudkan HMJ Teknik Informatika sebagai wadah untuk menampung aspirasi, kreativitas, dan minat bakat mahasiswa Jurusan Teknik Informatika dalam rangka menciptakan mahasiswa Teknik Informatika yang unggul dan berkarakter', '<ol>\r\n<li>Mewadahi potensi yang dimiliki oleh mahasiswa Jurusan Teknik Informatika baik di bidang akademik maupun non akademik</li>\r\n<li>Meningkatkan rasa kekeluargaan antara mahasiswa, dosen dan pegawai di lingkungan Jurusan Teknik Informatika</li>\r\n<li>Mengembangkan kemampuan softskill mahasiswa Teknik Informatika sehingga menjadi mahasiswa yang unggul dan berkarakter.</li>\r\n</ol>', '2020_3.png');

-- --------------------------------------------------------

--
-- Table structure for table `users`
--

CREATE TABLE IF NOT EXISTS `users` (
  `id` int(11) unsigned NOT NULL AUTO_INCREMENT,
  `ip_address` varchar(45) NOT NULL,
  `username` varchar(100) DEFAULT NULL,
  `password` varchar(255) DEFAULT NULL,
  `email` varchar(254) NOT NULL,
  `activation_selector` varchar(255) DEFAULT NULL,
  `activation_code` varchar(255) DEFAULT NULL,
  `forgotten_password_selector` varchar(255) DEFAULT NULL,
  `forgotten_password_code` varchar(255) DEFAULT NULL,
  `forgotten_password_time` int(11) unsigned DEFAULT NULL,
  `remember_selector` varchar(255) DEFAULT NULL,
  `remember_code` varchar(255) DEFAULT NULL,
  `created_on` int(11) unsigned NOT NULL,
  `last_login` int(11) unsigned DEFAULT NULL,
  `active` tinyint(1) unsigned DEFAULT NULL,
  `first_name` varchar(50) DEFAULT NULL,
  `last_name` varchar(50) DEFAULT NULL,
  `company` varchar(100) DEFAULT NULL,
  `phone` varchar(20) DEFAULT NULL,
  `token_pemilihan` varchar(128) DEFAULT NULL,
  `token_valid_until` datetime DEFAULT NULL,
  `handle_by_admin` int(10) unsigned DEFAULT NULL,
  `has_voting` enum('1','0') DEFAULT NULL,
  PRIMARY KEY (`id`),
  UNIQUE KEY `uc_email` (`email`),
  UNIQUE KEY `uc_activation_selector` (`activation_selector`),
  UNIQUE KEY `uc_forgotten_password_selector` (`forgotten_password_selector`),
  UNIQUE KEY `uc_remember_selector` (`remember_selector`),
  KEY `users_ibfk_1` (`handle_by_admin`)
) ENGINE=InnoDB  DEFAULT CHARSET=utf8 AUTO_INCREMENT=836 ;

--
-- Dumping data for table `users`
--

INSERT INTO `users` (`id`, `ip_address`, `username`, `password`, `email`, `activation_selector`, `activation_code`, `forgotten_password_selector`, `forgotten_password_code`, `forgotten_password_time`, `remember_selector`, `remember_code`, `created_on`, `last_login`, `active`, `first_name`, `last_name`, `company`, `phone`, `token_pemilihan`, `token_valid_until`, `handle_by_admin`, `has_voting`) VALUES
(1, '127.0.0.1', '[admin] Kadek Yogi Satya Mahayana', '$2y$12$M9fNIYN2V.rArcQRSnZ1u.XKr.mCcuFDdv7SWb1y9eghKEtB6sT3u', 'yogisatya@admin.com', NULL, '', NULL, NULL, NULL, NULL, NULL, 1268889823, 1583981878, 1, 'Yogi', 'Satya', 'ADMIN', '0', NULL, NULL, NULL, NULL),
(14, '99.99.99.1', 'Rochman Rizal lukal Fauza', '$2y$10$uccUYqubHV7yEJUm049dne6/OfhgoXW1HijIXdzBkJEFD/o0P1Fy6', '1815101001@evote.com', NULL, NULL, NULL, NULL, NULL, NULL, NULL, 1583723019, 1583905762, 1, NULL, NULL, NULL, NULL, '5e6879daef8f3', '2020-03-11 14:10:42', 826, '1'),
(15, '99.99.99.1', 'Gusti Ngurah Komang Hendri Guna Arisnawan', '$2y$10$9keL7PAar9WYuIYL1NeKvOwzwSF4slhwdbj3CWcJpl2fclDqheL/e', '1815101002@evote.com', NULL, NULL, NULL, NULL, NULL, NULL, NULL, 1583723019, 1583905776, 1, NULL, NULL, NULL, NULL, '5e687992d7f42', '2020-03-11 14:09:30', 826, '1'),
(16, '99.99.99.1', 'Ni Nyoman Rai Dwiyani', '$2y$10$O3rqpTT4.pkI9tVAHtJ5ceGlfDQW0FGtYqw09XSzLoFqThx4P4L2u', '1815101003@evote.com', NULL, NULL, NULL, NULL, NULL, NULL, NULL, 1583723019, 1583905826, 1, NULL, NULL, NULL, NULL, '5e6879f61389d', '2020-03-11 14:11:10', 823, '1'),
(17, '99.99.99.1', 'Ni Made Ayu Ekayanti', '$2y$10$iYGhgmFXv3NexFx.BtZ1UeBGXETXCw882fVttBOXr/dPaYDkUARJu', '1815101004@evote.com', NULL, NULL, NULL, NULL, NULL, NULL, NULL, 1583723019, 1583906790, 1, NULL, NULL, NULL, NULL, '5e687a38755ad', '2020-03-11 14:12:16', 823, '1'),
(18, '99.99.99.1', 'I Gede Eka Lingga Dharmagita', '$2y$10$mYIBKEMJ3ebw2dshUgtNoOgpmi5WN4HmsrtgbnnlrYs1X6XTxw.SO', '1815101005@evote.com', NULL, NULL, NULL, NULL, NULL, '54541358f9b733f10fd3d4bfc0ba4a457fef3852', '$2y$10$Ey0KPIj9nqtH2z7.WNVk1ewI7IASZ3SJIG94yc0jSXtzd9nGzsA32', 1583723019, 1583905700, 1, NULL, NULL, NULL, NULL, '5e687a1cc0110', '2020-03-11 14:11:48', 826, '1'),
(19, '99.99.99.1', 'Bintang Badrian', NULL, '1815101006@evote.com', NULL, NULL, NULL, NULL, NULL, NULL, NULL, 1583723019, 1583723179, 1, NULL, NULL, NULL, NULL, NULL, NULL, NULL, NULL),
(20, '99.99.99.1', 'Tulus Romora Situmeang', NULL, '1815101007@evote.com', NULL, NULL, NULL, NULL, NULL, NULL, NULL, 1583723019, NULL, 1, NULL, NULL, NULL, NULL, NULL, NULL, NULL, NULL),
(21, '99.99.99.1', 'I Komang Adi Pranata', '$2y$10$wAVzdDj0NbkP.7KH5l9/pOqr/olqrnh4x1DxpKWnlqd4g2ztVwp.y', '1815101008@evote.com', NULL, NULL, NULL, NULL, NULL, NULL, NULL, 1583723019, NULL, 1, NULL, NULL, NULL, NULL, '5e687a344e2c6', '2020-03-11 14:12:12', 826, NULL),
(22, '99.99.99.1', 'I Made Mahayogi Harta Sentosa', '$2y$10$nmjQwUeZhwACqsU4evVW1O6bGL1pTBkqpKrJ4Y.6rFwO.nOI4dN5G', '1815101009@evote.com', NULL, NULL, NULL, NULL, NULL, NULL, NULL, 1583723020, 1583905772, 1, NULL, NULL, NULL, NULL, '5e687a03aff73', '2020-03-11 14:11:23', 826, '1'),
(23, '99.99.99.1', 'Ni Wayan Karitania Wijayanti', '$2y$10$wcPFlQKTStiAwdFQ.Psc8O.lPmuERz99ym7L5EtwzYdImU0jdz8Om', '1815101010@evote.com', NULL, NULL, NULL, NULL, NULL, NULL, NULL, 1583723020, 1583906838, 1, NULL, NULL, NULL, NULL, '5e687a1c5ac74', '2020-03-11 14:11:48', 823, '1'),
(24, '99.99.99.1', 'Nuraeni', NULL, '1815101011@evote.com', NULL, NULL, NULL, NULL, NULL, NULL, NULL, 1583723020, NULL, 1, NULL, NULL, NULL, NULL, NULL, NULL, NULL, NULL),
(25, '99.99.99.1', 'Fatahillah', '$2y$10$oyGrs1CLJOxS4b2yaXblhef/BrRgNRFFnLU2jHpRYnETO3B9ksxOC', '1915051108@evote.com', NULL, NULL, NULL, NULL, NULL, NULL, NULL, 1583723060, 1583908343, 1, NULL, NULL, NULL, NULL, '5e6881b10a917', '2020-03-11 14:44:09', 826, '1'),
(26, '99.99.99.1', 'Rama Mahardika', '$2y$10$iDBPVLk4D8Rme8UiFytMpO0Hh9x9s.Nl9zv2zCXiUmhXM5ERVZ9G.', '1915051109@evote.com', NULL, NULL, NULL, NULL, NULL, NULL, NULL, 1583723060, 1583907796, 1, NULL, NULL, NULL, NULL, '5e68830770dd1', '2020-03-11 14:49:51', 826, '1'),
(27, '99.99.99.1', 'Helmi Maulana Hadiwinata', '$2y$10$TaaO2FxGNUS1ZXbMqQTlquHdfHDQ5iy7m1qhTpA9ruwXY1DX/kyAG', '1915051110@evote.com', NULL, NULL, NULL, NULL, NULL, NULL, NULL, 1583723060, 1583913079, 1, NULL, NULL, NULL, NULL, '5e68974706b50', '2020-03-11 16:16:15', 823, '1'),
(28, '99.99.99.1', 'I Made Swiarsa', '$2y$10$InVg.A0j.LGkUkvM7kU6Kuh/w0el5xcxu354OfijAkxpTnAGIPSAq', '1915051111@evote.com', NULL, NULL, NULL, NULL, NULL, 'b4f4f11be5451f393dffa5c94352acf5a748eef3', '$2y$10$GuTN6yUH7gnqBLN89pSw4Oz7LnDFQd9X930Ux0cxReB2rqlUuF1Ke', 1583723060, 1583910670, 1, NULL, NULL, NULL, NULL, '5e688e160a668', '2020-03-11 15:37:02', 823, '1'),
(29, '99.99.99.1', 'Krishna Maystra Dwipayana', NULL, '1915051105@evote.com', NULL, NULL, NULL, NULL, NULL, NULL, NULL, 1583723060, NULL, 1, NULL, NULL, NULL, NULL, NULL, NULL, NULL, NULL),
(30, '99.99.99.1', 'Firman Hadi Kuswara', NULL, '1915051106@evote.com', NULL, NULL, NULL, NULL, NULL, NULL, NULL, 1583723060, NULL, 1, NULL, NULL, NULL, NULL, NULL, NULL, NULL, NULL),
(31, '99.99.99.1', 'I Komang Pasek Mudiana', NULL, '1915051107@evote.com', NULL, NULL, NULL, NULL, NULL, NULL, NULL, 1583723060, NULL, 1, NULL, NULL, NULL, NULL, NULL, NULL, NULL, NULL),
(32, '99.99.99.1', 'Ni Ketut Fany Darma Leony', '$2y$10$dtKQHDblN5Fp7HNo7EbUj.Rc/hWdRKw61Z79XTpIxadrgaUkrk1eO', '1915051101@evote.com', NULL, NULL, NULL, NULL, NULL, NULL, NULL, 1583723060, 1583899789, 1, NULL, NULL, NULL, NULL, '5e6862dab863c', '2020-03-11 12:32:34', 823, '1'),
(33, '99.99.99.1', 'Putu Sintya Pradnya Paramitha', NULL, '1915051102@evote.com', NULL, NULL, NULL, NULL, NULL, NULL, NULL, 1583723060, NULL, 1, NULL, NULL, NULL, NULL, NULL, NULL, NULL, NULL),
(34, '99.99.99.1', 'I Putu Bastian Adi Putra', '$2y$10$S7rB438ZBl9xPUc5.uN4f.b.buZbIZeBihbdlYp8TD6Mevtz7jkgW', '1915051103@evote.com', NULL, NULL, NULL, NULL, NULL, NULL, NULL, 1583723060, 1583900460, 1, NULL, NULL, NULL, NULL, '5e68664b8cbff', '2020-03-11 12:47:15', 823, '1'),
(35, '99.99.99.1', 'Hanosi Wazri', '$2y$10$k9Ff7mFy.Txsq1MdYRyjGOGg.Kqh1cSYWUyHc55LFLpqUpDafpq5.', '1915051104@evote.com', NULL, NULL, NULL, NULL, NULL, '272deff8abb6eeed58ac4261262691749a689581', '$2y$10$5K6wmfGBICu24eWmFuoe9uoNe.xxX2OKO30DQea5kUOdLEafSDxjC', 1583723061, 1583910583, 1, NULL, NULL, NULL, NULL, '5e688e4936c2b', '2020-03-11 15:37:53', 823, '1'),
(36, '99.99.99.1', 'Putu Evi Susita Dewi', NULL, '1915051098@evote.com', NULL, NULL, NULL, NULL, NULL, NULL, NULL, 1583723061, NULL, 1, NULL, NULL, NULL, NULL, NULL, NULL, NULL, NULL),
(37, '99.99.99.1', 'Made Angga Permana', '$2y$10$vDD3bBduCUBLlEZMaHCe7ugfsTWT8dGlmHnJjTwFCamQhtVy.rveu', '1915051099@evote.com', NULL, NULL, NULL, NULL, NULL, NULL, NULL, 1583723061, 1583902543, 1, NULL, NULL, NULL, NULL, '5e686e89cd325', '2020-03-11 13:22:25', 826, '1'),
(38, '99.99.99.1', 'Gede Bayu Budi Arta', '$2y$10$Gg1gv9hqb1hzCvuGCgvQUuyPLx9Y/dqVINKQuaSBK85putdBPM6X2', '1915051100@evote.com', NULL, NULL, NULL, NULL, NULL, NULL, NULL, 1583723061, 1583915372, 1, NULL, NULL, NULL, NULL, '5e689d62760f2', '2020-03-11 16:42:18', 823, '1'),
(39, '99.99.99.1', 'Kadek Indra Kusuma', '$2y$10$yfPR0Y3zztB/X/6UkYPBBeZLEPWlOakbyCIen4T2f8Ch6BP4PF0Xa', '1915051095@evote.com', NULL, NULL, NULL, NULL, NULL, '9c4559a3917620b3b7cb9f07ffd33ce08cdf6fae', '$2y$10$7r228eihWeKY3aNfMfSlEOe9jPdlv1DjGyKw/nY0cA3KfBRzC/K4.', 1583723061, 1583898843, 1, NULL, NULL, NULL, NULL, '5e685fab04ac3', '2020-03-11 12:18:59', 823, '1'),
(40, '99.99.99.1', 'Putu Erwin Wahyuda', NULL, '1915051096@evote.com', NULL, NULL, NULL, NULL, NULL, NULL, NULL, 1583723061, NULL, 1, NULL, NULL, NULL, NULL, NULL, NULL, NULL, NULL),
(41, '99.99.99.1', 'Ni Kadek Dewi Agustina', NULL, '1915051097@evote.com', NULL, NULL, NULL, NULL, NULL, NULL, NULL, 1583723061, NULL, 1, NULL, NULL, NULL, NULL, NULL, NULL, NULL, NULL),
(42, '99.99.99.1', 'I Gusti Ngurah Bagus Bayu Surya', '$2y$10$Q8dD0wJZ404l3NgniRT7suDvBi5zNDNzJkkyFcS9B7YjIZEFurueS', '1915051091@evote.com', NULL, NULL, NULL, NULL, NULL, NULL, NULL, 1583723061, 1583899773, 1, NULL, NULL, NULL, NULL, '5e68625ae56d9', '2020-03-11 12:30:26', 823, '1'),
(43, '99.99.99.1', 'I Wayan Darma Kusuma Yasa', '$2y$10$rtBGM9JzAhlCJn4vALGmZ.XLfkog1qmBLNuxQcJjfSXB/RTJjihxu', '1915051092@evote.com', NULL, NULL, NULL, NULL, NULL, NULL, NULL, 1583723061, 1583901126, 1, NULL, NULL, NULL, NULL, '5e6868f7768fb', '2020-03-11 12:58:39', 823, '1'),
(44, '99.99.99.1', 'I Komang Sutrisna Putra Widana S', '$2y$10$KOZIUXW/F2ok3udONzvg.uPtcirMi/6hcm.mV.jEvdnM92npBlyQG', '1915051093@evote.com', NULL, NULL, NULL, NULL, NULL, NULL, NULL, 1583723061, 1583904823, 1, NULL, NULL, NULL, NULL, '5e6877537262a', '2020-03-11 13:59:55', 823, '1'),
(45, '99.99.99.1', 'Made Restu Dharma Yasa', '$2y$10$9Q8PoYvGKrGonC5Gw/No5..1o8z8lm8xjHXn6WprMNm73X2KLztxK', '1915051094@evote.com', NULL, NULL, NULL, NULL, NULL, NULL, NULL, 1583723061, 1583910670, 1, NULL, NULL, NULL, NULL, '5e688e76e2684', '2020-03-11 15:38:38', 823, '1'),
(46, '99.99.99.1', 'Kevin Rodrigo Semuel Ahab', '$2y$10$fz7CCZb6gI7mH0pSR/wNJ.V.pBCd7sF2RyNasuMyWcTxOI5cW1h.2', '1915051087@evote.com', NULL, NULL, NULL, NULL, NULL, NULL, NULL, 1583723062, 1583909098, 1, NULL, NULL, NULL, NULL, '5e685cde0d154', '2020-03-11 12:07:02', 823, '1'),
(47, '99.99.99.1', 'I Komang Marjaya Adi Surya', '$2y$10$u0QyErMA.ZzZLfD9eA2/5.G8EKrVWZPfWp32VJAvIpbfMBukpMXY2', '1915051088@evote.com', NULL, NULL, NULL, NULL, NULL, NULL, NULL, 1583723062, 1583905735, 1, NULL, NULL, NULL, NULL, '5e687656c91df', '2020-03-11 13:55:42', 826, '1'),
(48, '99.99.99.1', 'I Komang Agus Tri Candra', '$2y$10$V6gd5lCGQG2gdksB2rD2RuBw8K.LTS9rjPlBFeRXbrPxfEYkpAbMK', '1915051089@evote.com', NULL, NULL, NULL, NULL, NULL, NULL, NULL, 1583723062, 1583916198, 1, NULL, NULL, NULL, NULL, '5e68a199a9ee8', '2020-03-11 17:00:17', 824, '1'),
(49, '99.99.99.1', 'Putu Graha Budi Pradana', NULL, '1915051090@evote.com', NULL, NULL, NULL, NULL, NULL, NULL, NULL, 1583723062, NULL, 1, NULL, NULL, NULL, NULL, NULL, NULL, NULL, NULL),
(50, '99.99.99.1', 'Made Artha Saraswati', NULL, '1915051083@evote.com', NULL, NULL, NULL, NULL, NULL, NULL, NULL, 1583723062, NULL, 1, NULL, NULL, NULL, NULL, NULL, NULL, NULL, NULL),
(51, '99.99.99.1', 'Putu Sastra Krisna Yana', '$2y$10$h5zJIOmmBdO.1p.O8.f0sumqoEuUgXoQy9og3yZXn0G7/KLmxH6Pe', '1915051084@evote.com', NULL, NULL, NULL, NULL, NULL, NULL, NULL, 1583723062, 1583908014, 1, NULL, NULL, NULL, NULL, '5e68803fc06b3', '2020-03-11 14:37:59', 824, '1'),
(52, '99.99.99.1', 'Syah Rival Munastan', NULL, '1915051085@evote.com', NULL, NULL, NULL, NULL, NULL, NULL, NULL, 1583723062, NULL, 1, NULL, NULL, NULL, NULL, NULL, NULL, NULL, NULL),
(53, '99.99.99.1', 'Ni Kadek Dwi Juniantari', '$2y$10$aMCOSCtU/2B1/ef.XdT6Q.okyrxIun/oQ7lqj.Iu84uA/eYJK9FGS', '1915051086@evote.com', NULL, NULL, NULL, NULL, NULL, NULL, NULL, 1583723062, 1583908186, 1, NULL, NULL, NULL, NULL, '5e68844fc2fe7', '2020-03-11 14:55:19', 826, '1'),
(54, '99.99.99.1', 'Abdul Haris', '$2y$10$LR0CW36/cqkBb4VZokqxqOsWTgwMYnwC3Gw1j6.OfFYzgITUREgqa', '1915051079@evote.com', NULL, NULL, NULL, NULL, NULL, NULL, NULL, 1583723062, 1583915221, 1, NULL, NULL, NULL, NULL, '5e687b4597710', '2020-03-11 14:16:45', 823, NULL),
(55, '99.99.99.1', 'Vina Velina', '$2y$10$JFlJTEWq0MoxdKzAx8SmRuzeJ/QY0WWbekyumX3zIXVpTe8Dvzk/.', '1915051080@evote.com', NULL, NULL, NULL, NULL, NULL, NULL, NULL, 1583723062, 1583905619, 1, NULL, NULL, NULL, NULL, '5e687a777445d', '2020-03-11 14:13:19', 826, '1'),
(56, '99.99.99.1', 'Ni Kadek Diah Purwaningrum', '$2y$10$NE.Ge/jc6sgHI7ZhHEF8fOY8WYeQqoX22ZIbU43Gx0prdK7ygVhBS', '1915051081@evote.com', NULL, NULL, NULL, NULL, NULL, NULL, NULL, 1583723062, 1583907881, 1, NULL, NULL, NULL, NULL, '5e68828bdb748', '2020-03-11 14:47:47', 823, '1'),
(57, '99.99.99.1', 'Lora Elfira Br Sembiring', '$2y$10$6kOLz./X1de6RB.H48I9Eul/3NKNcAOp1DLs/NCEmvRthOgeD4R62', '1915051082@evote.com', NULL, NULL, NULL, NULL, NULL, NULL, NULL, 1583723062, 1583904354, 1, NULL, NULL, NULL, NULL, '5e686cd78e7bd', '2020-03-11 13:15:11', 1, '1'),
(58, '99.99.99.1', 'Gede Satriadi Utama', '$2y$10$.jwWqjbYEMrmkDBNPdzMwOtwpEYRIOdQGXozIMuT2.0YAcmNXnjAC', '1915051075@evote.com', NULL, NULL, NULL, NULL, NULL, '9079e269fcb9cf35c80387a1f1e144216b258f97', '$2y$10$dBtp8h06GiA5RoiWhZOM3OlbKz96mxZ/VLFZgZzkoPRG/tlEB987u', 1583723063, 1583901409, 1, NULL, NULL, NULL, NULL, '5e686a3a818b2', '2020-03-11 13:04:02', 823, '1'),
(59, '99.99.99.1', 'Ida Ayu Made Dwi Gita Cahyani', NULL, '1915051076@evote.com', NULL, NULL, NULL, NULL, NULL, NULL, NULL, 1583723063, NULL, 1, NULL, NULL, NULL, NULL, NULL, NULL, NULL, NULL),
(60, '99.99.99.1', 'Made Genta Arya Shimaoka', NULL, '1915051077@evote.com', NULL, NULL, NULL, NULL, NULL, NULL, NULL, 1583723063, NULL, 1, NULL, NULL, NULL, NULL, NULL, NULL, NULL, NULL),
(61, '99.99.99.1', 'I Gusti Agung Mas Widnya Dewi', NULL, '1915051071@evote.com', NULL, NULL, NULL, NULL, NULL, NULL, NULL, 1583723063, NULL, 1, NULL, NULL, NULL, NULL, NULL, NULL, NULL, NULL),
(62, '99.99.99.1', 'Rahmat Gah Bahaduri', '$2y$10$AQ2VNvxua1PC20LSr3a53.qjLgT927RASEUUXdfQd6vR7jaw/s5r6', '1915051072@evote.com', NULL, NULL, NULL, NULL, NULL, NULL, NULL, 1583723063, 1583905792, 1, NULL, NULL, NULL, NULL, '5e68763d3c907', '2020-03-11 13:55:17', 826, '1'),
(63, '99.99.99.1', 'Ketut Nova Wirya Dinata', '$2y$10$N5r/CrDL5Wyk567aB1LPauOzIjvJ3G6X7EUsM8xBDG/McrW5eX.v6', '1915051073@evote.com', NULL, NULL, NULL, NULL, NULL, NULL, NULL, 1583723063, 1583910748, 1, NULL, NULL, NULL, NULL, '5e688f1131354', '2020-03-11 15:41:13', 826, '1'),
(64, '99.99.99.1', 'Laela Maulida Fitrianisa', '$2y$10$kdXO3lZiVH2ujk5shhLg/OrD2V/qEpvxFKr7NGwzRuS6I5/VgdXIe', '1915051074@evote.com', NULL, NULL, NULL, NULL, NULL, NULL, NULL, 1583723063, 1583913053, 1, NULL, NULL, NULL, NULL, '5e6896687060c', '2020-03-11 16:12:32', 823, '1'),
(65, '99.99.99.1', 'Basoka Akbar Manurung', NULL, '1915051068@evote.com', NULL, NULL, NULL, NULL, NULL, NULL, NULL, 1583723063, NULL, 1, NULL, NULL, NULL, NULL, NULL, NULL, NULL, NULL),
(66, '99.99.99.1', 'Putu Agustina Wednes Dewansa', NULL, '1915051069@evote.com', NULL, NULL, NULL, NULL, NULL, NULL, NULL, 1583723063, NULL, 1, NULL, NULL, NULL, NULL, NULL, NULL, NULL, NULL),
(67, '99.99.99.1', 'Made Dwi Sukarasa', '$2y$10$cSO9GB82sASxxBEuFLUSAueirVFaSlho.1SFYFoCMHHeVLxndz2jq', '1915051070@evote.com', NULL, NULL, NULL, NULL, NULL, NULL, NULL, 1583723063, 1583900941, 1, NULL, NULL, NULL, NULL, '5e686874daecb', '2020-03-11 12:56:28', 823, '1'),
(68, '99.99.99.1', 'Sukma Putri Novianti', NULL, '1915051001@evote.com', NULL, NULL, NULL, NULL, NULL, NULL, NULL, 1583723063, NULL, 1, NULL, NULL, NULL, NULL, NULL, NULL, NULL, NULL),
(69, '99.99.99.1', 'Fransiska Br Barus', '$2y$10$l0yjBWYCAqbymS0rwOTDHOK5YO9jYhmPKBjokanxerXwCocGKnYta', '1915051002@evote.com', NULL, NULL, NULL, NULL, NULL, NULL, NULL, 1583723063, NULL, 1, NULL, NULL, NULL, NULL, '5e688a285df43', '2020-03-11 15:20:16', 824, NULL),
(70, '99.99.99.1', 'I Gede Agus Satriadi Wiguna', '$2y$10$YRrNt8T1XcHuZatkUw22peg3txJT24kagIjBbJDd9z/u6U1H.FYs2', '1915051062@evote.com', NULL, NULL, NULL, NULL, NULL, '23fc0219e2160686648bc937453b5ce2227f49b0', '$2y$10$wJVPRsD91uBofoEp4Rx.POVZyR.JzCAKDEnX0Afv1j9MkulCykWy.', 1583723064, 1583916358, 1, NULL, NULL, NULL, NULL, '5e6874dd14812', '2020-03-11 13:49:25', 826, NULL),
(71, '99.99.99.1', 'I Made Bhisma Putra Nugraha', '$2y$10$FUOw8Z1d7GhM3mkln9IP7OXJqDrRoEYlSLF4sLhrj4v.7vlD22G8W', '1915051063@evote.com', NULL, NULL, NULL, NULL, NULL, NULL, NULL, 1583723064, 1583907378, 1, NULL, NULL, NULL, NULL, '5e68810530f68', '2020-03-11 14:41:17', 824, '1'),
(72, '99.99.99.1', 'I Kadek Dwi Putra Negara', '$2y$10$tz3JtxZYTMf0JeXL8symGO2F.3ySc8nJSmhCFCYUAttga9xMWqiea', '1915051064@evote.com', NULL, NULL, NULL, NULL, NULL, NULL, NULL, 1583723064, 1583905846, 1, NULL, NULL, NULL, NULL, '5e687b73a2ce1', '2020-03-11 14:17:31', 1, '1'),
(73, '99.99.99.1', 'Komang Adi Pradana Wiratama', '$2y$10$noigBYTQ5O5/gGv/ZQKIrOwpEpKlVs7btMeHu1ld8Yw/eQ4sv/W4y', '1915051061@evote.com', NULL, NULL, NULL, NULL, NULL, NULL, NULL, 1583723064, 1583899581, 1, NULL, NULL, NULL, NULL, '5e68627842436', '2020-03-11 12:30:56', 823, '1'),
(74, '99.99.99.1', 'Ni Putu Gita Oktayani', '$2y$10$6siiE1gj3h/cUUJ/EBrYj.S.UulN8R9hnkoNYbgbStLRjZB.Npoae', '1915051057@evote.com', NULL, NULL, NULL, NULL, NULL, 'a1ec63872bbd1d32bfa63079d5fc2ad2c47b8366', '$2y$10$aRc38as9bCga71HDHrm8VuFRlQUOc2iQZiHiNR74v1I8ceDzCuQCa', 1583723064, 1583899177, 1, NULL, NULL, NULL, NULL, '5e685fec7edef', '2020-03-11 12:20:04', 823, '1'),
(75, '99.99.99.1', 'Kadek Cahyanta Wibawa', '$2y$10$ZteJ.hF25zkV8sYzeKcvhOmjHjr1m0rJFaPbVyLu5zgcDMt7XIkQa', '1915051058@evote.com', NULL, NULL, NULL, NULL, NULL, NULL, NULL, 1583723064, 1583904552, 1, NULL, NULL, NULL, NULL, '5e687500b6d06', '2020-03-11 13:50:00', 826, '1'),
(76, '99.99.99.1', 'I Gusti Ngurah Darma Adnyana', '$2y$10$FhIVQ9VZkThlSfLw1i01Bu1Mr/cwg6dMAY.CgQdetSF0DU8BsVThq', '1915051059@evote.com', NULL, NULL, NULL, NULL, NULL, NULL, NULL, 1583723064, 1583905268, 1, NULL, NULL, NULL, NULL, '5e687910c5683', '2020-03-11 14:07:20', 826, '1'),
(77, '99.99.99.1', 'I Gusti Ayu Komang Tri Sukma Laksmi Dewi', '$2y$10$FNvIEYQHu0ijk3dlJ71oE.0bp/PNCrZATQfSKisZYlC.obepHTu52', '1915051060@evote.com', NULL, NULL, NULL, NULL, NULL, NULL, NULL, 1583723064, 1583900138, 1, NULL, NULL, NULL, NULL, '5e68655182948', '2020-03-11 12:43:05', 1, '1'),
(78, '99.99.99.1', 'I Kadek Adi Buda Sayoga', NULL, '1915051053@evote.com', NULL, NULL, NULL, NULL, NULL, NULL, NULL, 1583723064, NULL, 1, NULL, NULL, NULL, NULL, NULL, NULL, NULL, NULL),
(79, '99.99.99.1', 'Daniar Istianatul Wafiah', '$2y$10$GCoG13ZSNy45tCtm6V4XEOhtJqDJ4pNA4Rsm8Uu7V6Jj9CZ8wdcwe', '1915051054@evote.com', NULL, NULL, NULL, NULL, NULL, '10bed3376eaeb94df33e4026909bbe5408ad553d', '$2y$10$EjulfUIqxxRzCgr7JJHDsOMQJhxatUhxo6SvOQeg56ZQdFPVgCrha', 1583723064, 1583913047, 1, NULL, NULL, NULL, NULL, '5e689667c9c0f', '2020-03-11 16:12:31', 824, '1'),
(80, '99.99.99.1', 'I Komang Yudiantara', '$2y$10$IlmmBG9yv7X4QOs0j5fsO.T8QfegWiUo2XxlYUSj5tAfynSW27arm', '1915051055@evote.com', NULL, NULL, NULL, NULL, NULL, '09f0943735ed18722d6aa3a67c325774a3b106aa', '$2y$10$GZsPkZ0Yv1BzNbYsli7aO.7lB5GAa56FHX8w3ga63qocolxPdSV6O', 1583723064, 1583904583, 1, NULL, NULL, NULL, NULL, '5e6876d33b27f', '2020-03-11 13:57:47', 826, '1'),
(81, '99.99.99.1', 'Arif Samsul Hadi', '$2y$10$EAUt9g81W7IDI9Y0teBQde0IvFxarJvuETu79rlrUOmjGtrkXIE4q', '1915051056@evote.com', NULL, NULL, NULL, NULL, NULL, NULL, NULL, 1583723065, 1583912900, 1, NULL, NULL, NULL, NULL, '5e6896943cb7e', '2020-03-11 16:13:16', 824, '1'),
(82, '99.99.99.1', 'Ni Luh Dita Oktaviari', '$2y$10$F91ziRcLr151UoMrCK.mheSCXSExc3fwDzBjLhVaeaeK0ZBr6GwNm', '1915051049@evote.com', NULL, NULL, NULL, NULL, NULL, NULL, NULL, 1583723065, 1583906721, 1, NULL, NULL, NULL, NULL, '5e68766f06a35', '2020-03-11 13:56:07', 823, NULL),
(83, '99.99.99.1', 'I Made Bramanta Ari Kusuma', '$2y$10$KxEizHhChywDjI1T4H50v.0.Ts8w/tEhRpQo1Ed2pXvecrQ2mqYmu', '1915051050@evote.com', NULL, NULL, NULL, NULL, NULL, NULL, NULL, 1583723065, 1583903472, 1, NULL, NULL, NULL, NULL, '5e68721d6dff9', '2020-03-11 13:37:41', 826, '1'),
(84, '99.99.99.1', 'Ni Kadek Sritina Febriani', '$2y$10$LYNmhzf9YBYi/KaOPwP2/.poXF0JcKo94Z.bYkTlOy4VHgS/dNybC', '1915051051@evote.com', NULL, NULL, NULL, NULL, NULL, NULL, NULL, 1583723065, 1583908117, 1, NULL, NULL, NULL, NULL, '5e68829214d3d', '2020-03-11 14:47:54', 824, '1'),
(85, '99.99.99.1', 'I Ketut Yudi Premana Giri', '$2y$10$4wSpAiHBjUQ3mrCumf6aQuCr8FEDdjO6K6gwOn5Lu/Riy4Y/ys4tK', '1915051052@evote.com', NULL, NULL, NULL, NULL, NULL, 'bb9a94b145c8078f8a0936de7f325a3f56addc1d', '$2y$10$fn9g5Z.4goZPRi6GZnPf0uZVbpkjVlJAxwTQNzNL2NWqIWT21Lt9.', 1583723065, 1583899748, 1, NULL, NULL, NULL, NULL, '5e68636deab2b', '2020-03-11 12:35:01', 1, '1'),
(86, '99.99.99.1', 'Rapelda U. Mada Ibpa Br Tarigan', '$2y$10$o3.03G87M.otXQtrUmmERO11ED1pg5AQ2t4qmQyy10.FlW3/veSqS', '1915051046@evote.com', NULL, NULL, NULL, NULL, NULL, NULL, NULL, 1583723065, 1583917557, 1, NULL, NULL, NULL, NULL, '5e68a86b1e050', '2020-03-11 17:29:23', 826, '1'),
(87, '99.99.99.1', 'Gede Indra Werdi Sanjaya', '$2y$10$VijHGz4PHN3LuWPeTDHfLurQH2sTm0Wa02iK4zNacHt7hr0BtrQhq', '1915051047@evote.com', NULL, NULL, NULL, NULL, NULL, NULL, NULL, 1583723065, 1583904462, 1, NULL, NULL, NULL, NULL, '5e68762052084', '2020-03-11 13:54:48', 826, '1'),
(88, '99.99.99.1', 'Smarana Putra', '$2y$10$wK2sy8be/V63mUJeFJEjP.zPLDstDL4Meyz2d4G6XeX.r3spMQfIW', '1915051048@evote.com', NULL, NULL, NULL, NULL, NULL, NULL, NULL, 1583723065, 1583913084, 1, NULL, NULL, NULL, NULL, '5e6897395c279', '2020-03-11 16:16:01', 824, '1'),
(89, '99.99.99.1', 'Putu Deva Tarinda Novani', NULL, '1915051041@evote.com', NULL, NULL, NULL, NULL, NULL, NULL, NULL, 1583723065, NULL, 1, NULL, NULL, NULL, NULL, NULL, NULL, NULL, NULL),
(90, '99.99.99.1', 'Didik Nurrahman', '$2y$10$DBgMfSHndWQIDKNTrVIPV.rPq1fguM.nZEOlSZ8N8/KRqKYeJIonG', '1915051042@evote.com', NULL, NULL, NULL, NULL, NULL, NULL, NULL, 1583723065, 1583901007, 1, NULL, NULL, NULL, NULL, '5e6868783757d', '2020-03-11 12:56:32', 1, '1'),
(91, '99.99.99.1', 'Ni Made Pyari Shinta Puspa Dewi', '$2y$10$VB4u3D3HnZ8.izX/4WB7peCwrft4pbtENE2fgiOPjA6XXFyqKYRfy', '1915051043@evote.com', NULL, NULL, NULL, NULL, NULL, NULL, NULL, 1583723065, 1583908356, 1, NULL, NULL, NULL, NULL, '5e68a12e4e8c0', '2020-03-11 16:58:30', 826, '1'),
(92, '99.99.99.1', 'Ketut Alit Winggasaputra', '$2y$10$16hqhczQ65qLxTf0xo/shOtrkCUcxMi.CnO4pQurVSizWmMZLmuau', '1915051044@evote.com', NULL, NULL, NULL, NULL, NULL, NULL, NULL, 1583723065, 1583911706, 1, NULL, NULL, NULL, NULL, '5e6891ef9c050', '2020-03-11 15:53:27', 824, '1'),
(93, '99.99.99.1', 'Ni Luh Puja Sasmita', '$2y$10$LXYOl1Q39xZx4pjqz2OKveZRB3FsnY5vBeLPY1bKl6i8NWmqF7Mxm', '1915051037@evote.com', NULL, NULL, NULL, NULL, NULL, NULL, NULL, 1583723066, 1583907937, 1, NULL, NULL, NULL, NULL, '5e688361924ec', '2020-03-11 14:51:21', 823, '1'),
(94, '99.99.99.1', 'Putu Widya Pratiwi', NULL, '1915051038@evote.com', NULL, NULL, NULL, NULL, NULL, NULL, NULL, 1583723066, NULL, 1, NULL, NULL, NULL, NULL, NULL, NULL, NULL, NULL),
(95, '99.99.99.1', 'I Made Nara Kusuma', '$2y$10$cv1mErGGq0LfHqa4kbN3W.eZBH27byyDwE7YYNKfPAyhgshvQ6zLW', '1915051039@evote.com', NULL, NULL, NULL, NULL, NULL, NULL, NULL, 1583723066, 1583898298, 1, NULL, NULL, NULL, NULL, '5e685d5dd43bb', '2020-03-11 12:09:09', 1, '1'),
(96, '99.99.99.1', 'Ni Made Gitarani Dewi', '$2y$10$j0NO5sxYrOzvr.dhP007FehNSuE97.mgHNN8ChGdhiXMd/E14rD1q', '1915051040@evote.com', NULL, NULL, NULL, NULL, NULL, NULL, NULL, 1583723066, 1583906825, 1, NULL, NULL, NULL, NULL, '5e687a50b83a8', '2020-03-11 14:12:40', 823, '1'),
(97, '99.99.99.1', 'Ni Komang Sri Widyastuti', '$2y$10$NV78r8fxoIMbGJQpueA09eTC6o5yM13eQqdVyztGzawqETiPDzD2C', '1915051033@evote.com', NULL, NULL, NULL, NULL, NULL, NULL, NULL, 1583723066, 1583905310, 1, NULL, NULL, NULL, NULL, '5e687934aa1dd', '2020-03-11 14:07:56', 826, '1'),
(98, '99.99.99.1', 'I Gede Wedantara Putra', '$2y$10$/1XcDHvHnBkgAJWWcRCJd.7hw.EXY8DQMZJFi23/TRR2mpIHidRH2', '1915051034@evote.com', NULL, NULL, NULL, NULL, NULL, '134586723c8e844835b9c9495b4dc80f9a8f58ef', '$2y$10$473aJajgALvPS.YdnMzdxezMTF6QVNf/uVZHZonnMnILSyLEs8hEe', 1583723066, 1583904300, 1, NULL, NULL, NULL, NULL, '5e6875253962a', '2020-03-11 13:50:37', 826, '1'),
(99, '99.99.99.1', 'I Made Deon Virgananta', '$2y$10$WW9uX/Jt3qakwboXyTymBe0HDCPMmFGx4kknXh6G2XE3rXZJ4QVVy', '1915051035@evote.com', NULL, NULL, NULL, NULL, NULL, NULL, NULL, 1583723066, 1583901996, 1, NULL, NULL, NULL, NULL, '5e686b3fbed12', '2020-03-11 13:08:23', 1, '1'),
(100, '99.99.99.1', 'Safirah', NULL, '1915051036@evote.com', NULL, NULL, NULL, NULL, NULL, NULL, NULL, 1583723066, NULL, 1, NULL, NULL, NULL, NULL, NULL, NULL, NULL, NULL),
(101, '99.99.99.1', 'I Gusti Nyoman Anton Surya Diputra', '$2y$10$8Aj1xkA12eji5INZyBczTuvFlpBx/77pjaZd.5InknMLqa7DNxmua', '1915051027@evote.com', NULL, NULL, NULL, NULL, NULL, NULL, NULL, 1583723066, 1583906129, 1, NULL, NULL, NULL, NULL, '5e6878d25d263', '2020-03-11 14:06:18', 826, '1'),
(102, '99.99.99.1', 'I Gede Ngurah Sunitra', '$2y$10$ay8SV9dJqL2bp0.VoYAz8OFoZmNvdDe3.Bup9/7IH5JL6Z3Ed3.5m', '1915051028@evote.com', NULL, NULL, NULL, NULL, NULL, NULL, NULL, 1583723066, 1583899757, 1, NULL, NULL, NULL, NULL, '5e68639f39dcb', '2020-03-11 12:35:51', 1, '1'),
(103, '99.99.99.1', 'Made Ardi Sudipta', '$2y$10$d6PEMeFYYHPNXP0keQXiROekmhkQmfyVdyuoaHVABcsUGV6YCFpSq', '1915051029@evote.com', NULL, NULL, NULL, NULL, NULL, NULL, NULL, 1583723066, 1583899194, 1, NULL, NULL, NULL, NULL, '5e68618fcebaa', '2020-03-11 12:27:03', 1, '1'),
(104, '99.99.99.1', 'I Made Dius Wahyu Aditya', '$2y$10$S.NfiNrv7x8eveUZI7C8FeadATEbDyHepb30dtP6eNbbsZp7Ke5b2', '1915051030@evote.com', NULL, NULL, NULL, NULL, NULL, NULL, NULL, 1583723067, 1583899763, 1, NULL, NULL, NULL, NULL, '5e6863a92193e', '2020-03-11 12:36:01', 823, '1'),
(105, '99.99.99.1', 'Putu Indah Permata Aji', '$2y$10$oxKrV5wlFKgZPglsodvQXez2aRXYREJlAyDDSUkiV2jK2WQlsurOe', '1915051021@evote.com', NULL, NULL, NULL, NULL, NULL, NULL, NULL, 1583723067, 1583911518, 1, NULL, NULL, NULL, NULL, '5e6891b4b0244', '2020-03-11 15:52:28', 823, '1'),
(106, '99.99.99.1', 'Ni Luh Putu Tesdyana Kelin', '$2y$10$2Nq1qZOme6DyIRieUXjFquUVXCT8K6DsEF7f522KoWDOTIPvzwwx6', '1915051022@evote.com', NULL, NULL, NULL, NULL, NULL, NULL, NULL, 1583723067, 1583911744, 1, NULL, NULL, NULL, NULL, '5e689212b28b4', '2020-03-11 15:54:02', 823, '1'),
(107, '99.99.99.1', 'Akmal Gibran', '$2y$10$1nvTuNjGLItNoQw5pQ15Ne9JNBEq/T4.jd/YF/8mehzr5DXKsbxde', '1915051023@evote.com', NULL, NULL, NULL, NULL, NULL, NULL, NULL, 1583723067, NULL, 1, NULL, NULL, NULL, NULL, '5e68970bd9a4b', '2020-03-11 16:15:15', 823, NULL),
(108, '99.99.99.1', 'Putu Zasya Eka Satya Nugraha', NULL, '1915051024@evote.com', NULL, NULL, NULL, NULL, NULL, NULL, NULL, 1583723067, NULL, 1, NULL, NULL, NULL, NULL, NULL, NULL, NULL, NULL),
(109, '99.99.99.1', 'Komang Jepri Kusuma Jaya', '$2y$10$uYurJ8ozjOdMHuNVJRHxhOjkOhPboXlB4zPr9m.R6R.cf.bQ8GuBi', '1915051025@evote.com', NULL, NULL, NULL, NULL, NULL, NULL, NULL, 1583723067, 1583902820, 1, NULL, NULL, NULL, NULL, '5e686e6aa8481', '2020-03-11 13:21:54', 823, '1'),
(110, '99.99.99.1', 'I Made Aditya Wira Mahesa', '$2y$10$qPm5pB5nWR3a/04fSenJ5e1AetIYN5fKqB21H8ZxS7INIzrXmW8ly', '1915051026@evote.com', NULL, NULL, NULL, NULL, NULL, NULL, NULL, 1583723067, 1583907588, 1, NULL, NULL, NULL, NULL, '5e687aaeb107b', '2020-03-11 14:14:14', 826, NULL),
(111, '99.99.99.1', 'Virdha Prastyani', '$2y$10$PUQ64fsBULbQbvGj1SZXpOcoRc/mwiNUV0PKrmf4DaouEy7xjNrFy', '1915051014@evote.com', NULL, NULL, NULL, NULL, NULL, 'a6792763f10e4db85908bbedcd216b09cd1f9da1', '$2y$10$pUyJrCQB8APtZMcoBlMMQOt68DLiPRgGquEjEFh/RUkAwBOykrbbu', 1583723067, 1583902826, 1, NULL, NULL, NULL, NULL, '5e686f07cdcaf', '2020-03-11 13:24:31', 823, '1'),
(112, '99.99.99.1', 'Icha Alinda', NULL, '1915051015@evote.com', NULL, NULL, NULL, NULL, NULL, NULL, NULL, 1583723067, NULL, 1, NULL, NULL, NULL, NULL, NULL, NULL, NULL, NULL),
(113, '99.99.99.1', 'Ni Kadek Tamara Agustini', '$2y$10$4B1Xtigi1fiscxG/QcTFguaVcykJv5MFyw7vARxfPtXyMIqym.M.2', '1915051016@evote.com', NULL, NULL, NULL, NULL, NULL, NULL, NULL, 1583723067, 1583911435, 1, NULL, NULL, NULL, NULL, '5e6891f145d8a', '2020-03-11 15:53:29', 826, '1'),
(114, '99.99.99.1', 'Putu Wisnu Ardia Chandra', '$2y$10$4L8u59au6X/lEU2wlYloLuY0wPGBGW5fNBw1Y6ZdofQjE0D0c5Sa6', '1915051017@evote.com', NULL, NULL, NULL, NULL, NULL, NULL, NULL, 1583723067, 1583911700, 1, NULL, NULL, NULL, NULL, '5e6891a1c8178', '2020-03-11 15:52:09', 824, '1'),
(115, '99.99.99.1', 'Ni Ketut Puji Gayatri', '$2y$10$xfA/yHxb0pzGL0Mwj9ODo.ua1mXGKqvNsbL3/v4hX86lifkySiJW2', '1915051018@evote.com', NULL, NULL, NULL, NULL, NULL, NULL, NULL, 1583723067, 1583904527, 1, NULL, NULL, NULL, NULL, '5e6875486759c', '2020-03-11 13:51:12', 826, '1'),
(116, '99.99.99.1', 'I Gusti Ngurah Ogaadi', NULL, '1915051019@evote.com', NULL, NULL, NULL, NULL, NULL, NULL, NULL, 1583723068, NULL, 1, NULL, NULL, NULL, NULL, NULL, NULL, NULL, NULL),
(117, '99.99.99.1', 'Luh Gede Pramesti Indrasuari', '$2y$10$167k0TdB.WSx4BvXdKIE0.fGIdL/y/cF1mIZ5Dl5NVVuWYPBSchFm', '1915051020@evote.com', NULL, NULL, NULL, NULL, NULL, NULL, NULL, 1583723068, 1583904155, 1, NULL, NULL, NULL, NULL, '5e6875384649f', '2020-03-11 13:50:56', 826, '1'),
(118, '99.99.99.1', 'I Kadek Chrisna Bimantara Jelantik Bukian', '$2y$10$RWP/oZwHChWcvVr26njGsukye7MQq2oCz1kW/SI6V/UelpCF3ae/i', '1915051007@evote.com', NULL, NULL, NULL, NULL, NULL, NULL, NULL, 1583723068, 1583899557, 1, NULL, NULL, NULL, NULL, '5e686291acad5', '2020-03-11 12:31:21', 823, '1'),
(119, '99.99.99.1', 'Kadek Darmawan', '$2y$10$co7yE/E0ikwWsb/lNpvjdusQwg6CEaAn.wWqFs9.g9/7MrJTRPmEu', '1915051008@evote.com', NULL, NULL, NULL, NULL, NULL, NULL, NULL, 1583723068, 1583904713, 1, NULL, NULL, NULL, NULL, '5e68771e22c1f', '2020-03-11 13:59:02', 823, '1'),
(120, '99.99.99.1', 'I Made Andhika Pramana Putra', '$2y$10$cz9v0UWS8ygF2oHq5Vg92OrSjfyg2/oBHndxDCvMQfIvZbQJX/0Q2', '1915051009@evote.com', NULL, NULL, NULL, NULL, NULL, NULL, NULL, 1583723068, 1583904691, 1, NULL, NULL, NULL, NULL, '5e6874d9df738', '2020-03-11 13:49:21', 1, '1'),
(121, '99.99.99.1', 'I Gede Mertha Aris Dana Putra', '$2y$10$7D0.nzV47vXuSFm8yIFNC..YlVFZ0iJZeFeoTdOnfXylL4PDgD8.S', '1915051010@evote.com', NULL, NULL, NULL, NULL, NULL, NULL, NULL, 1583723068, 1583904814, 1, NULL, NULL, NULL, NULL, '5e6874b6bdbf7', '2020-03-11 13:48:46', 826, '1'),
(122, '99.99.99.1', 'Putu Angga Permana Putra', '$2y$10$SALHLWGIeryfVR/CPomYHODFI/VFYV0Yc6mMy7oYv29x0ToNXE7ZS', '1915051011@evote.com', NULL, NULL, NULL, NULL, NULL, NULL, NULL, 1583723068, 1583901043, 1, NULL, NULL, NULL, NULL, '5e6868b248430', '2020-03-11 12:57:30', 1, '1'),
(123, '99.99.99.1', 'Kadek Ega Prasetya', '$2y$10$46VJMdFvi03krmL/JXL2guDLVgP3WQPajEpAAIlwdjEcAWFrfU5HK', '1915051012@evote.com', NULL, NULL, NULL, NULL, NULL, 'd9b0fd76a672637f751a98359ba35440c1913f09', '$2y$10$hJPK0SMdwIoQvG4283m.nu0zkc6V/iTyaDI6RFFlyK71d05UQwmV2', 1583723068, 1583905490, 1, NULL, NULL, NULL, NULL, '5e6874f45851d', '2020-03-11 13:49:48', 1, '1'),
(124, '99.99.99.1', 'Marcel Prastiko Arthana', '$2y$10$NyvdDpeWTV7m4Yi.gcJ6qOl50uWxs/Tt00o6auR5RBjPLAaBHtcD.', '1915051013@evote.com', NULL, NULL, NULL, NULL, NULL, NULL, NULL, 1583723068, 1583899533, 1, NULL, NULL, NULL, NULL, '5e6862aa23bc5', '2020-03-11 12:31:46', 823, '1'),
(125, '99.99.99.1', 'Anak Agung Ayu Suwandewi', '$2y$10$4PoP3GXdDGkWG33TktBCbOiLWydnDLqoZNM00qcBiX6s9Q44m/wuC', '1915051003@evote.com', NULL, NULL, NULL, NULL, NULL, NULL, NULL, 1583723068, 1583907882, 1, NULL, NULL, NULL, NULL, '5e688296e813c', '2020-03-11 14:47:58', 826, '1'),
(126, '99.99.99.1', 'Risky Ariyanta Tarigan', '$2y$10$YuJpcXA2wSC/gnc.igW7U.tLyCCfMUpJXaHMlZ1.dBspnQ7jqBnSO', '1915051004@evote.com', NULL, NULL, NULL, NULL, NULL, NULL, NULL, 1583723068, NULL, 1, NULL, NULL, NULL, NULL, '5e688a2fadf70', '2020-03-11 15:20:23', 826, NULL),
(127, '99.99.99.1', 'Meramis Sembiring', '$2y$10$FPlA/stbHtP7sci2SV6AQugMKnwPi65otF19fReNtb2puYfO2CIr2', '1915051005@evote.com', NULL, NULL, NULL, NULL, NULL, NULL, NULL, 1583723069, 1583917227, 1, NULL, NULL, NULL, NULL, '5e688a1200e31', '2020-03-11 15:19:54', 823, NULL),
(128, '99.99.99.1', 'Renny Vince Dianna Sanuari', NULL, '1915051006@evote.com', NULL, NULL, NULL, NULL, NULL, NULL, NULL, 1583723069, NULL, 1, NULL, NULL, NULL, NULL, NULL, NULL, NULL, NULL),
(129, '99.99.99.1', 'WAYAN ANGGA DARMAWAN', NULL, '1605021001@evote.com', NULL, NULL, NULL, NULL, NULL, NULL, NULL, 1583723133, NULL, 1, NULL, NULL, NULL, NULL, NULL, NULL, NULL, NULL),
(130, '99.99.99.1', 'KOMANG ANGGRENI', NULL, '1605021002@evote.com', NULL, NULL, NULL, NULL, NULL, NULL, NULL, 1583723133, NULL, 1, NULL, NULL, NULL, NULL, NULL, NULL, NULL, NULL),
(131, '99.99.99.1', 'I Gede Dandi Prihandanu', NULL, '1605021003@evote.com', NULL, NULL, NULL, NULL, NULL, NULL, NULL, 1583723133, NULL, 1, NULL, NULL, NULL, NULL, NULL, NULL, NULL, NULL),
(132, '99.99.99.1', 'Putu Sonya Daclory.s', NULL, '1605021004@evote.com', NULL, NULL, NULL, NULL, NULL, NULL, NULL, 1583723133, NULL, 1, NULL, NULL, NULL, NULL, NULL, NULL, NULL, NULL),
(133, '99.99.99.1', 'Komang Dharma Yunita', NULL, '1605021005@evote.com', NULL, NULL, NULL, NULL, NULL, NULL, NULL, 1583723133, NULL, 1, NULL, NULL, NULL, NULL, NULL, NULL, NULL, NULL),
(134, '99.99.99.1', 'I Gede Leorendra Arya Mahasaputra', NULL, '1605021006@evote.com', NULL, NULL, NULL, NULL, NULL, NULL, NULL, 1583723133, NULL, 1, NULL, NULL, NULL, NULL, NULL, NULL, NULL, NULL),
(135, '99.99.99.1', 'Gede Restu Budana', NULL, '1605021007@evote.com', NULL, NULL, NULL, NULL, NULL, NULL, NULL, 1583723133, NULL, 1, NULL, NULL, NULL, NULL, NULL, NULL, NULL, NULL),
(136, '99.99.99.1', 'I Gede Anom Serpayana Ardhiya', NULL, '1605021008@evote.com', NULL, NULL, NULL, NULL, NULL, NULL, NULL, 1583723133, NULL, 1, NULL, NULL, NULL, NULL, NULL, NULL, NULL, NULL),
(137, '99.99.99.1', 'Putu Gede Noggy Ginartawan', NULL, '1605021009@evote.com', NULL, NULL, NULL, NULL, NULL, NULL, NULL, 1583723133, NULL, 1, NULL, NULL, NULL, NULL, NULL, NULL, NULL, NULL),
(138, '99.99.99.1', 'I Made Yudhi Ariawan', NULL, '1605021010@evote.com', NULL, NULL, NULL, NULL, NULL, NULL, NULL, 1583723133, NULL, 1, NULL, NULL, NULL, NULL, NULL, NULL, NULL, NULL),
(139, '99.99.99.1', 'I Putu Yudha Erawan', NULL, '1605021011@evote.com', NULL, NULL, NULL, NULL, NULL, NULL, NULL, 1583723134, NULL, 1, NULL, NULL, NULL, NULL, NULL, NULL, NULL, NULL),
(140, '99.99.99.1', 'Nur Kamilatussar Iyah', NULL, '1605021012@evote.com', NULL, NULL, NULL, NULL, NULL, NULL, NULL, 1583723134, NULL, 1, NULL, NULL, NULL, NULL, NULL, NULL, NULL, NULL),
(141, '99.99.99.1', 'Made Padmi Wirayani ', NULL, '1605021013@evote.com', NULL, NULL, NULL, NULL, NULL, NULL, NULL, 1583723134, NULL, 1, NULL, NULL, NULL, NULL, NULL, NULL, NULL, NULL),
(142, '99.99.99.1', 'Gede Aria Darma Putra', NULL, '1605021014@evote.com', NULL, NULL, NULL, NULL, NULL, NULL, NULL, 1583723134, NULL, 1, NULL, NULL, NULL, NULL, NULL, NULL, NULL, NULL),
(143, '99.99.99.1', 'Kadek Agus Febriana', NULL, '1605021015@evote.com', NULL, NULL, NULL, NULL, NULL, NULL, NULL, 1583723134, NULL, 1, NULL, NULL, NULL, NULL, NULL, NULL, NULL, NULL),
(144, '99.99.99.1', 'Komang Wimala Dharma', NULL, '1605021016@evote.com', NULL, NULL, NULL, NULL, NULL, NULL, NULL, 1583723134, NULL, 1, NULL, NULL, NULL, NULL, NULL, NULL, NULL, NULL),
(145, '99.99.99.1', 'Komang Juni Antari', NULL, '1605021017@evote.com', NULL, NULL, NULL, NULL, NULL, NULL, NULL, 1583723134, NULL, 1, NULL, NULL, NULL, NULL, NULL, NULL, NULL, NULL),
(146, '99.99.99.1', 'Ketut Tian Indrayani', NULL, '1605021018@evote.com', NULL, NULL, NULL, NULL, NULL, NULL, NULL, 1583723134, NULL, 1, NULL, NULL, NULL, NULL, NULL, NULL, NULL, NULL),
(147, '99.99.99.1', 'Supriono', NULL, '1605021019@evote.com', NULL, NULL, NULL, NULL, NULL, NULL, NULL, 1583723134, NULL, 1, NULL, NULL, NULL, NULL, NULL, NULL, NULL, NULL),
(148, '99.99.99.1', 'Moh. Zainur Rahman', NULL, '1605021020@evote.com', NULL, NULL, NULL, NULL, NULL, NULL, NULL, 1583723134, NULL, 1, NULL, NULL, NULL, NULL, NULL, NULL, NULL, NULL),
(149, '99.99.99.1', 'I Gede Agus Bayu Mahendra', NULL, '1605021021@evote.com', NULL, NULL, NULL, NULL, NULL, NULL, NULL, 1583723134, NULL, 1, NULL, NULL, NULL, NULL, NULL, NULL, NULL, NULL),
(150, '99.99.99.1', 'I Made Cipta Jayamanala', NULL, '1605021022@evote.com', NULL, NULL, NULL, NULL, NULL, NULL, NULL, 1583723134, NULL, 1, NULL, NULL, NULL, NULL, NULL, NULL, NULL, NULL),
(151, '99.99.99.1', 'Gd Yoga Sucipta', NULL, '1605021023@evote.com', NULL, NULL, NULL, NULL, NULL, NULL, NULL, 1583723135, NULL, 1, NULL, NULL, NULL, NULL, NULL, NULL, NULL, NULL),
(152, '99.99.99.1', 'Putu Mulia Rahayuna', NULL, '1605021024@evote.com', NULL, NULL, NULL, NULL, NULL, NULL, NULL, 1583723135, NULL, 1, NULL, NULL, NULL, NULL, NULL, NULL, NULL, NULL),
(153, '99.99.99.1', 'Muhammad Rijalul Authon', NULL, '1605021025@evote.com', NULL, NULL, NULL, NULL, NULL, NULL, NULL, 1583723135, NULL, 1, NULL, NULL, NULL, NULL, NULL, NULL, NULL, NULL),
(154, '99.99.99.1', 'Aprizal Prima Putra', NULL, '1605021026@evote.com', NULL, NULL, NULL, NULL, NULL, NULL, NULL, 1583723135, NULL, 1, NULL, NULL, NULL, NULL, NULL, NULL, NULL, NULL),
(155, '99.99.99.1', 'Fatiah Nur Andayani Awad', NULL, '1605021027@evote.com', NULL, NULL, NULL, NULL, NULL, NULL, NULL, 1583723135, NULL, 1, NULL, NULL, NULL, NULL, NULL, NULL, NULL, NULL),
(156, '99.99.99.1', 'CHRISKO KARUNIA ALIEF TECTONA PRIATNA', NULL, '1705021001@evote.com', NULL, NULL, NULL, NULL, NULL, NULL, NULL, 1583723135, NULL, 1, NULL, NULL, NULL, NULL, NULL, NULL, NULL, NULL),
(157, '99.99.99.1', 'I MADE ZENITH SATRYA WIBAWA', NULL, '1705021002@evote.com', NULL, NULL, NULL, NULL, NULL, NULL, NULL, 1583723135, NULL, 1, NULL, NULL, NULL, NULL, NULL, NULL, NULL, NULL),
(158, '99.99.99.1', 'I Wayan Eka Wibawa Putra', NULL, '1705021003@evote.com', NULL, NULL, NULL, NULL, NULL, NULL, NULL, 1583723135, NULL, 1, NULL, NULL, NULL, NULL, NULL, NULL, NULL, NULL),
(159, '99.99.99.1', 'Ni Luh Yosa Olivia', NULL, '1705021004@evote.com', NULL, NULL, NULL, NULL, NULL, NULL, NULL, 1583723135, NULL, 1, NULL, NULL, NULL, NULL, NULL, NULL, NULL, NULL),
(160, '99.99.99.1', 'Gede Jessy Ferianto', NULL, '1705021005@evote.com', NULL, NULL, NULL, NULL, NULL, NULL, NULL, 1583723135, NULL, 1, NULL, NULL, NULL, NULL, NULL, NULL, NULL, NULL),
(161, '99.99.99.1', 'Anak Agung Adi Wiryya Putra', NULL, '1705021006@evote.com', NULL, NULL, NULL, NULL, NULL, NULL, NULL, 1583723135, NULL, 1, NULL, NULL, NULL, NULL, NULL, NULL, NULL, NULL),
(162, '99.99.99.1', 'DEWA MADE RAMA SANTIKA', NULL, '1705021007@evote.com', NULL, NULL, NULL, NULL, NULL, NULL, NULL, 1583723136, NULL, 1, NULL, NULL, NULL, NULL, NULL, NULL, NULL, NULL),
(163, '99.99.99.1', 'I Kadek Pendi Supriawan', NULL, '1705021008@evote.com', NULL, NULL, NULL, NULL, NULL, NULL, NULL, 1583723136, NULL, 1, NULL, NULL, NULL, NULL, NULL, NULL, NULL, NULL),
(164, '99.99.99.1', 'Made Romi Bisan', NULL, '1705021009@evote.com', NULL, NULL, NULL, NULL, NULL, NULL, NULL, 1583723136, NULL, 1, NULL, NULL, NULL, NULL, NULL, NULL, NULL, NULL),
(165, '99.99.99.1', 'Made Mega Putriani', NULL, '1705021010@evote.com', NULL, NULL, NULL, NULL, NULL, NULL, NULL, 1583723136, NULL, 1, NULL, NULL, NULL, NULL, NULL, NULL, NULL, NULL),
(166, '99.99.99.1', 'Komang Andrew Tri Yoga Yasa', NULL, '1705021011@evote.com', NULL, NULL, NULL, NULL, NULL, NULL, NULL, 1583723136, NULL, 1, NULL, NULL, NULL, NULL, NULL, NULL, NULL, NULL),
(167, '99.99.99.1', 'Cening Suriyana', NULL, '1705021012@evote.com', NULL, NULL, NULL, NULL, NULL, NULL, NULL, 1583723136, NULL, 1, NULL, NULL, NULL, NULL, NULL, NULL, NULL, NULL),
(168, '99.99.99.1', 'Lalu Azzian Wira Dwipa', NULL, '1705021013@evote.com', NULL, NULL, NULL, NULL, NULL, NULL, NULL, 1583723136, NULL, 1, NULL, NULL, NULL, NULL, NULL, NULL, NULL, NULL),
(169, '99.99.99.1', 'I Wayan Dasta', NULL, '1705021014@evote.com', NULL, NULL, NULL, NULL, NULL, NULL, NULL, 1583723136, NULL, 1, NULL, NULL, NULL, NULL, NULL, NULL, NULL, NULL),
(170, '99.99.99.1', 'Komang Pasek Oka Sukasana ', '$2y$10$UtID8tdLXLSx/Vegxo4bqu7jrVrSCK5u0hx9oau/KVNO7T07BNo/W', '1705021015@evote.com', NULL, NULL, NULL, NULL, NULL, '6721c0e614ed9b4f409f9432d351ad26f91667a7', '$2y$10$cVPPSRMAUEVScWNQWJiXge3bxUHYa1aBk3yXufVV3wf/VSHhD0Cw.', 1583723136, 1583914339, 1, NULL, NULL, NULL, NULL, '5e689ce5472eb', '2020-03-11 16:40:13', 826, '1'),
(171, '99.99.99.1', 'Ni Kadek Mega Yanthi', '$2y$10$RgZug.SzQV/Uyn5br7bgxu/HenLmQoVdNHT3kuURF327jgzdCo31.', '1705021016@evote.com', NULL, NULL, NULL, NULL, NULL, NULL, NULL, 1583723136, 1583916174, 1, NULL, NULL, NULL, NULL, '5e68a52b7720b', '2020-03-11 17:15:31', 826, '1'),
(172, '99.99.99.1', 'Ni Putu Candra Dewi', NULL, '1705021017@evote.com', NULL, NULL, NULL, NULL, NULL, NULL, NULL, 1583723136, NULL, 1, NULL, NULL, NULL, NULL, NULL, NULL, NULL, NULL),
(173, '99.99.99.1', 'Ni Komang Viki Mega Noviyanti', NULL, '1705021018@evote.com', NULL, NULL, NULL, NULL, NULL, NULL, NULL, 1583723137, NULL, 1, NULL, NULL, NULL, NULL, NULL, NULL, NULL, NULL),
(174, '99.99.99.1', 'I KOMANG YOGA SAPUTRA', NULL, '1705021019@evote.com', NULL, NULL, NULL, NULL, NULL, NULL, NULL, 1583723137, NULL, 1, NULL, NULL, NULL, NULL, NULL, NULL, NULL, NULL),
(175, '99.99.99.1', 'MADE AYU RATNASARI HANAYA', '$2y$10$MstcxAU7SvrwEYrLyZt/GeTWCJi7LmBiWSLzVzYbWuDUf.xDxpFTG', '1705021020@evote.com', NULL, NULL, NULL, NULL, NULL, NULL, NULL, 1583723137, 1583912662, 1, NULL, NULL, NULL, NULL, '5e68964e65ee4', '2020-03-11 16:12:06', 826, '1'),
(176, '99.99.99.1', 'Kt Mangku Sugiarta', '$2y$10$ZBBIsCA.zzLpRC/MhNQ.Je8MuB4tohqyMnHjRHEM5Qx2/Vkdh.YMa', '1705021021@evote.com', NULL, NULL, NULL, NULL, NULL, NULL, NULL, 1583723137, 1583912558, 1, NULL, NULL, NULL, NULL, '5e68955fb9967', '2020-03-11 16:08:07', 826, '1'),
(177, '99.99.99.1', 'I Komang Gede Adi Saputra', '$2y$10$qmgPdpa6LkjaBJk1kxCOn./YkMTl3/1fWJ7cqaqGfiouBV5eTLCmm', '1705021022@evote.com', NULL, NULL, NULL, NULL, NULL, NULL, NULL, 1583723137, 1583913460, 1, NULL, NULL, NULL, NULL, '5e689970c4be4', '2020-03-11 16:25:28', 826, '1'),
(178, '99.99.99.1', 'Gede Sutawan ', '$2y$10$IN6Bc45X3F2F8HfMxP1nFu2Zya0BppSkctLW2ADt31IZZ.YjbknmG', '1705021023@evote.com', NULL, NULL, NULL, NULL, NULL, 'aed48daaa97462564b89608df008d7adf1ad2114', '$2y$10$m/x0w7Swwkq76OLJqXrILeIX7ixrXjAPmuwLTCVjpF1k2Xi40jQuK', 1583723137, 1583914111, 1, NULL, NULL, NULL, NULL, '5e689be2e89ec', '2020-03-11 16:35:54', 826, '1'),
(179, '99.99.99.1', 'Kadek Juni Andayani', '$2y$10$LrTwBxOYh2HkNGbFjOJYHOPE8Kh1HiqrmGbdt4wpeNM1e3jBr1EnW', '1705021024@evote.com', NULL, NULL, NULL, NULL, NULL, NULL, NULL, 1583723137, 1583914446, 1, NULL, NULL, NULL, NULL, '5e689d2b6c170', '2020-03-11 16:41:23', 826, '1'),
(180, '99.99.99.1', 'Putu Agus Kusuma Wardana', NULL, '1705021025@evote.com', NULL, NULL, NULL, NULL, NULL, NULL, NULL, 1583723137, NULL, 1, NULL, NULL, NULL, NULL, NULL, NULL, NULL, NULL),
(181, '99.99.99.1', 'M. Hery Susanto', NULL, '1705021026@evote.com', NULL, NULL, NULL, NULL, NULL, NULL, NULL, 1583723137, NULL, 1, NULL, NULL, NULL, NULL, NULL, NULL, NULL, NULL),
(182, '99.99.99.1', 'Ketut Angga Pande Manggala', NULL, '1705021027@evote.com', NULL, NULL, NULL, NULL, NULL, NULL, NULL, 1583723137, NULL, 1, NULL, NULL, NULL, NULL, NULL, NULL, NULL, NULL),
(183, '99.99.99.1', 'Irma Yulfiana', NULL, '1705021028@evote.com', NULL, NULL, NULL, NULL, NULL, NULL, NULL, 1583723137, NULL, 1, NULL, NULL, NULL, NULL, NULL, NULL, NULL, NULL),
(184, '99.99.99.1', 'Antonius Alit Umbu Jodi', '', '1705021029@evote.com', NULL, NULL, NULL, NULL, NULL, NULL, NULL, 1583723137, NULL, 1, NULL, NULL, NULL, NULL, NULL, NULL, NULL, NULL),
(185, '99.99.99.1', 'Putu Mega Ambara Dharma Putra', '$2y$10$2/.KZPoZcUyW572IVmifpecmJRlJd/fVmnJ27txw3JytvGCVQJNE6', '1705021030@evote.com', NULL, NULL, NULL, NULL, NULL, NULL, NULL, 1583723138, 1583916889, 1, NULL, NULL, NULL, NULL, '5e68a63adb95d', '2020-03-11 17:20:02', 826, NULL),
(186, '99.99.99.1', 'Pande Gede Setya Permana', '$2y$10$fevkebTjx86gaw./BtAdveqRCWskMYtA0lIWAGRDYBHgK1Is3/yx.', '1705021031@evote.com', NULL, NULL, NULL, NULL, NULL, NULL, NULL, 1583723138, 1583912343, 1, NULL, NULL, NULL, NULL, '5e6894dac2084', '2020-03-11 16:05:54', 826, '1'),
(187, '99.99.99.1', 'Komang Bagus Adi Putra', '$2y$10$Bqj9uXaXblzrLJhS/buY3OKleylfr./ZXWMF2qRNstMAh.9/VIRA6', '1705021032@evote.com', NULL, NULL, NULL, NULL, NULL, NULL, NULL, 1583723138, 1583913098, 1, NULL, NULL, NULL, NULL, '5e6897c2481f5', '2020-03-11 16:18:18', 826, '1'),
(188, '99.99.99.1', 'Gede Dodi Hery Andika', NULL, '1705021033@evote.com', NULL, NULL, NULL, NULL, NULL, NULL, NULL, 1583723138, NULL, 1, NULL, NULL, NULL, NULL, NULL, NULL, NULL, NULL),
(189, '99.99.99.1', 'Kadek Yudi Artawan', NULL, '1705021034@evote.com', NULL, NULL, NULL, NULL, NULL, NULL, NULL, 1583723138, NULL, 1, NULL, NULL, NULL, NULL, NULL, NULL, NULL, NULL),
(190, '99.99.99.1', 'Ketut Ratna Dewi Yuvita Giri', '$2y$10$Gz9pUMZVXvLfXkvE4kP8suGwHDFCxv1Xs1EvOQS1kOuXvYPGF/KD6', '1705021035@evote.com', NULL, NULL, NULL, NULL, NULL, '202aa9819e2910aaaab5a96762ea6efdafa6ba75', '$2y$10$5GcWLlyk.VkbatYY37tcNOQBAL74xvrS6qYMcuNm2/uP10Z7XVNyy', 1583723138, 1583912974, 1, NULL, NULL, NULL, NULL, '5e6896e081586', '2020-03-11 16:14:32', 826, '1'),
(191, '99.99.99.1', 'Luh Tantriasih', NULL, '1705021036@evote.com', NULL, NULL, NULL, NULL, NULL, NULL, NULL, 1583723138, NULL, 1, NULL, NULL, NULL, NULL, NULL, NULL, NULL, NULL),
(192, '99.99.99.1', 'I Nyoman Supariasa', NULL, '1705021037@evote.com', NULL, NULL, NULL, NULL, NULL, NULL, NULL, 1583723138, NULL, 1, NULL, NULL, NULL, NULL, NULL, NULL, NULL, NULL),
(193, '99.99.99.1', 'Edwin abizaldi', NULL, '1705021038@evote.com', NULL, NULL, NULL, NULL, NULL, NULL, NULL, 1583723138, NULL, 1, NULL, NULL, NULL, NULL, NULL, NULL, NULL, NULL),
(194, '99.99.99.1', 'ngakan nyoman darmayasa', NULL, '1705021039@evote.com', NULL, NULL, NULL, NULL, NULL, NULL, NULL, 1583723138, NULL, 1, NULL, NULL, NULL, NULL, NULL, NULL, NULL, NULL),
(195, '99.99.99.1', 'Hennry Willy. Kaisiri', NULL, '1705021040@evote.com', NULL, NULL, NULL, NULL, NULL, NULL, NULL, 1583723138, NULL, 1, NULL, NULL, NULL, NULL, NULL, NULL, NULL, NULL),
(196, '99.99.99.1', 'Gede Putra Restana', '$2y$10$oAxTVGJ0EXzYxUu4MtRxPO7q3X1Z2Eck3.bTHLxMz5lskB0LOB8Ta', '1705021041@evote.com', NULL, NULL, NULL, NULL, NULL, NULL, NULL, 1583723139, 1583912819, 1, NULL, NULL, NULL, NULL, '5e68967fbcbdf', '2020-03-11 16:12:55', 826, '1'),
(197, '99.99.99.1', 'Ni Nengah Kartika Wijayanti', NULL, '1705021042@evote.com', NULL, NULL, NULL, NULL, NULL, NULL, NULL, 1583723139, NULL, 1, NULL, NULL, NULL, NULL, NULL, NULL, NULL, NULL),
(198, '99.99.99.1', 'Gede Deva Satvika Tresnawan', '$2y$10$fpc..NocDqVcaRrDqekULuEXrrwTNzlQh9tvIrGcQhFEaKCJPynTy', '1705021043@evote.com', NULL, NULL, NULL, NULL, NULL, NULL, NULL, 1583723139, 1583914518, 1, NULL, NULL, NULL, NULL, '5e689d594f5f4', '2020-03-11 16:42:09', 826, '1'),
(199, '99.99.99.1', 'Gede Dena Peratama', '$2y$10$4VcbGVljq5hUdDdgoRAe4.GIfqtfIqn0qR6edhc8cMoU/chs6hebG', '1705021044@evote.com', NULL, NULL, NULL, NULL, NULL, NULL, NULL, 1583723139, 1583913080, 1, NULL, NULL, NULL, NULL, '5e689609b21a8', '2020-03-11 16:10:57', 826, '1'),
(200, '99.99.99.1', 'Gusti Ngurah Gangga Dipta', NULL, '1705021045@evote.com', NULL, NULL, NULL, NULL, NULL, NULL, NULL, 1583723139, NULL, 1, NULL, NULL, NULL, NULL, NULL, NULL, NULL, NULL),
(201, '99.99.99.1', 'Luh Indah Surya Dewi', NULL, '1705021046@evote.com', NULL, NULL, NULL, NULL, NULL, NULL, NULL, 1583723139, NULL, 1, NULL, NULL, NULL, NULL, NULL, NULL, NULL, NULL),
(202, '99.99.99.1', 'Kadek Andhika Apriadi Ary Sanjaya Putra', NULL, '1705021047@evote.com', NULL, NULL, NULL, NULL, NULL, NULL, NULL, 1583723139, NULL, 1, NULL, NULL, NULL, NULL, NULL, NULL, NULL, NULL),
(203, '99.99.99.1', 'kadek andis antariksa', NULL, '1705021048@evote.com', NULL, NULL, NULL, NULL, NULL, NULL, NULL, 1583723139, NULL, 1, NULL, NULL, NULL, NULL, NULL, NULL, NULL, NULL),
(204, '99.99.99.1', 'Ketut Gede Arjanggi Adi Pamungkas', NULL, '1705021049@evote.com', NULL, NULL, NULL, NULL, NULL, NULL, NULL, 1583723139, NULL, 1, NULL, NULL, NULL, NULL, NULL, NULL, NULL, NULL),
(205, '99.99.99.1', 'Nyoman Wahyu Utama Yoga', NULL, '1705021050@evote.com', NULL, NULL, NULL, NULL, NULL, NULL, NULL, 1583723139, NULL, 1, NULL, NULL, NULL, NULL, NULL, NULL, NULL, NULL),
(206, '99.99.99.1', 'Nabilah Aliya Putri', NULL, '1705021051@evote.com', NULL, NULL, NULL, NULL, NULL, NULL, NULL, 1583723139, NULL, 1, NULL, NULL, NULL, NULL, NULL, NULL, NULL, NULL),
(207, '99.99.99.1', 'Kadek Wiwin Atmaja', NULL, '1805021001@evote.com', NULL, NULL, NULL, NULL, NULL, NULL, NULL, 1583723139, NULL, 1, NULL, NULL, NULL, NULL, NULL, NULL, NULL, NULL),
(208, '99.99.99.1', 'GEDE ANDIKA ARYA PRADITA', NULL, '1805021002@evote.com', NULL, NULL, NULL, NULL, NULL, NULL, NULL, 1583723140, NULL, 1, NULL, NULL, NULL, NULL, NULL, NULL, NULL, NULL),
(209, '99.99.99.1', 'Kadek Andre Kusuma', NULL, '1805021003@evote.com', NULL, NULL, NULL, NULL, NULL, NULL, NULL, 1583723140, NULL, 1, NULL, NULL, NULL, NULL, NULL, NULL, NULL, NULL),
(210, '99.99.99.1', 'Putu Modi Julianto', '$2y$10$J/PrkWQfOkefT7l1FMAsJexzkPLPEBJ4p1/uLPlzzTpRMkRC4d38y', '1805021004@evote.com', NULL, NULL, NULL, NULL, NULL, NULL, NULL, 1583723140, 1583912475, 1, NULL, NULL, NULL, NULL, '5e6893b966b0c', '2020-03-11 16:01:05', 823, '1'),
(211, '99.99.99.1', 'Wayan Agus Wisnawa', '$2y$10$PXNCtchZQcuLcfSfM3GVmuSOkCcG7b66pbRnsaJqYJeJVz21uZbfe', '1805021005@evote.com', NULL, NULL, NULL, NULL, NULL, NULL, NULL, 1583723140, 1583911892, 1, NULL, NULL, NULL, NULL, '5e689395794a9', '2020-03-11 16:00:29', 826, '1'),
(212, '99.99.99.1', 'Ni Kadek Mesi Damayanti', '$2y$10$YJYqq6AzVI7VvBP/2qu.FO1BprDY14Od.Jddm5xAadbpJUvJGbD/a', '1805021006@evote.com', NULL, NULL, NULL, NULL, NULL, NULL, NULL, 1583723140, 1583913112, 1, NULL, NULL, NULL, NULL, '5e68934908a9c', '2020-03-11 15:59:13', 823, '1'),
(213, '99.99.99.1', 'I Gede Agus Dian Yogiswara', NULL, '1805021007@evote.com', NULL, NULL, NULL, NULL, NULL, NULL, NULL, 1583723140, NULL, 1, NULL, NULL, NULL, NULL, NULL, NULL, NULL, NULL),
(214, '99.99.99.1', 'NI KADEK HERMAYANTI', '$2y$10$P9XkoiAW1Bx3twuCxcRhxO6eGqWnBQ3PUtheohk8F12due0BmocrW', '1805021008@evote.com', NULL, NULL, NULL, NULL, NULL, NULL, NULL, 1583723140, 1583914013, 1, NULL, NULL, NULL, NULL, '5e6892ea5c0ff', '2020-03-11 15:57:38', 823, NULL),
(215, '99.99.99.1', 'Putu Juniarta Eka Saputra', '$2y$10$Zg3RDXLRoqDQM/zYsboy/uH253K6HVgqegAKUt2a.HuYPrly65UPS', '1805021009@evote.com', NULL, NULL, NULL, NULL, NULL, NULL, NULL, 1583723140, 1583911893, 1, NULL, NULL, NULL, NULL, '5e6892cfca6cc', '2020-03-11 15:57:11', 826, '1'),
(216, '99.99.99.1', 'I GUSTI AYU PUTU EKAWATI INDAH ARISTIA', '$2y$10$t5v1/rQCzCPUSpTrI4obU.3dKA8MWtp4PE7ZPNJ0g2.xdFD1NEdh6', '1805021010@evote.com', NULL, NULL, NULL, NULL, NULL, NULL, NULL, 1583723140, NULL, 1, NULL, NULL, NULL, NULL, '5e68935b4988b', '2020-03-11 15:59:31', 824, NULL),
(217, '99.99.99.1', 'NYOMAN AYU SINTA GAYATRI', '$2y$10$l6RxYRBT2B.ABuww/1dFrO7RqMX2kisWu5bZTJmakIB38vEbT1EY6', '1805021011@evote.com', NULL, NULL, NULL, NULL, NULL, NULL, NULL, 1583723140, NULL, 1, NULL, NULL, NULL, NULL, '5e6893267a641', '2020-03-11 15:58:38', 824, NULL);
INSERT INTO `users` (`id`, `ip_address`, `username`, `password`, `email`, `activation_selector`, `activation_code`, `forgotten_password_selector`, `forgotten_password_code`, `forgotten_password_time`, `remember_selector`, `remember_code`, `created_on`, `last_login`, `active`, `first_name`, `last_name`, `company`, `phone`, `token_pemilihan`, `token_valid_until`, `handle_by_admin`, `has_voting`) VALUES
(218, '99.99.99.1', 'I Putu Ega Suwidi Darma', '$2y$10$OfFX.maDzpnlovWkrE5m8eLR7QeHq69mqxpu1o42kEIDV9Olw2s8S', '1805021012@evote.com', NULL, NULL, NULL, NULL, NULL, NULL, NULL, 1583723140, 1583912049, 1, NULL, NULL, NULL, NULL, '5e68942265a1e', '2020-03-11 16:02:50', 823, '1'),
(219, '99.99.99.1', 'Dewa Kadek Edwin Sanciko', NULL, '1805021013@evote.com', NULL, NULL, NULL, NULL, NULL, NULL, NULL, 1583723141, NULL, 1, NULL, NULL, NULL, NULL, NULL, NULL, NULL, NULL),
(220, '99.99.99.1', 'Ngurah Gede Arya Suputra', NULL, '1805021014@evote.com', NULL, NULL, NULL, NULL, NULL, NULL, NULL, 1583723141, NULL, 1, NULL, NULL, NULL, NULL, NULL, NULL, NULL, NULL),
(221, '99.99.99.1', 'DEWA PUTU EDY KRISNAWAN ', '$2y$10$IIPdxlJdLuy2I0u09NyLpusqEzL7x.Xfp7v0Ej3l1LAU2mdFZ4F4a', '1805021015@evote.com', NULL, NULL, NULL, NULL, NULL, NULL, NULL, 1583723141, 1583912312, 1, NULL, NULL, NULL, NULL, '5e6893c6df95d', '2020-03-11 16:01:18', 824, '1'),
(222, '99.99.99.1', 'Kadek Putra Artawan', NULL, '1805021016@evote.com', NULL, NULL, NULL, NULL, NULL, NULL, NULL, 1583723141, NULL, 1, NULL, NULL, NULL, NULL, NULL, NULL, NULL, NULL),
(223, '99.99.99.1', 'Gede Adi Wira Yastrawan', NULL, '1805021017@evote.com', NULL, NULL, NULL, NULL, NULL, NULL, NULL, 1583723141, NULL, 1, NULL, NULL, NULL, NULL, NULL, NULL, NULL, NULL),
(224, '99.99.99.1', 'Ratih Magfirah', NULL, '1805021018@evote.com', NULL, NULL, NULL, NULL, NULL, NULL, NULL, 1583723141, NULL, 1, NULL, NULL, NULL, NULL, NULL, NULL, NULL, NULL),
(225, '99.99.99.1', 'Ni Putu Mira Dewi', NULL, '1805021019@evote.com', NULL, NULL, NULL, NULL, NULL, NULL, NULL, 1583723141, NULL, 1, NULL, NULL, NULL, NULL, NULL, NULL, NULL, NULL),
(226, '99.99.99.1', 'I KOMANG SUDARMA PUJA YASA', NULL, '1805021020@evote.com', NULL, NULL, NULL, NULL, NULL, NULL, NULL, 1583723141, NULL, 1, NULL, NULL, NULL, NULL, NULL, NULL, NULL, NULL),
(227, '99.99.99.1', 'PUTU SWASTINI', '$2y$10$4SZJriqHZvuZlbuB6dzSH.lnMUL9wFmBYS0jeKva3WJUl/RGdBq..', '1805021021@evote.com', NULL, NULL, NULL, NULL, NULL, '4453100de43135e147628a0c548d4aeffb396310', '$2y$10$iCBRa9s6uiXI9VyTcVBdNukIMvuT62.5sF9nrkHa6aYpvYsTNOkHe', 1583723141, 1583902709, 1, NULL, NULL, NULL, NULL, '5e686cd70a6a5', '2020-03-11 13:15:11', 823, '1'),
(228, '99.99.99.1', 'Aviv Insan Arief', NULL, '1805021022@evote.com', NULL, NULL, NULL, NULL, NULL, NULL, NULL, 1583723141, NULL, 1, NULL, NULL, NULL, NULL, NULL, NULL, NULL, NULL),
(229, '99.99.99.1', 'Putu Sayu Indah Dian Rahayu', NULL, '1805021023@evote.com', NULL, NULL, NULL, NULL, NULL, NULL, NULL, 1583723141, NULL, 1, NULL, NULL, NULL, NULL, NULL, NULL, NULL, NULL),
(230, '99.99.99.1', 'Kadek Hendra Sudarmawan', NULL, '1805021024@evote.com', NULL, NULL, NULL, NULL, NULL, NULL, NULL, 1583723142, NULL, 1, NULL, NULL, NULL, NULL, NULL, NULL, NULL, NULL),
(231, '99.99.99.1', 'Nyoman Wisnu Wardana', NULL, '1805021025@evote.com', NULL, NULL, NULL, NULL, NULL, NULL, NULL, 1583723142, NULL, 1, NULL, NULL, NULL, NULL, NULL, NULL, NULL, NULL),
(232, '99.99.99.1', 'Gede Duweg Jaya Sentana ', NULL, '1805021026@evote.com', NULL, NULL, NULL, NULL, NULL, NULL, NULL, 1583723142, NULL, 1, NULL, NULL, NULL, NULL, NULL, NULL, NULL, NULL),
(233, '99.99.99.1', 'Ni Kadek Mas Mayoni Pradika', '$2y$10$.VH30I5kh511eJ6tBYrbEOyXKE8.xYoxYrWeJBmv6Iyz6pz..fZee', '1805021027@evote.com', NULL, NULL, NULL, NULL, NULL, NULL, NULL, 1583723142, 1583902821, 1, NULL, NULL, NULL, NULL, '5e686cafc5af1', '2020-03-11 13:14:31', 823, '1'),
(234, '99.99.99.1', 'Made Handoyo Prasetyo', NULL, '1805021028@evote.com', NULL, NULL, NULL, NULL, NULL, NULL, NULL, 1583723142, NULL, 1, NULL, NULL, NULL, NULL, NULL, NULL, NULL, NULL),
(235, '99.99.99.1', 'Made Swisma Wiradharma', NULL, '1805021029@evote.com', NULL, NULL, NULL, NULL, NULL, NULL, NULL, 1583723142, NULL, 1, NULL, NULL, NULL, NULL, NULL, NULL, NULL, NULL),
(236, '99.99.99.1', 'Sito Iwa Barataji ', NULL, '1805021030@evote.com', NULL, NULL, NULL, NULL, NULL, NULL, NULL, 1583723142, NULL, 1, NULL, NULL, NULL, NULL, NULL, NULL, NULL, NULL),
(237, '99.99.99.1', 'I Gusti Kadek Ngurah Ari Suryawan', NULL, '1805021031@evote.com', NULL, NULL, NULL, NULL, NULL, NULL, NULL, 1583723142, NULL, 1, NULL, NULL, NULL, NULL, NULL, NULL, NULL, NULL),
(238, '99.99.99.1', 'Kadek Andika Kristiawan', NULL, '1805021032@evote.com', NULL, NULL, NULL, NULL, NULL, NULL, NULL, 1583723142, NULL, 1, NULL, NULL, NULL, NULL, NULL, NULL, NULL, NULL),
(239, '99.99.99.1', 'Rendy Ega Paais', NULL, '1805021033@evote.com', NULL, NULL, NULL, NULL, NULL, NULL, NULL, 1583723142, NULL, 1, NULL, NULL, NULL, NULL, NULL, NULL, NULL, NULL),
(240, '99.99.99.1', 'Putu Bayu Pratama Suputra ', NULL, '1805021034@evote.com', NULL, NULL, NULL, NULL, NULL, NULL, NULL, 1583723143, NULL, 1, NULL, NULL, NULL, NULL, NULL, NULL, NULL, NULL),
(241, '99.99.99.1', 'Gusti Ngurah Dhama Putra ', NULL, '1805021035@evote.com', NULL, NULL, NULL, NULL, NULL, NULL, NULL, 1583723143, NULL, 1, NULL, NULL, NULL, NULL, NULL, NULL, NULL, NULL),
(242, '99.99.99.1', 'I Gusti Ayu Wandi Septiari', '$2y$10$WZOWXoCmYaCEkjo4KuYKW.uWweGXUmXAQed4zZNr5FO6OAwjYCwXG', '1615051001@evote.com', NULL, NULL, NULL, NULL, NULL, NULL, NULL, 1583723200, 1583899020, 1, NULL, NULL, NULL, NULL, '5e68609d6fce5', '2020-03-11 12:23:01', 823, '1'),
(243, '99.99.99.1', 'Komang Ary Sudewa', NULL, '1615051002@evote.com', NULL, NULL, NULL, NULL, NULL, NULL, NULL, 1583723200, NULL, 1, NULL, NULL, NULL, NULL, NULL, NULL, NULL, NULL),
(244, '99.99.99.1', 'Hadi Kurniawan', NULL, '1615051003@evote.com', NULL, NULL, NULL, NULL, NULL, NULL, NULL, 1583723200, NULL, 1, NULL, NULL, NULL, NULL, NULL, NULL, NULL, NULL),
(245, '99.99.99.1', 'Afina Jahara Syalabi', NULL, '1615051004@evote.com', NULL, NULL, NULL, NULL, NULL, NULL, NULL, 1583723200, NULL, 1, NULL, NULL, NULL, NULL, NULL, NULL, NULL, NULL),
(246, '99.99.99.1', 'Ni Luh Putu Moni Lestari', NULL, '1615051005@evote.com', NULL, NULL, NULL, NULL, NULL, NULL, NULL, 1583723200, NULL, 1, NULL, NULL, NULL, NULL, NULL, NULL, NULL, NULL),
(247, '99.99.99.1', 'I Kadek Sudiana', NULL, '1615051006@evote.com', NULL, NULL, NULL, NULL, NULL, NULL, NULL, 1583723200, NULL, 1, NULL, NULL, NULL, NULL, NULL, NULL, NULL, NULL),
(248, '99.99.99.1', 'Mahendra Praptiasa Ketut', NULL, '1615051007@evote.com', NULL, NULL, NULL, NULL, NULL, NULL, NULL, 1583723201, NULL, 1, NULL, NULL, NULL, NULL, NULL, NULL, NULL, NULL),
(249, '99.99.99.1', 'Ketut Inda Sundhari', '$2y$10$Ef8MobXbLqK3bfXYMnJpAOInfJcyXjCs9k1X6Wsq1ABGlV0Iauyt2', '1615051008@evote.com', NULL, NULL, NULL, NULL, NULL, NULL, NULL, 1583723201, 1583898968, 1, NULL, NULL, NULL, NULL, '5e68607da0dea', '2020-03-11 12:22:29', 823, '1'),
(250, '99.99.99.1', 'Kadek Masyang Amursita', '$2y$10$XkQ2RdV5Owpwcm1mcytVcOJ7HqnoSlhzGQhf0HghifP9CiSExuatq', '1615051009@evote.com', NULL, NULL, NULL, NULL, NULL, NULL, NULL, 1583723201, NULL, 1, NULL, NULL, NULL, NULL, '5e688eda39709', '2020-03-11 15:40:18', 824, NULL),
(251, '99.99.99.1', 'Putu Yoga Suardhiana', NULL, '1615051010@evote.com', NULL, NULL, NULL, NULL, NULL, NULL, NULL, 1583723201, NULL, 1, NULL, NULL, NULL, NULL, NULL, NULL, NULL, NULL),
(252, '99.99.99.1', 'Ricky Darmawan', NULL, '1615051011@evote.com', NULL, NULL, NULL, NULL, NULL, NULL, NULL, 1583723201, NULL, 1, NULL, NULL, NULL, NULL, NULL, NULL, NULL, NULL),
(253, '99.99.99.1', 'Ni Putu Bali Pratiwi', '$2y$10$q7mP9nrKUc/lFHYvAwIyzebiR.jGfLtpp4AiKsVFMfK2iHP5RFyPW', '1615051012@evote.com', NULL, NULL, NULL, NULL, NULL, '15f0b840cd6286af9fe6fe236d7379aa40595399', '$2y$10$zv2DFo3bSWifEzoa/4HeQOOJkjdgBUpccv3/XWU1vkCceH58fTVxC', 1583723201, 1583902971, 1, NULL, NULL, NULL, NULL, '5e6871a037c08', '2020-03-11 13:35:36', 823, '1'),
(254, '99.99.99.1', 'Sujud Ari Laksono', NULL, '1615051013@evote.com', NULL, NULL, NULL, NULL, NULL, NULL, NULL, 1583723201, NULL, 1, NULL, NULL, NULL, NULL, NULL, NULL, NULL, NULL),
(255, '99.99.99.1', 'I Ketut Endra Purteja Santosa', NULL, '1615051014@evote.com', NULL, NULL, NULL, NULL, NULL, NULL, NULL, 1583723201, NULL, 1, NULL, NULL, NULL, NULL, NULL, NULL, NULL, NULL),
(256, '99.99.99.1', 'Ida Bagus Kade Merta Sudana', '$2y$10$SXd989aIUwb.Klt4ocHUCe4fKFAhkqyVuOloma4S2CWn4j1ONQqfa', '1615051015@evote.com', NULL, NULL, NULL, NULL, NULL, NULL, NULL, 1583723201, 1583902264, 1, NULL, NULL, NULL, NULL, '5e686dcc1a01d', '2020-03-11 13:19:16', 823, '1'),
(257, '99.99.99.1', 'Ketut Irwan Riswandi', NULL, '1615051016@evote.com', NULL, NULL, NULL, NULL, NULL, NULL, NULL, 1583723201, NULL, 1, NULL, NULL, NULL, NULL, NULL, NULL, NULL, NULL),
(258, '99.99.99.1', 'Ida Bagus Jyotisananda', NULL, '1615051017@evote.com', NULL, NULL, NULL, NULL, NULL, NULL, NULL, 1583723201, NULL, 1, NULL, NULL, NULL, NULL, NULL, NULL, NULL, NULL),
(259, '99.99.99.1', 'Ni Kadek Tesya Ari Saputri', NULL, '1615051018@evote.com', NULL, NULL, NULL, NULL, NULL, NULL, NULL, 1583723202, NULL, 1, NULL, NULL, NULL, NULL, NULL, NULL, NULL, NULL),
(260, '99.99.99.1', 'Komang Eric Widhi Antara', NULL, '1615051019@evote.com', NULL, NULL, NULL, NULL, NULL, NULL, NULL, 1583723202, NULL, 1, NULL, NULL, NULL, NULL, NULL, NULL, NULL, NULL),
(261, '99.99.99.1', 'Putu Bayu Megawanta', NULL, '1615051020@evote.com', NULL, NULL, NULL, NULL, NULL, NULL, NULL, 1583723202, NULL, 1, NULL, NULL, NULL, NULL, NULL, NULL, NULL, NULL),
(262, '99.99.99.1', 'Ni Luh Dinda Ajeng Wahyuni', '$2y$10$gZCxycqPsA9O23B8ZfakWO16CR2POuC314ivVY/tAV6QP5SsfhEEe', '1615051021@evote.com', NULL, NULL, NULL, NULL, NULL, NULL, NULL, 1583723202, 1583907694, 1, NULL, NULL, NULL, NULL, '5e6880e1ee1b7', '2020-03-11 14:40:41', 823, '1'),
(263, '99.99.99.1', 'I Kadek Adi Satriawan', '$2y$10$83uZ88UnWJJd0eVNZsXD/uBXlwQN0JZ7a..ey04Sp1Ah7HslSbuAW', '1615051022@evote.com', NULL, NULL, NULL, NULL, NULL, NULL, NULL, 1583723202, 1583910719, 1, NULL, NULL, NULL, NULL, '5e688e78dcd8c', '2020-03-11 15:38:40', 826, '1'),
(264, '99.99.99.1', 'Putu Gilang Pratama', NULL, '1615051023@evote.com', NULL, NULL, NULL, NULL, NULL, NULL, NULL, 1583723202, NULL, 1, NULL, NULL, NULL, NULL, NULL, NULL, NULL, NULL),
(265, '99.99.99.1', 'Kadek Arya Hermawan', NULL, '1615051024@evote.com', NULL, NULL, NULL, NULL, NULL, NULL, NULL, 1583723202, NULL, 1, NULL, NULL, NULL, NULL, NULL, NULL, NULL, NULL),
(266, '99.99.99.1', 'I Gusti Ayu Nyoman Mariani', '$2y$10$yHJRsfz/4DvwznHCp1Oc6e/JY6RE6XNz93YoNhm9jqOCDQ8CcgRWq', '1615051025@evote.com', NULL, NULL, NULL, NULL, NULL, NULL, NULL, 1583723202, 1583899264, 1, NULL, NULL, NULL, NULL, '5e68604d3655b', '2020-03-11 12:21:41', 823, '1'),
(267, '99.99.99.1', 'I Nyoman Tri Adi Putra', NULL, '1615051026@evote.com', NULL, NULL, NULL, NULL, NULL, NULL, NULL, 1583723202, NULL, 1, NULL, NULL, NULL, NULL, NULL, NULL, NULL, NULL),
(268, '99.99.99.1', 'I Made Arry Anggabawa', NULL, '1615051027@evote.com', NULL, NULL, NULL, NULL, NULL, NULL, NULL, 1583723202, NULL, 1, NULL, NULL, NULL, NULL, NULL, NULL, NULL, NULL),
(269, '99.99.99.1', ' I Putu Agus Yudi Arthawan', NULL, '1615051028@evote.com', NULL, NULL, NULL, NULL, NULL, NULL, NULL, 1583723202, NULL, 1, NULL, NULL, NULL, NULL, NULL, NULL, NULL, NULL),
(270, '99.99.99.1', 'Putu Riska Sariani', NULL, '1615051029@evote.com', NULL, NULL, NULL, NULL, NULL, NULL, NULL, 1583723203, NULL, 1, NULL, NULL, NULL, NULL, NULL, NULL, NULL, NULL),
(271, '99.99.99.1', 'Dewa Putu Partha Wijaya', NULL, '1615051030@evote.com', NULL, NULL, NULL, NULL, NULL, NULL, NULL, 1583723203, NULL, 1, NULL, NULL, NULL, NULL, NULL, NULL, NULL, NULL),
(272, '99.99.99.1', 'Gede Dana Wijaya', NULL, '1615051031@evote.com', NULL, NULL, NULL, NULL, NULL, NULL, NULL, 1583723203, NULL, 1, NULL, NULL, NULL, NULL, NULL, NULL, NULL, NULL),
(273, '99.99.99.1', 'Putu Gani Pratama', NULL, '1615051032@evote.com', NULL, NULL, NULL, NULL, NULL, NULL, NULL, 1583723203, NULL, 1, NULL, NULL, NULL, NULL, NULL, NULL, NULL, NULL),
(274, '99.99.99.1', 'Nyoman Juli Budiartawan', '$2y$10$iav6tmoHwIpg53ieQps/Oezs6Uwt32ENByyF0CwdNpHvt/JOntF3e', '1615051033@evote.com', NULL, NULL, NULL, NULL, NULL, NULL, NULL, 1583723203, 1583911026, 1, NULL, NULL, NULL, NULL, '5e688ed964083', '2020-03-11 15:40:17', 823, '1'),
(275, '99.99.99.1', 'Ida Ayu Agung Yogi Pradnyani', NULL, '1615051034@evote.com', NULL, NULL, NULL, NULL, NULL, NULL, NULL, 1583723203, NULL, 1, NULL, NULL, NULL, NULL, NULL, NULL, NULL, NULL),
(276, '99.99.99.1', 'Ni Luh Yunitami', NULL, '1615051035@evote.com', NULL, NULL, NULL, NULL, NULL, NULL, NULL, 1583723203, NULL, 1, NULL, NULL, NULL, NULL, NULL, NULL, NULL, NULL),
(277, '99.99.99.1', 'Ni Komang Sriasih', NULL, '1615051036@evote.com', NULL, NULL, NULL, NULL, NULL, NULL, NULL, 1583723203, NULL, 1, NULL, NULL, NULL, NULL, NULL, NULL, NULL, NULL),
(278, '99.99.99.1', 'I Gede Jasindra', NULL, '1615051037@evote.com', NULL, NULL, NULL, NULL, NULL, NULL, NULL, 1583723203, NULL, 1, NULL, NULL, NULL, NULL, NULL, NULL, NULL, NULL),
(279, '99.99.99.1', 'I Wayan Dirgantara', NULL, '1615051038@evote.com', NULL, NULL, NULL, NULL, NULL, NULL, NULL, 1583723203, NULL, 1, NULL, NULL, NULL, NULL, NULL, NULL, NULL, NULL),
(280, '99.99.99.1', 'I Gede Janur Permadi', NULL, '1615051039@evote.com', NULL, NULL, NULL, NULL, NULL, NULL, NULL, 1583723203, NULL, 1, NULL, NULL, NULL, NULL, NULL, NULL, NULL, NULL),
(281, '99.99.99.1', 'AGUS WIRANTO', NULL, '1615051040@evote.com', NULL, NULL, NULL, NULL, NULL, NULL, NULL, 1583723204, NULL, 1, NULL, NULL, NULL, NULL, NULL, NULL, NULL, NULL),
(282, '99.99.99.1', 'KADEK UNGGAH ADI NOPE', '$2y$10$aMEjBgqP9igqoOmJWy3pp.jdWF/d1tOh34yMUhbWQ/4DlyvGeAft.', '1615051041@evote.com', NULL, NULL, NULL, NULL, NULL, NULL, NULL, 1583723204, 1583910723, 1, NULL, NULL, NULL, NULL, '5e688ea077161', '2020-03-11 15:39:20', 826, '1'),
(283, '99.99.99.1', 'LINDA NENISUNDALI', NULL, '1615051042@evote.com', NULL, NULL, NULL, NULL, NULL, NULL, NULL, 1583723204, NULL, 1, NULL, NULL, NULL, NULL, NULL, NULL, NULL, NULL),
(284, '99.99.99.1', 'DEDI RAHMAN', NULL, '1615051043@evote.com', NULL, NULL, NULL, NULL, NULL, NULL, NULL, 1583723204, NULL, 1, NULL, NULL, NULL, NULL, NULL, NULL, NULL, NULL),
(285, '99.99.99.1', 'KADEK WIDIANTARA', NULL, '1615051044@evote.com', NULL, NULL, NULL, NULL, NULL, NULL, NULL, 1583723204, NULL, 1, NULL, NULL, NULL, NULL, NULL, NULL, NULL, NULL),
(286, '99.99.99.1', 'GEDE WIDIARTANA YASA', NULL, '1615051045@evote.com', NULL, NULL, NULL, NULL, NULL, NULL, NULL, 1583723204, NULL, 1, NULL, NULL, NULL, NULL, NULL, NULL, NULL, NULL),
(287, '99.99.99.1', 'DEWA KETUT SATRIAWAN SUDITRESNAJAYA', '$2y$10$3ehzrM6xLQUZTfoyYhci0uAWV4SEz49DL9gQduwMQHMN5j.//gWL2', '1615051046@evote.com', NULL, NULL, NULL, NULL, NULL, NULL, NULL, 1583723204, 1583910726, 1, NULL, NULL, NULL, NULL, '5e688ebb79c8b', '2020-03-11 15:39:47', 826, '1'),
(288, '99.99.99.1', 'MADE ADITYA WIGUNA', NULL, '1615051047@evote.com', NULL, NULL, NULL, NULL, NULL, NULL, NULL, 1583723204, NULL, 1, NULL, NULL, NULL, NULL, NULL, NULL, NULL, NULL),
(289, '99.99.99.1', 'GEDE SUDARMA YASA', NULL, '1615051048@evote.com', NULL, NULL, NULL, NULL, NULL, NULL, NULL, 1583723204, NULL, 1, NULL, NULL, NULL, NULL, NULL, NULL, NULL, NULL),
(290, '99.99.99.1', 'NI WAYAN PUTRI DARMANINGSIH', '$2y$10$DVw9lhyfwzP7HGvMpkc10.gbWEQ3qh1vvfs.bZFga7EK39o6bRbdq', '1615051049@evote.com', NULL, NULL, NULL, NULL, NULL, NULL, NULL, 1583723204, 1583899426, 1, NULL, NULL, NULL, NULL, '5e6861a7bd4e4', '2020-03-11 12:27:27', 823, '1'),
(291, '99.99.99.1', 'I MADE WARDANA', NULL, '1615051050@evote.com', NULL, NULL, NULL, NULL, NULL, NULL, NULL, 1583723204, NULL, 1, NULL, NULL, NULL, NULL, NULL, NULL, NULL, NULL),
(292, '99.99.99.1', 'GEDE WHIDI HARTA', NULL, '1615051051@evote.com', NULL, NULL, NULL, NULL, NULL, NULL, NULL, 1583723205, NULL, 1, NULL, NULL, NULL, NULL, NULL, NULL, NULL, NULL),
(293, '99.99.99.1', 'I MADE ADHIKARA NUGRAHA', NULL, '1615051052@evote.com', NULL, NULL, NULL, NULL, NULL, NULL, NULL, 1583723205, NULL, 1, NULL, NULL, NULL, NULL, NULL, NULL, NULL, NULL),
(294, '99.99.99.1', 'I KADEK WIRA SATYA', NULL, '1615051053@evote.com', NULL, NULL, NULL, NULL, NULL, NULL, NULL, 1583723205, NULL, 1, NULL, NULL, NULL, NULL, NULL, NULL, NULL, NULL),
(295, '99.99.99.1', 'PUTU WIDHI ADNYANI', NULL, '1615051054@evote.com', NULL, NULL, NULL, NULL, NULL, NULL, NULL, 1583723205, NULL, 1, NULL, NULL, NULL, NULL, NULL, NULL, NULL, NULL),
(296, '99.99.99.1', 'MOH. SALAHUDIN AL AYUBI', NULL, '1615051055@evote.com', NULL, NULL, NULL, NULL, NULL, NULL, NULL, 1583723205, NULL, 1, NULL, NULL, NULL, NULL, NULL, NULL, NULL, NULL),
(297, '99.99.99.1', 'BAGUS ADITIYA', NULL, '1615051056@evote.com', NULL, NULL, NULL, NULL, NULL, NULL, NULL, 1583723205, NULL, 1, NULL, NULL, NULL, NULL, NULL, NULL, NULL, NULL),
(298, '99.99.99.1', 'MADE ANANTA SUKA LEGAWA', NULL, '1615051057@evote.com', NULL, NULL, NULL, NULL, NULL, NULL, NULL, 1583723205, NULL, 1, NULL, NULL, NULL, NULL, NULL, NULL, NULL, NULL),
(299, '99.99.99.1', 'AMALIYA SYAFITRI', NULL, '1615051058@evote.com', NULL, NULL, NULL, NULL, NULL, NULL, NULL, 1583723205, NULL, 1, NULL, NULL, NULL, NULL, NULL, NULL, NULL, NULL),
(300, '99.99.99.1', 'GUSTI AYU INDAH UTAMI', NULL, '1615051059@evote.com', NULL, NULL, NULL, NULL, NULL, NULL, NULL, 1583723205, NULL, 1, NULL, NULL, NULL, NULL, NULL, NULL, NULL, NULL),
(301, '99.99.99.1', 'I GEDE MADE WAISYA ADI SUPHALA', NULL, '1615051060@evote.com', NULL, NULL, NULL, NULL, NULL, NULL, NULL, 1583723205, NULL, 1, NULL, NULL, NULL, NULL, NULL, NULL, NULL, NULL),
(302, '99.99.99.1', 'YUSRIL IHZA MAHENDRA', '$2y$10$6KCm/7e2W/0G37AhrA.0vui0X04R9nCpmGR1Hc9uSGvP6b7./dL5e', '1615051061@evote.com', NULL, NULL, NULL, NULL, NULL, NULL, NULL, 1583723205, 1583910732, 1, NULL, NULL, NULL, NULL, '5e688eeca15a8', '2020-03-11 15:40:36', 826, '1'),
(303, '99.99.99.1', 'I KOMANG GEDE ROBBIE PRADNYANA', NULL, '1615051062@evote.com', NULL, NULL, NULL, NULL, NULL, NULL, NULL, 1583723206, NULL, 1, NULL, NULL, NULL, NULL, NULL, NULL, NULL, NULL),
(304, '99.99.99.1', 'LEO BRAVO BRAMASTA', NULL, '1615051063@evote.com', NULL, NULL, NULL, NULL, NULL, NULL, NULL, 1583723206, NULL, 1, NULL, NULL, NULL, NULL, NULL, NULL, NULL, NULL),
(305, '99.99.99.1', 'KOMANG AYU WIDI SARI', '$2y$10$XFsTDcC2axQxgCilAUiIVe/9hgaBTlcz60nsH8swArK6eT9TpjSka', '1615051064@evote.com', NULL, NULL, NULL, NULL, NULL, NULL, NULL, 1583723206, 1583910199, 1, NULL, NULL, NULL, NULL, '5e688c5789666', '2020-03-11 15:29:35', 823, '1'),
(306, '99.99.99.1', 'I KOMANG DODI ARTHA', '$2y$10$y0O9QeId8.A4YX9FTWHA5uL6POo9exS/7dJUk.GGmexA9vLp625Q.', '1615051065@evote.com', NULL, NULL, NULL, NULL, NULL, NULL, NULL, 1583723206, 1583904617, 1, NULL, NULL, NULL, NULL, '5e6876ada0389', '2020-03-11 13:57:09', 823, '1'),
(307, '99.99.99.1', 'I NYOMAN ANGGA SUPADMA', NULL, '1615051066@evote.com', NULL, NULL, NULL, NULL, NULL, NULL, NULL, 1583723206, NULL, 1, NULL, NULL, NULL, NULL, NULL, NULL, NULL, NULL),
(308, '99.99.99.1', 'ADE BHISMAYANA', '$2y$10$Z3mPAkHUSdsuMhBMdunCHuOyOnD3aL5EWCpgbkKTdse19balxgPzK', '1615051067@evote.com', NULL, NULL, NULL, NULL, NULL, NULL, NULL, 1583723206, 1583911210, 1, NULL, NULL, NULL, NULL, '5e688a5db72d5', '2020-03-11 15:21:09', 826, '1'),
(309, '99.99.99.1', 'GEDE DIANA MARTHA', '$2y$10$Z9BRCN6gMhLd.pcYRain3uUd8EhCQNdtHIj8inTLipzmhJhszPsCe', '1615051068@evote.com', NULL, NULL, NULL, NULL, NULL, NULL, NULL, 1583723206, 1583914648, 1, NULL, NULL, NULL, NULL, '5e689dc2d4c12', '2020-03-11 16:43:54', 823, '1'),
(310, '99.99.99.1', 'ADHINTA CANDRA RIMA PRATAMA', NULL, '1615051069@evote.com', NULL, NULL, NULL, NULL, NULL, NULL, NULL, 1583723206, NULL, 1, NULL, NULL, NULL, NULL, NULL, NULL, NULL, NULL),
(311, '99.99.99.1', 'I PUTU SURYA EKA PRATAMA', '$2y$10$6EaVToIr5OF03qSHxqq.4eWmGkBDVuVJrXFBpIFh/dqo1gS.YERA.', '1615051070@evote.com', NULL, NULL, NULL, NULL, NULL, NULL, NULL, 1583723206, 1583910802, 1, NULL, NULL, NULL, NULL, '5e688ed690920', '2020-03-11 15:40:14', 826, '1'),
(312, '99.99.99.1', 'GEDE IVANNELD WIRAVENDANA ARSANA', NULL, '1615051071@evote.com', NULL, NULL, NULL, NULL, NULL, NULL, NULL, 1583723206, NULL, 1, NULL, NULL, NULL, NULL, NULL, NULL, NULL, NULL),
(313, '99.99.99.1', 'GEDE ANGGA JULIASTA WIGUNA', '$2y$10$SucFL/31oELL00/K7IpqQuEfc/lPNCAY8/f9FXfYHmEmHFD5mf1n6', '1615051072@evote.com', NULL, NULL, NULL, NULL, NULL, NULL, NULL, 1583723206, 1583910787, 1, NULL, NULL, NULL, NULL, '5e688f00a9152', '2020-03-11 15:40:56', 823, '1'),
(314, '99.99.99.1', 'NI PUTU SRI INDRA PADMA DEWI', '$2y$10$ZdRC1sWPt4Qrn1S65CMUTOCNeQjoqU1ZK5eo.vDkqqgR8rsiWPQeW', '1615051073@evote.com', NULL, NULL, NULL, NULL, NULL, NULL, NULL, 1583723207, 1583913028, 1, NULL, NULL, NULL, NULL, '5e6894fa5745b', '2020-03-11 16:06:26', 823, '1'),
(315, '99.99.99.1', 'DEWA NYOMAN SUARTAMA ARIAWAN', '$2y$10$wY/aBXllBSyRwbMJRWsH8eHP6YA1UjEgh7VAtclaNyWQVRk2L2j2O', '1615051074@evote.com', NULL, NULL, NULL, NULL, NULL, NULL, NULL, 1583723207, 1583911204, 1, NULL, NULL, NULL, NULL, '5e688faf32f4a', '2020-03-11 15:43:51', 826, '1'),
(316, '99.99.99.1', 'I PUTU EKA ARIAWAN', NULL, '1615051075@evote.com', NULL, NULL, NULL, NULL, NULL, NULL, NULL, 1583723207, NULL, 1, NULL, NULL, NULL, NULL, NULL, NULL, NULL, NULL),
(317, '99.99.99.1', 'IGUSTI AGUNG ADI PENIDA KUSUMA', NULL, '1615051076@evote.com', NULL, NULL, NULL, NULL, NULL, NULL, NULL, 1583723207, NULL, 1, NULL, NULL, NULL, NULL, NULL, NULL, NULL, NULL),
(318, '99.99.99.1', 'I PUTU RIDWAN SURASTA', NULL, '1615051077@evote.com', NULL, NULL, NULL, NULL, NULL, NULL, NULL, 1583723207, NULL, 1, NULL, NULL, NULL, NULL, NULL, NULL, NULL, NULL),
(319, '99.99.99.1', 'NI KOMANG ARI TRISNAYANTI', '$2y$10$YRtL.WpGq.anbe8IrRAMduwmtmCPMRnoza7O1Idu8J89G6mz7/zWK', '1615051078@evote.com', NULL, NULL, NULL, NULL, NULL, NULL, NULL, 1583723207, 1583899160, 1, NULL, NULL, NULL, NULL, '5e686157c87bd', '2020-03-11 12:26:07', 823, '1'),
(320, '99.99.99.1', 'I WAYAN AGUS PURNA', NULL, '1615051079@evote.com', NULL, NULL, NULL, NULL, NULL, NULL, NULL, 1583723207, NULL, 1, NULL, NULL, NULL, NULL, NULL, NULL, NULL, NULL),
(321, '99.99.99.1', 'RITA DEFIANA', NULL, '1615051080@evote.com', NULL, NULL, NULL, NULL, NULL, NULL, NULL, 1583723207, NULL, 1, NULL, NULL, NULL, NULL, NULL, NULL, NULL, NULL),
(322, '99.99.99.1', 'I PUTU SUJANA ATMAJA', NULL, '1615051081@evote.com', NULL, NULL, NULL, NULL, NULL, NULL, NULL, 1583723208, NULL, 1, NULL, NULL, NULL, NULL, NULL, NULL, NULL, NULL),
(323, '99.99.99.1', 'RENDITA SEPTIADI', NULL, '1615051082@evote.com', NULL, NULL, NULL, NULL, NULL, NULL, NULL, 1583723208, NULL, 1, NULL, NULL, NULL, NULL, NULL, NULL, NULL, NULL),
(324, '99.99.99.1', 'I KADEK ADI YATNA SASTRAWAN', NULL, '1615051083@evote.com', NULL, NULL, NULL, NULL, NULL, NULL, NULL, 1583723208, NULL, 1, NULL, NULL, NULL, NULL, NULL, NULL, NULL, NULL),
(325, '99.99.99.1', 'KADEK RICKY JULIAWAN', NULL, '1615051084@evote.com', NULL, NULL, NULL, NULL, NULL, NULL, NULL, 1583723208, NULL, 1, NULL, NULL, NULL, NULL, NULL, NULL, NULL, NULL),
(326, '99.99.99.1', 'YUSRAN MOHAMMAD', NULL, '1615051085@evote.com', NULL, NULL, NULL, NULL, NULL, NULL, NULL, 1583723208, NULL, 1, NULL, NULL, NULL, NULL, NULL, NULL, NULL, NULL),
(327, '99.99.99.1', 'NI PUTU RESTY TRIANDANI', NULL, '1615051086@evote.com', NULL, NULL, NULL, NULL, NULL, NULL, NULL, 1583723208, NULL, 1, NULL, NULL, NULL, NULL, NULL, NULL, NULL, NULL),
(328, '99.99.99.1', 'PUTU AUDY KUSUMA', NULL, '1615051087@evote.com', NULL, NULL, NULL, NULL, NULL, NULL, NULL, 1583723208, NULL, 1, NULL, NULL, NULL, NULL, NULL, NULL, NULL, NULL),
(329, '99.99.99.1', 'I MADE SURYASA', NULL, '1615051088@evote.com', NULL, NULL, NULL, NULL, NULL, NULL, NULL, 1583723208, NULL, 1, NULL, NULL, NULL, NULL, NULL, NULL, NULL, NULL),
(330, '99.99.99.1', 'Ayu Ditha Savitri', NULL, '1615051089@evote.com', NULL, NULL, NULL, NULL, NULL, NULL, NULL, 1583723208, NULL, 1, NULL, NULL, NULL, NULL, NULL, NULL, NULL, NULL),
(331, '99.99.99.1', 'Ni Luh Putu Winda Kerti Kusumayani', NULL, '1615051090@evote.com', NULL, NULL, NULL, NULL, NULL, NULL, NULL, 1583723209, NULL, 1, NULL, NULL, NULL, NULL, NULL, NULL, NULL, NULL),
(332, '99.99.99.1', 'Thessa Sahara Umami', NULL, '1615051091@evote.com', NULL, NULL, NULL, NULL, NULL, NULL, NULL, 1583723209, NULL, 1, NULL, NULL, NULL, NULL, NULL, NULL, NULL, NULL),
(333, '99.99.99.1', 'Nyoman Melati Pramesti', NULL, '1615051092@evote.com', NULL, NULL, NULL, NULL, NULL, NULL, NULL, 1583723209, NULL, 1, NULL, NULL, NULL, NULL, NULL, NULL, NULL, NULL),
(334, '99.99.99.1', 'Ni Luh Putu Ari Pratiwi', NULL, '1615051093@evote.com', NULL, NULL, NULL, NULL, NULL, NULL, NULL, 1583723209, NULL, 1, NULL, NULL, NULL, NULL, NULL, NULL, NULL, NULL),
(335, '99.99.99.1', 'I Wayan Sutarjana', NULL, '1615051094@evote.com', NULL, NULL, NULL, NULL, NULL, NULL, NULL, 1583723209, NULL, 1, NULL, NULL, NULL, NULL, NULL, NULL, NULL, NULL),
(336, '99.99.99.1', 'I Gede Raditya Utama Putra', NULL, '1615051095@evote.com', NULL, NULL, NULL, NULL, NULL, NULL, NULL, 1583723209, NULL, 1, NULL, NULL, NULL, NULL, NULL, NULL, NULL, NULL),
(337, '99.99.99.1', 'Kadek Kusuma Wardana', NULL, '1615051096@evote.com', NULL, NULL, NULL, NULL, NULL, NULL, NULL, 1583723209, NULL, 1, NULL, NULL, NULL, NULL, NULL, NULL, NULL, NULL),
(338, '99.99.99.1', 'Komang Krisnayana', NULL, '1615051097@evote.com', NULL, NULL, NULL, NULL, NULL, NULL, NULL, 1583723209, NULL, 1, NULL, NULL, NULL, NULL, NULL, NULL, NULL, NULL),
(339, '99.99.99.1', 'Si Luh Made Intan Pebriyanti', NULL, '1615051098@evote.com', NULL, NULL, NULL, NULL, NULL, NULL, NULL, 1583723209, NULL, 1, NULL, NULL, NULL, NULL, NULL, NULL, NULL, NULL),
(340, '99.99.99.1', 'Gusti Ayu Ade Sukma Surya Putri', NULL, '1615051099@evote.com', NULL, NULL, NULL, NULL, NULL, NULL, NULL, 1583723210, NULL, 1, NULL, NULL, NULL, NULL, NULL, NULL, NULL, NULL),
(341, '99.99.99.1', 'Gede Supandita', NULL, '1615051100@evote.com', NULL, NULL, NULL, NULL, NULL, NULL, NULL, 1583723210, NULL, 1, NULL, NULL, NULL, NULL, NULL, NULL, NULL, NULL),
(342, '99.99.99.1', 'Ketut Hadi Putra Handika', NULL, '1615051101@evote.com', NULL, NULL, NULL, NULL, NULL, NULL, NULL, 1583723210, NULL, 1, NULL, NULL, NULL, NULL, NULL, NULL, NULL, NULL),
(343, '99.99.99.1', 'I Made Artadana', NULL, '1615051102@evote.com', NULL, NULL, NULL, NULL, NULL, NULL, NULL, 1583723210, NULL, 1, NULL, NULL, NULL, NULL, NULL, NULL, NULL, NULL),
(344, '99.99.99.1', 'Ayu Dyah Pradnya Paramitha', '$2y$10$a742shN3Q50XJ5SDanSBVu/B1qWoRmiuIVcueFmDD7uQK9rsNqWIS', '1615051103@evote.com', NULL, NULL, NULL, NULL, NULL, NULL, NULL, 1583723210, 1583905097, 1, NULL, NULL, NULL, NULL, '5e6876e3be0bd', '2020-03-11 13:58:03', 823, '1'),
(345, '99.99.99.1', 'Putu Andika Wirasatriya', NULL, '1615051104@evote.com', NULL, NULL, NULL, NULL, NULL, NULL, NULL, 1583723210, NULL, 1, NULL, NULL, NULL, NULL, NULL, NULL, NULL, NULL),
(346, '99.99.99.1', 'Ni Putu Febriana Diah Widiani Sudiatmika', '$2y$10$qvuMARSpwSRd9OJgjs8SWe9py1NcSmSHP2Y3eQg8w.JEM07NDjpvW', '1615051105@evote.com', NULL, NULL, NULL, NULL, NULL, NULL, NULL, 1583723210, 1583899385, 1, NULL, NULL, NULL, NULL, '5e68617cdd232', '2020-03-11 12:26:44', 823, '1'),
(347, '99.99.99.1', 'I Gede Pratista Wibawa', NULL, '1615051106@evote.com', NULL, NULL, NULL, NULL, NULL, NULL, NULL, 1583723210, NULL, 1, NULL, NULL, NULL, NULL, NULL, NULL, NULL, NULL),
(348, '99.99.99.1', 'Made Kevin Ihza Mahendra', '$2y$10$vp59Rw1leLJn7QzSBWyS7.eDQ84lZgfrWjFMu/Lcimg0TKyJ4kAq2', '1615051107@evote.com', NULL, NULL, NULL, NULL, NULL, NULL, NULL, 1583723210, 1583910875, 1, NULL, NULL, NULL, NULL, '5e688f5d3cd90', '2020-03-11 15:42:29', 826, '1'),
(349, '99.99.99.1', 'Ida Bagus Gede Krisna Adnyana Manuaba', NULL, '1615051108@evote.com', NULL, NULL, NULL, NULL, NULL, NULL, NULL, 1583723210, NULL, 1, NULL, NULL, NULL, NULL, NULL, NULL, NULL, NULL),
(350, '99.99.99.1', 'Fikri Haikal', NULL, '1615051109@evote.com', NULL, NULL, NULL, NULL, NULL, NULL, NULL, 1583723210, NULL, 1, NULL, NULL, NULL, NULL, NULL, NULL, NULL, NULL),
(351, '99.99.99.1', 'I Putu Agus Wira Pratama', NULL, '1615051110@evote.com', NULL, NULL, NULL, NULL, NULL, NULL, NULL, 1583723210, NULL, 1, NULL, NULL, NULL, NULL, NULL, NULL, NULL, NULL),
(352, '99.99.99.1', 'Kamaludin', NULL, '1615051111@evote.com', NULL, NULL, NULL, NULL, NULL, NULL, NULL, 1583723211, NULL, 1, NULL, NULL, NULL, NULL, NULL, NULL, NULL, NULL),
(353, '99.99.99.1', 'Ryan Ardiansyah Putra', NULL, '1615051112@evote.com', NULL, NULL, NULL, NULL, NULL, NULL, NULL, 1583723211, NULL, 1, NULL, NULL, NULL, NULL, NULL, NULL, NULL, NULL),
(354, '99.99.99.1', 'I Made Astawa Winata', NULL, '1615051113@evote.com', NULL, NULL, NULL, NULL, NULL, NULL, NULL, 1583723211, NULL, 1, NULL, NULL, NULL, NULL, NULL, NULL, NULL, NULL),
(355, '99.99.99.1', 'I Gede Mertha Sujaya', NULL, '1615051114@evote.com', NULL, NULL, NULL, NULL, NULL, NULL, NULL, 1583723211, NULL, 1, NULL, NULL, NULL, NULL, NULL, NULL, NULL, NULL),
(356, '99.99.99.1', 'Jonatan Sani', NULL, '1615051115@evote.com', NULL, NULL, NULL, NULL, NULL, NULL, NULL, 1583723211, NULL, 1, NULL, NULL, NULL, NULL, NULL, NULL, NULL, NULL),
(357, '99.99.99.1', 'Dewa Putu Sukra Adnyana', NULL, '1615057116@evote.com', NULL, NULL, NULL, NULL, NULL, NULL, NULL, 1583723211, NULL, 1, NULL, NULL, NULL, NULL, NULL, NULL, NULL, NULL),
(358, '99.99.99.1', 'Nyoman Sujana', NULL, '1615057117@evote.com', NULL, NULL, NULL, NULL, NULL, NULL, NULL, 1583723211, NULL, 1, NULL, NULL, NULL, NULL, NULL, NULL, NULL, NULL),
(359, '99.99.99.1', 'I Wayan Pasek Suwidia', '$2y$10$J0FFZYCup9phNm.cSgFk4OD9AzW.fSTDQJc44M9zoCLhyjJV0fpRe', '1715051001@evote.com', NULL, NULL, NULL, NULL, NULL, NULL, NULL, 1583723211, 1583911184, 1, NULL, NULL, NULL, NULL, '5e6890d6830d3', '2020-03-11 15:48:46', 823, '1'),
(360, '99.99.99.1', 'Putu Deri Ariyasa Dana', '$2y$10$YdgPpdBm5Ap0z3QYmMM/L.6ezMJ5LSK9dYSfbHBJO4YYlgPxmX7fS', '1715051002@evote.com', NULL, NULL, NULL, NULL, NULL, NULL, NULL, 1583723211, 1583899372, 1, NULL, NULL, NULL, NULL, '5e685ebbcf474', '2020-03-11 12:14:59', 1, '1'),
(361, '99.99.99.1', 'Wahyu Candra Kurniawan', '$2y$10$DgGK0eJc6VqYV6uQW5lEROvvMvvBLa2iTTMR/LeC8jnoQqpzAlPha', '1715051003@evote.com', NULL, NULL, NULL, NULL, NULL, NULL, NULL, 1583723211, 1583899321, 1, NULL, NULL, NULL, NULL, '5e685f7a1fd30', '2020-03-11 12:18:10', 823, '1'),
(362, '99.99.99.1', 'DITHA RIZKA FADILLAH', NULL, '1715051004@evote.com', NULL, NULL, NULL, NULL, NULL, NULL, NULL, 1583723211, NULL, 1, NULL, NULL, NULL, NULL, NULL, NULL, NULL, NULL),
(363, '99.99.99.1', 'YUNI SARI TARIGAN', NULL, '1715051005@evote.com', NULL, NULL, NULL, NULL, NULL, NULL, NULL, 1583723212, NULL, 1, NULL, NULL, NULL, NULL, NULL, NULL, NULL, NULL),
(364, '99.99.99.1', 'YESI RONAULI SIANTURI', NULL, '1715051006@evote.com', NULL, NULL, NULL, NULL, NULL, NULL, NULL, 1583723212, NULL, 1, NULL, NULL, NULL, NULL, NULL, NULL, NULL, NULL),
(365, '99.99.99.1', 'Masithah Ariantini', '$2y$10$DuHDAOXTOfWLoMgTNnK85OYvPS8/NdCtECrERiyKzSs3docpjfYd2', '1715051007@evote.com', NULL, NULL, NULL, NULL, NULL, NULL, NULL, 1583723212, 1583897467, 1, NULL, NULL, NULL, NULL, '5e6859cbb3f01', '2020-03-11 11:53:55', 823, '1'),
(366, '99.99.99.1', 'I Made Lanang Sudarmayana', NULL, '1715051008@evote.com', NULL, NULL, NULL, NULL, NULL, NULL, NULL, 1583723212, NULL, 1, NULL, NULL, NULL, NULL, NULL, NULL, NULL, NULL),
(367, '99.99.99.1', 'I Gede Yoga Jatawitika', '$2y$10$itTD8oE4y0PXmud.pS1YUOiHS.UADsayj.AL6tG/KJ7MDUqNK7lrq', '1715051009@evote.com', NULL, NULL, NULL, NULL, NULL, NULL, NULL, 1583723212, 1583905961, 1, NULL, NULL, NULL, NULL, '5e687c48465fb', '2020-03-11 14:21:04', 1, '1'),
(368, '99.99.99.1', 'Ni Kadek Herayani', '$2y$10$qbgkHiMgysayQ53.KY.7meYq3/dxZx2zqv4SRO8g0IcAvaLnWuxtG', '1715051010@evote.com', NULL, NULL, NULL, NULL, NULL, NULL, NULL, 1583723212, 1583915750, 1, NULL, NULL, NULL, NULL, '5e68a0ca0ba2c', '2020-03-11 16:56:50', 823, '1'),
(369, '99.99.99.1', 'I NYOMAN TEGUH SUJANA PUTRA', '$2y$10$AIcctgq7O95qpfYDyf5WVOlGi5rpHnhHkLUXKTIzMqms2eza61OYm', '1715051011@evote.com', NULL, NULL, NULL, NULL, NULL, NULL, NULL, 1583723212, 1583903796, 1, NULL, NULL, NULL, NULL, '5e68734bc3398', '2020-03-11 13:42:43', 826, '1'),
(370, '99.99.99.1', 'Pande Luh Putu Dian', '$2y$10$10f/Qc.crZK.bxaS24vy5eEn7OcCWptJBtOUv6b94SxGfHEyPE49K', '1715051012@evote.com', NULL, NULL, NULL, NULL, NULL, NULL, NULL, 1583723213, NULL, 1, NULL, NULL, NULL, NULL, '5e6869ad7a070', '2020-03-11 13:01:41', 1, NULL),
(371, '99.99.99.1', 'I Wayan Supri Andika', '$2y$10$6uhO.Olxp/FCBdlq09zsNuFm..L80pTWEqDKiB6k.gy5Ryq/HFkvi', '1715051013@evote.com', NULL, NULL, NULL, NULL, NULL, NULL, NULL, 1583723213, 1583913018, 1, NULL, NULL, NULL, NULL, '5e68978545f5d', '2020-03-11 16:17:17', 823, '1'),
(372, '99.99.99.1', 'I Made Andika Lesmana Giri ', NULL, '1715051014@evote.com', NULL, NULL, NULL, NULL, NULL, NULL, NULL, 1583723213, NULL, 1, NULL, NULL, NULL, NULL, NULL, NULL, NULL, NULL),
(373, '99.99.99.1', 'I Gusti Agung Mia Pradita', '$2y$10$BAwRKrPlBU3/j9BuyRJaP.Cui2g7FlRqqRrsAxa9VnHsjLQGssXBa', '1715051015@evote.com', NULL, NULL, NULL, NULL, NULL, NULL, NULL, 1583723213, 1583900309, 1, NULL, NULL, NULL, NULL, '5e68650e483f7', '2020-03-11 12:41:58', 823, '1'),
(374, '99.99.99.1', 'Ni Made Gangga Dewi', NULL, '1715051016@evote.com', NULL, NULL, NULL, NULL, NULL, NULL, NULL, 1583723213, NULL, 1, NULL, NULL, NULL, NULL, NULL, NULL, NULL, NULL),
(375, '99.99.99.1', 'I Putu Dedy Wira Darmawan', '$2y$10$X/T6KY12nWJ8qnXZEk85/eVHg5qp2jA2MenooTi6h1QAzvXgz18hO', '1715051017@evote.com', NULL, NULL, NULL, NULL, NULL, '031ccc37013deba964c8dd97b12342d7c789718d', '$2y$10$ZaBMmvQQHzakeK56zG3S1ufuein1kSwr8epcO.EEw4jVADFf9f1GG', 1583723213, 1583917964, 1, NULL, NULL, NULL, NULL, '5e68aacf24fa8', '2020-03-11 17:39:35', 1, '1'),
(376, '99.99.99.1', 'Ni Kadek Dwi Trisna Rahayu', '$2y$10$wuU2PjPpeIkgPyBHzHslVOXRI2i3cRtZj5fDZxE7yMV0TWJtIN/2C', '1715051018@evote.com', NULL, NULL, NULL, NULL, NULL, NULL, NULL, 1583723214, 1583899263, 1, NULL, NULL, NULL, NULL, '5e6862393a791', '2020-03-11 12:29:53', 823, '1'),
(377, '99.99.99.1', 'Ni Komang Devi Saraswati', '$2y$10$Uol/n6Vt8tMS8bXZ2K9y0.ZBUk4RkB/DX35Bhn1sgKsCJAzFi8.Q2', '1715051019@evote.com', NULL, NULL, NULL, NULL, NULL, NULL, NULL, 1583723214, 1583898421, 1, NULL, NULL, NULL, NULL, '5e685eaebadc7', '2020-03-11 12:14:46', 823, '1'),
(378, '99.99.99.1', 'I Made Mandy Prabawa', '$2y$10$MG5JXotKwTnWui4e9Z97K.qK.6bIE20eenhJXo3GvqBQ6rv17uM5O', '1715051020@evote.com', NULL, NULL, NULL, NULL, NULL, NULL, NULL, 1583723214, 1583903186, 1, NULL, NULL, NULL, NULL, '5e6871735145e', '2020-03-11 13:34:51', 826, '1'),
(379, '99.99.99.1', 'Putu Angga Wisesa', '$2y$10$yg4InoICkOamCiHF5tWWV.zzSyoAFi9ol6h.7PlD5BB8YYRX55R9y', '1715051021@evote.com', NULL, NULL, NULL, NULL, NULL, NULL, NULL, 1583723214, 1583906220, 1, NULL, NULL, NULL, NULL, '5e687d93d9259', '2020-03-11 14:26:35', 1, '1'),
(380, '99.99.99.1', 'Kadek Endi Asensoreta', NULL, '1715051022@evote.com', NULL, NULL, NULL, NULL, NULL, NULL, NULL, 1583723214, NULL, 1, NULL, NULL, NULL, NULL, NULL, NULL, NULL, NULL),
(381, '99.99.99.1', 'Putu Agus Wahyu Adi Perdana Giri', NULL, '1715051023@evote.com', NULL, NULL, NULL, NULL, NULL, NULL, NULL, 1583723214, NULL, 1, NULL, NULL, NULL, NULL, NULL, NULL, NULL, NULL),
(382, '99.99.99.1', 'Ni Komang Tri Witari', '$2y$10$Fxj.LvClAvq9RCqeg9edqeSIrauugt/gQ0wDEIl2MmLjQ1xsYjDh.', '1715051024@evote.com', NULL, NULL, NULL, NULL, NULL, NULL, NULL, 1583723214, 1583910886, 1, NULL, NULL, NULL, NULL, '5e688e7d65f20', '2020-03-11 15:38:45', 824, '1'),
(383, '99.99.99.1', 'Kadek Yogi Satya Mahayana', '$2y$10$NSDAgijqYjXXyVN4tNi3wOZ8T956yweSwPn57URBEA1dJ5LJwCpIK', '1715051025@evote.com', NULL, NULL, NULL, NULL, NULL, NULL, NULL, 1583723214, 1583902609, 1, NULL, NULL, NULL, NULL, '5e686f57d8f7a', '2020-03-11 13:25:51', 1, '1'),
(384, '99.99.99.1', 'I Gede Widiada Adi Braneva', NULL, '1715051026@evote.com', NULL, NULL, NULL, NULL, NULL, NULL, NULL, 1583723214, NULL, 1, NULL, NULL, NULL, NULL, NULL, NULL, NULL, NULL),
(385, '99.99.99.1', 'Putu Kharisma Widya Iswari', '$2y$10$KeHHIdK7pFaV7x6Hj34K4O7uwMZYdALhQagy1uS1BUbJlpyi3M5i6', '1715051027@evote.com', NULL, NULL, NULL, NULL, NULL, NULL, NULL, 1583723214, 1583897595, 1, NULL, NULL, NULL, NULL, '5e685b7037642', '2020-03-11 12:00:56', 1, '1'),
(386, '99.99.99.1', 'Mohammad Ainul Yaqin', NULL, '1715051028@evote.com', NULL, NULL, NULL, NULL, NULL, NULL, NULL, 1583723215, NULL, 1, NULL, NULL, NULL, NULL, NULL, NULL, NULL, NULL),
(387, '99.99.99.1', 'Luh Metriasih', '$2y$10$hGU.SRJZm1ZLh0r91vdCx.C5qmmIJsepz4Y7lR7lZbjTNfmWQJwdu', '1715051029@evote.com', NULL, NULL, NULL, NULL, NULL, NULL, NULL, 1583723215, 1583900687, 1, NULL, NULL, NULL, NULL, '5e68678241d3f', '2020-03-11 12:52:26', 1, '1'),
(388, '99.99.99.1', 'Made Sri Ferrdian Andika', '$2y$10$tWEhumRO5Bv6HzRAsNuH/OYzkT8L/7L97KuEtHTAfviLmwFrvb3R2', '1715051030@evote.com', NULL, NULL, NULL, NULL, NULL, NULL, NULL, 1583723215, 1583907370, 1, NULL, NULL, NULL, NULL, '5e6881b4c91bd', '2020-03-11 14:44:12', 1, '1'),
(389, '99.99.99.1', 'Mega Ningrum', '$2y$10$HYmapcGi59TtKSwu5l9jy.FhYykVlK87GQCSXVBJPUqnKAvcyjUNa', '1715051031@evote.com', NULL, NULL, NULL, NULL, NULL, NULL, NULL, 1583723215, 1583897520, 1, NULL, NULL, NULL, NULL, '5e685a64af70e', '2020-03-11 11:56:28', 823, '1'),
(390, '99.99.99.1', 'Made Wira Marta', '$2y$10$dA1IEzffTu1t9fNtvgUQ2.fXcNKMXuHy6064C6emJwD/W6.6jGVJO', '1715051032@evote.com', NULL, NULL, NULL, NULL, NULL, NULL, NULL, 1583723215, 1583898535, 1, NULL, NULL, NULL, NULL, '5e685f2e7b486', '2020-03-11 12:16:54', 823, '1'),
(391, '99.99.99.1', 'VIRYA NADI SUTANTYO TARIGAN', NULL, '1715051033@evote.com', NULL, NULL, NULL, NULL, NULL, NULL, NULL, 1583723215, NULL, 1, NULL, NULL, NULL, NULL, NULL, NULL, NULL, NULL),
(392, '99.99.99.1', 'Ainul Mardiah', NULL, '1715051034@evote.com', NULL, NULL, NULL, NULL, NULL, NULL, NULL, 1583723215, NULL, 1, NULL, NULL, NULL, NULL, NULL, NULL, NULL, NULL),
(393, '99.99.99.1', 'Putri Agustia Dewi', '$2y$10$.j2dMctkBkKQbzQ6kiKWE.vWqt74dRufSYMZyZps0QxDFHALSzloS', '1715051035@evote.com', NULL, NULL, NULL, NULL, NULL, NULL, NULL, 1583723215, NULL, 1, NULL, NULL, NULL, NULL, '5e6886be72668', '2020-03-11 15:05:42', 823, NULL),
(394, '99.99.99.1', 'Ni Made Verayanti', '$2y$10$WrHrHh82ePK7RJ5bu3Q/Nubsr8j0m85YBxmBshIzodoeb0QYuiEdK', '1715051036@evote.com', NULL, NULL, NULL, NULL, NULL, NULL, NULL, 1583723215, 1583910454, 1, NULL, NULL, NULL, NULL, '5e6886e691e75', '2020-03-11 15:06:22', 824, NULL),
(395, '99.99.99.1', 'Nyoman Ari Satriawan', NULL, '1715051037@evote.com', NULL, NULL, NULL, NULL, NULL, NULL, NULL, 1583723215, NULL, 1, NULL, NULL, NULL, NULL, NULL, NULL, NULL, NULL),
(396, '99.99.99.1', 'Putu Ayu Trysha Humadini', '$2y$10$6MfcqUOpFWGlZYBMgZWjnu1Jy.Jxz0s3VP0SeLRd/hKLDo/bvFmiq', '1715051038@evote.com', NULL, NULL, NULL, NULL, NULL, NULL, NULL, 1583723215, 1583897362, 1, NULL, NULL, NULL, NULL, '5e685a91b4d3b', '2020-03-11 11:57:13', 1, '1'),
(397, '99.99.99.1', 'Francelino Xavier Ximenes Freitas Junior', '$2y$10$jyHcldEaAOiy.QmBBfT/EuPmqVNm1Zn454fGsv1mwKIQBCiZv4uvy', '1715051039@evote.com', NULL, NULL, NULL, NULL, NULL, NULL, NULL, 1583723216, 1583907440, 1, NULL, NULL, NULL, NULL, '5e688184eb45c', '2020-03-11 14:43:24', 823, '1'),
(398, '99.99.99.1', 'Ketut Yogi Surya Dharma', '$2y$10$1nFMNtiJJRytKv2RzuGcRehqsDoEgFLwY3vlkwmBH6auQAkRCKrZG', '1715051040@evote.com', NULL, NULL, NULL, NULL, NULL, NULL, NULL, 1583723216, 1583901980, 1, NULL, NULL, NULL, NULL, '5e686c4d71ef3', '2020-03-11 13:12:53', 1, '1'),
(399, '99.99.99.1', 'Kadek Lisna Susantari', NULL, '1715051041@evote.com', NULL, NULL, NULL, NULL, NULL, NULL, NULL, 1583723216, NULL, 1, NULL, NULL, NULL, NULL, NULL, NULL, NULL, NULL),
(400, '99.99.99.1', 'Putu Diva Indrawan', NULL, '1715051042@evote.com', NULL, NULL, NULL, NULL, NULL, NULL, NULL, 1583723216, NULL, 1, NULL, NULL, NULL, NULL, NULL, NULL, NULL, NULL),
(401, '99.99.99.1', 'YOLANDA DIAH FATHEHAH', NULL, '1715051043@evote.com', NULL, NULL, NULL, NULL, NULL, NULL, NULL, 1583723216, NULL, 1, NULL, NULL, NULL, NULL, NULL, NULL, NULL, NULL),
(402, '99.99.99.1', 'MUCHLISH DWI CAHYO', NULL, '1715051044@evote.com', NULL, NULL, NULL, NULL, NULL, NULL, NULL, 1583723216, NULL, 1, NULL, NULL, NULL, NULL, NULL, NULL, NULL, NULL),
(403, '99.99.99.1', 'GUSTI AYU PERMATA SARI', '$2y$10$rlWSuBODzpTAD5PDvihj2evSs1XQLt189KYZnS5FYjH0fncsTxsyW', '1715051045@evote.com', NULL, NULL, NULL, NULL, NULL, NULL, NULL, 1583723216, 1583909507, 1, NULL, NULL, NULL, NULL, '5e685f5830e04', '2020-03-11 12:17:36', 823, '1'),
(404, '99.99.99.1', 'MADE SRI UTAMA WIJAYA', NULL, '1715051046@evote.com', NULL, NULL, NULL, NULL, NULL, NULL, NULL, 1583723216, NULL, 1, NULL, NULL, NULL, NULL, NULL, NULL, NULL, NULL),
(405, '99.99.99.1', 'HIZKIA ADI WICAKSONO', NULL, '1715051047@evote.com', NULL, NULL, NULL, NULL, NULL, NULL, NULL, 1583723216, NULL, 1, NULL, NULL, NULL, NULL, NULL, NULL, NULL, NULL),
(406, '99.99.99.1', 'FERDO LIANA KABAN', '$2y$10$B5I/cZLSZfbC.JsKS4VTlO4bGj2wjPj7dMuPo8bJm5It46ppVMVMC', '1715051048@evote.com', NULL, NULL, NULL, NULL, NULL, NULL, NULL, 1583723216, 1583901765, 1, NULL, NULL, NULL, NULL, '5e686c28682d7', '2020-03-11 13:12:16', 823, '1'),
(407, '99.99.99.1', 'KOMANG AGUS TRI ADI MAHAPUTRA', NULL, '1715051049@evote.com', NULL, NULL, NULL, NULL, NULL, NULL, NULL, 1583723216, NULL, 1, NULL, NULL, NULL, NULL, NULL, NULL, NULL, NULL),
(408, '99.99.99.1', 'NI MADE WIDYANTI DWI PUTRI', '$2y$10$y56xnq9F1941dOxhJzMsJuVF3iyZr6OzUN9fP5aU9HPotDJjZovM6', '1715051050@evote.com', NULL, NULL, NULL, NULL, NULL, NULL, NULL, 1583723217, 1583902520, 1, NULL, NULL, NULL, NULL, '5e686ed3b8f04', '2020-03-11 13:23:39', 823, '1'),
(409, '99.99.99.1', 'AGENG PANJI TRI ATMOJO', NULL, '1715051051@evote.com', NULL, NULL, NULL, NULL, NULL, NULL, NULL, 1583723217, NULL, 1, NULL, NULL, NULL, NULL, NULL, NULL, NULL, NULL),
(410, '99.99.99.1', 'NI MADE YUNI SUARDANI', '$2y$10$cO2WP4zxEkpM1Hsq.ijipeoqFfY2uvExFNvkefUZNTAMf9QGtMyAu', '1715051052@evote.com', NULL, NULL, NULL, NULL, NULL, NULL, NULL, 1583723217, 1583898946, 1, NULL, NULL, NULL, NULL, '5e6860deb7e17', '2020-03-11 12:24:06', 823, '1'),
(411, '99.99.99.1', 'MADE YOGI SURYANA', NULL, '1715051053@evote.com', NULL, NULL, NULL, NULL, NULL, NULL, NULL, 1583723217, NULL, 1, NULL, NULL, NULL, NULL, NULL, NULL, NULL, NULL),
(412, '99.99.99.1', 'KADEK DWI PRANATA', '$2y$10$TaB65Rf3I.3QLLt.nqC/yOZ3StGKxc0NsMporas/e5X1KGRFtbNQW', '1715051054@evote.com', NULL, NULL, NULL, NULL, NULL, NULL, NULL, 1583723217, 1583916462, 1, NULL, NULL, NULL, NULL, '5e68a1086fcab', '2020-03-11 16:57:52', 823, '1'),
(413, '99.99.99.1', 'GUGUN GUNDINAR', NULL, '1715051055@evote.com', NULL, NULL, NULL, NULL, NULL, NULL, NULL, 1583723217, NULL, 1, NULL, NULL, NULL, NULL, NULL, NULL, NULL, NULL),
(414, '99.99.99.1', 'NI LUH ERNA BUDIARTINI', '$2y$10$TsiqJdaFJLUcVmRrVaUmG.Oykfo35iWlDJHKaK3Uh9xKzadzeOKke', '1715051056@evote.com', NULL, NULL, NULL, NULL, NULL, 'bfd10869b945015c6918c886161ed370be9bb893', '$2y$10$sI/zSTEfvz9sA2UolE0V5eKXxJuCp/TSDrplwYS/th3/esbsIyZS2', 1583723217, 1583902911, 1, NULL, NULL, NULL, NULL, '5e686f62967e4', '2020-03-11 13:26:02', 823, '1'),
(415, '99.99.99.1', 'I KOMANG YOGA SAPUTRA', '$2y$10$xakZd/HN76FUg/.TXZMBm.Hu2wbGg9eBjhk9wKyxlfkybz/uzNWYm', '1715051057@evote.com', NULL, NULL, NULL, NULL, NULL, NULL, NULL, 1583723217, 1583897866, 1, NULL, NULL, NULL, NULL, '5e685ca76ab27', '2020-03-11 12:06:07', 1, '1'),
(416, '99.99.99.1', 'PUTU RUDI PRASTIAWAN', NULL, '1715051058@evote.com', NULL, NULL, NULL, NULL, NULL, NULL, NULL, 1583723217, NULL, 1, NULL, NULL, NULL, NULL, NULL, NULL, NULL, NULL),
(417, '99.99.99.1', 'KOMANG AGUS AGASTIA', '$2y$10$ldXjJ7QkWQaMtBrLnLfDu.LJCFLQUpPyhOCszMS7b2sM72O7gwXmy', '1715051059@evote.com', NULL, NULL, NULL, NULL, NULL, NULL, NULL, 1583723217, 1583897967, 1, NULL, NULL, NULL, NULL, '5e685d0870c28', '2020-03-11 12:07:44', 823, '1'),
(418, '99.99.99.1', 'KETUT BUDI ARDIKA', '$2y$10$6NVd5v4WJHx///CJwcremORyRkHU9WNFQqRHJ2IJdWEmf1mOLF4mO', '1715051060@evote.com', NULL, NULL, NULL, NULL, NULL, NULL, NULL, 1583723217, 1583907169, 1, NULL, NULL, NULL, NULL, '5e68806f9b853', '2020-03-11 14:38:47', 1, '1'),
(419, '99.99.99.1', 'I PUTU ARI PRASASTA PUTRA', '$2y$10$bTKB4JPhT123mOLaePj4tuwZJZ8xvutWyNPjwAST/m4mrCJh.b0Pe', '1715051061@evote.com', NULL, NULL, NULL, NULL, NULL, NULL, NULL, 1583723218, 1583902685, 1, NULL, NULL, NULL, NULL, '5e686ea60c835', '2020-03-11 13:22:54', 823, '1'),
(420, '99.99.99.1', 'KETUT SRI ARIANTINI', '$2y$10$CbRNWQjNcJ14RnZOho7mQesqL93xL3NML7jjt0K982aVrC1n81CCi', '1715051062@evote.com', NULL, NULL, NULL, NULL, NULL, NULL, NULL, 1583723218, 1583897681, 1, NULL, NULL, NULL, NULL, '5e685aa1d28b2', '2020-03-11 11:57:29', 823, '1'),
(421, '99.99.99.1', 'I KADEK WAHYU SETIAWAN', NULL, '1715051063@evote.com', NULL, NULL, NULL, NULL, NULL, NULL, NULL, 1583723218, NULL, 1, NULL, NULL, NULL, NULL, NULL, NULL, NULL, NULL),
(422, '99.99.99.1', 'PUTU PANDE ASTAWA ALEXANDER', '$2y$10$IDPWDpBEx0k5Snd0.KHVv.7Wj5lw1NdvwJPLopPeJUE7VxxIXLSZK', '1715051064@evote.com', NULL, NULL, NULL, NULL, NULL, '0f14959203362651421fa677451a33f82ae63460', '$2y$10$WDp2mH7iadcbaCHodVWSz.Jmp38y7GeB7K6UHZIjJV9b8DReFdVhu', 1583723218, 1583901758, 1, NULL, NULL, NULL, NULL, '5e686c17ad726', '2020-03-11 13:11:59', 1, '1'),
(423, '99.99.99.1', 'MADE WIRA YANOTTAMA', '$2y$10$jIE4j0bWS/vunsWuFyIkq.lsiaChs5np7FoeP.nzb0aAJbTm6Nuv2', '1715051065@evote.com', NULL, NULL, NULL, NULL, NULL, NULL, NULL, 1583723218, 1583905712, 1, NULL, NULL, NULL, NULL, '5e687b1e6a943', '2020-03-11 14:16:06', 1, '1'),
(424, '99.99.99.1', 'KADEK INDAH WIRIANI', '$2y$10$o.Qd.E2XFUHeeWeqDq17w.t2oggFM7uCnmzwOTb3fb0Xzk4Ng3akO', '1715051066@evote.com', NULL, NULL, NULL, NULL, NULL, NULL, NULL, 1583723218, 1583899745, 1, NULL, NULL, NULL, NULL, '5e6863c47b7e6', '2020-03-11 12:36:28', 823, '1'),
(425, '99.99.99.1', 'KOMANG MELI TRI WAHYUNI', '$2y$10$3htDaR1o/uWT4gajJlTMK.piC/2ohEGyW8Dv0gniV/o.LSGiY9zW6', '1715051067@evote.com', NULL, NULL, NULL, NULL, NULL, NULL, NULL, 1583723218, 1583897600, 1, NULL, NULL, NULL, NULL, '5e685a26c96aa', '2020-03-11 11:55:26', 823, '1'),
(426, '99.99.99.1', 'FINGKY AGUSTIN', '$2y$10$ydossVcgUq6mVx8kdXHJlu9UCfnI3IT4tU6oD7.1VvEXEHpf90cpW', '1715051068@evote.com', NULL, NULL, NULL, NULL, NULL, NULL, NULL, 1583723218, 1583902767, 1, NULL, NULL, NULL, NULL, '5e686fdc6a6d5', '2020-03-11 13:28:04', 823, '1'),
(427, '99.99.99.1', 'IMAM NUR RACHMAN', NULL, '1715051069@evote.com', NULL, NULL, NULL, NULL, NULL, NULL, NULL, 1583723218, NULL, 1, NULL, NULL, NULL, NULL, NULL, NULL, NULL, NULL),
(428, '99.99.99.1', 'HERRY VIPASSANA SANJAYA', NULL, '1715051070@evote.com', NULL, NULL, NULL, NULL, NULL, NULL, NULL, 1583723219, NULL, 1, NULL, NULL, NULL, NULL, NULL, NULL, NULL, NULL),
(429, '99.99.99.1', 'MADE YUDA SADEWA', '$2y$10$PJ0yaI/mQcIPJqFuYkuFcOC2za4cJK7HUXiVv8gsGiVhhDJuD9XxG', '1715051071@evote.com', NULL, NULL, NULL, NULL, NULL, NULL, NULL, 1583723219, 1583899001, 1, NULL, NULL, NULL, NULL, '5e686153309e3', '2020-03-11 12:26:03', 1, '1'),
(430, '99.99.99.1', 'I Wayan Adi Wijana', '$2y$10$fKa3oatRBbBvt4fconkB5unugko/JmNq.xlGvtUTeIIE.rPisE2S2', '1715051072@evote.com', NULL, NULL, NULL, NULL, NULL, NULL, NULL, 1583723219, 1583915446, 1, NULL, NULL, NULL, NULL, '5e68a117a991f', '2020-03-11 16:58:07', 824, '1'),
(431, '99.99.99.1', 'I PUTU TEDI SOGUN', '$2y$10$gcjRWe8elp.s2KWM7QPeRe3X95YNjM8fNS9rXWs4I4K/fZfNqB6UG', '1715051073@evote.com', NULL, NULL, NULL, NULL, NULL, NULL, NULL, 1583723219, 1583902784, 1, NULL, NULL, NULL, NULL, '5e686d012bf58', '2020-03-11 13:15:53', 823, '1'),
(432, '99.99.99.1', 'NIKITA INAYA', NULL, '1715051074@evote.com', NULL, NULL, NULL, NULL, NULL, NULL, NULL, 1583723219, NULL, 1, NULL, NULL, NULL, NULL, NULL, NULL, NULL, NULL),
(433, '99.99.99.1', 'NI KADEK SASHA CITRA UTAMI', '$2y$10$kzteEkC.18VOwkLgdUeKcOOkgdnQNgNAKfo9UaZWeCg3/W8J2qFFi', '1715051075@evote.com', NULL, NULL, NULL, NULL, NULL, NULL, NULL, 1583723219, 1583906801, 1, NULL, NULL, NULL, NULL, '5e687dea23f24', '2020-03-11 14:28:02', 1, '1'),
(434, '99.99.99.1', 'KADEK REZA ALFIONITA', NULL, '1715051076@evote.com', NULL, NULL, NULL, NULL, NULL, NULL, NULL, 1583723219, NULL, 1, NULL, NULL, NULL, NULL, NULL, NULL, NULL, NULL),
(435, '99.99.99.1', 'GEDE MANU SAHADEWA', NULL, '1715051077@evote.com', NULL, NULL, NULL, NULL, NULL, NULL, NULL, 1583723219, NULL, 1, NULL, NULL, NULL, NULL, NULL, NULL, NULL, NULL),
(436, '99.99.99.1', 'MOHAMMAD AFDHOL', NULL, '1715051078@evote.com', NULL, NULL, NULL, NULL, NULL, NULL, NULL, 1583723219, NULL, 1, NULL, NULL, NULL, NULL, NULL, NULL, NULL, NULL),
(437, '99.99.99.1', 'NI KADEK AYU SITA CHRISTINA DEWI', '$2y$10$kEBVo7npD4f2JTYFblpBfuPqEqky4jIwWyCTOIvQMTrrrHiPuAuUG', '1715051079@evote.com', NULL, NULL, NULL, NULL, NULL, NULL, NULL, 1583723219, 1583899629, 1, NULL, NULL, NULL, NULL, '5e68632d3f323', '2020-03-11 12:33:57', 823, '1'),
(438, '99.99.99.1', 'DESY AULIA ALFANY', '$2y$10$XgwlJ3Kv0kaRXTxSNsebX.AhATv9d7dmL5bfrd0WkTVZ99hOoh3sq', '1715051080@evote.com', NULL, NULL, NULL, NULL, NULL, NULL, NULL, 1583723219, 1583897530, 1, NULL, NULL, NULL, NULL, '5e685af0565bf', '2020-03-11 11:58:48', 1, '1'),
(439, '99.99.99.1', 'SHODIQ DAMANHURI', '$2y$10$xNwunSzKh/6aypeEWZ.eL.XtCdYXnNlftKDv8lNv3/iLWb7LlnqyK', '1715051081@evote.com', NULL, NULL, NULL, NULL, NULL, NULL, NULL, 1583723220, 1583897104, 1, NULL, NULL, NULL, NULL, '5e6859881df15', '2020-03-11 11:52:48', 1, '1'),
(440, '99.99.99.1', 'NANDA SULAEMAN', NULL, '1715051082@evote.com', NULL, NULL, NULL, NULL, NULL, NULL, NULL, 1583723220, NULL, 1, NULL, NULL, NULL, NULL, NULL, NULL, NULL, NULL),
(441, '99.99.99.1', 'GEDE BAYU KARIADA PUTRA', '$2y$10$6qCs2Y2WGQAPiyM.dVRBnuy9lHeMm5Ervz/jKX9Kpl6aQ5fa8nxoa', '1715051083@evote.com', NULL, NULL, NULL, NULL, NULL, NULL, NULL, 1583723220, 1583908349, 1, NULL, NULL, NULL, NULL, '5e688154ce085', '2020-03-11 14:42:36', 823, '1'),
(442, '99.99.99.1', 'I GEDE WIRA ATMAJA', '$2y$10$qUZOU8UbQ8QMISYxayPN4uHiAAu1GUdVjIibkaIX6jZX8wnKf5Jg.', '1715051084@evote.com', NULL, NULL, NULL, NULL, NULL, NULL, NULL, 1583723220, 1583907401, 1, NULL, NULL, NULL, NULL, '5e6881279ead2', '2020-03-11 14:41:51', 823, '1'),
(443, '99.99.99.1', 'I MADE GEDE SUNIA PRADNYANTARA', NULL, '1715051085@evote.com', NULL, NULL, NULL, NULL, NULL, NULL, NULL, 1583723220, NULL, 1, NULL, NULL, NULL, NULL, NULL, NULL, NULL, NULL);
INSERT INTO `users` (`id`, `ip_address`, `username`, `password`, `email`, `activation_selector`, `activation_code`, `forgotten_password_selector`, `forgotten_password_code`, `forgotten_password_time`, `remember_selector`, `remember_code`, `created_on`, `last_login`, `active`, `first_name`, `last_name`, `company`, `phone`, `token_pemilihan`, `token_valid_until`, `handle_by_admin`, `has_voting`) VALUES
(444, '99.99.99.1', 'I GEDE AGET SUPUTRA', NULL, '1715051086@evote.com', NULL, NULL, NULL, NULL, NULL, NULL, NULL, 1583723220, NULL, 1, NULL, NULL, NULL, NULL, NULL, NULL, NULL, NULL),
(445, '99.99.99.1', 'IDA BAGUS WIDIA PUTRA SASANGKA', NULL, '1715051087@evote.com', NULL, NULL, NULL, NULL, NULL, NULL, NULL, 1583723220, NULL, 1, NULL, NULL, NULL, NULL, NULL, NULL, NULL, NULL),
(446, '99.99.99.1', 'KRISNA MAHATMA PUTRA', NULL, '1715051088@evote.com', NULL, NULL, NULL, NULL, NULL, NULL, NULL, 1583723220, NULL, 1, NULL, NULL, NULL, NULL, NULL, NULL, NULL, NULL),
(447, '99.99.99.1', 'GEDE ARI WAHYUDI', NULL, '1715051089@evote.com', NULL, NULL, NULL, NULL, NULL, NULL, NULL, 1583723220, NULL, 1, NULL, NULL, NULL, NULL, NULL, NULL, NULL, NULL),
(448, '99.99.99.1', 'GEDE SURA ADI PERWIRA', NULL, '1715051090@evote.com', NULL, NULL, NULL, NULL, NULL, NULL, NULL, 1583723220, NULL, 1, NULL, NULL, NULL, NULL, NULL, NULL, NULL, NULL),
(449, '99.99.99.1', 'WAYAN ANDRE PRATAMA', '$2y$10$07Q9GBD0..v1.TWDojXXk.8RwXiZegr.KSEoM9YqmdcsnwtxXMVxW', '1715051091@evote.com', NULL, NULL, NULL, NULL, NULL, NULL, NULL, 1583723220, 1583917759, 1, NULL, NULL, NULL, NULL, '5e68aa24f30f7', '2020-03-11 17:36:44', 1, '1'),
(450, '99.99.99.1', 'ACHMAD YOGIE SETIAWAN', '$2y$10$yI51lUECK6d.YyFsprQPhenAd8JpFkYcmxOfZN7n4xFfkUb5Ud0gW', '1715051092@evote.com', NULL, NULL, NULL, NULL, NULL, NULL, NULL, 1583723221, 1583918243, 1, NULL, NULL, NULL, NULL, '5e68ab3d6ef90', '2020-03-11 17:41:25', 1, '1'),
(451, '99.99.99.1', 'ANTONIUS ALIT UMBU JODI', '$2y$10$Sc9O9uFTFk9RRfdMDb/U8ullvLP.zN27ShG0UFfRy/amVOi5mSnuy', '1715051093@evote.com', NULL, NULL, NULL, NULL, NULL, NULL, NULL, 1583723221, 1583897904, 1, NULL, NULL, NULL, NULL, '5e685d010ede7', '2020-03-11 12:07:37', 1, '1'),
(452, '99.99.99.1', 'RIZAL QARDHAWY', NULL, '1715051094@evote.com', NULL, NULL, NULL, NULL, NULL, NULL, NULL, 1583723221, NULL, 1, NULL, NULL, NULL, NULL, NULL, NULL, NULL, NULL),
(453, '99.99.99.1', 'Putu Chandra Wijayanti', '$2y$10$NAKtuym1Bq4jvp36LBmfN.aDGr6ezhz.42gnko/kEe9YPSHMHtaCy', '1715051095@evote.com', NULL, NULL, NULL, NULL, NULL, NULL, NULL, 1583723221, 1583898951, 1, NULL, NULL, NULL, NULL, '5e6860ff537bd', '2020-03-11 12:24:39', 823, '1'),
(454, '99.99.99.1', 'RIFDA AULINDA', NULL, '1715051096@evote.com', NULL, NULL, NULL, NULL, NULL, NULL, NULL, 1583723221, NULL, 1, NULL, NULL, NULL, NULL, NULL, NULL, NULL, NULL),
(455, '99.99.99.1', 'I Komang Adi Damarta', NULL, '1715051097@evote.com', NULL, NULL, NULL, NULL, NULL, NULL, NULL, 1583723221, NULL, 1, NULL, NULL, NULL, NULL, NULL, NULL, NULL, NULL),
(456, '99.99.99.1', 'I Kadek Adhi Naryana Putra', NULL, '1715051098@evote.com', NULL, NULL, NULL, NULL, NULL, NULL, NULL, 1583723221, NULL, 1, NULL, NULL, NULL, NULL, NULL, NULL, NULL, NULL),
(457, '99.99.99.1', 'I KADEK VERY KRISTIAWAN', NULL, '1715051099@evote.com', NULL, NULL, NULL, NULL, NULL, NULL, NULL, 1583723221, NULL, 1, NULL, NULL, NULL, NULL, NULL, NULL, NULL, NULL),
(458, '99.99.99.1', 'I Made Gili Prasthadi', NULL, '1715051100@evote.com', NULL, NULL, NULL, NULL, NULL, NULL, NULL, 1583723221, NULL, 1, NULL, NULL, NULL, NULL, NULL, NULL, NULL, NULL),
(459, '99.99.99.1', 'Luh Sunia Dewi', NULL, '1715051101@evote.com', NULL, NULL, NULL, NULL, NULL, NULL, NULL, 1583723221, NULL, 1, NULL, NULL, NULL, NULL, NULL, NULL, NULL, NULL),
(460, '99.99.99.1', 'FELYNDA PUSPITA SARI', '$2y$10$0qVTmChyHgsKxLjDlfsSzeJlE3Qiv2FRQBdZs7/VXLgFos4hlX4MW', '1715051102@evote.com', NULL, NULL, NULL, NULL, NULL, NULL, NULL, 1583723222, 1583905942, 1, NULL, NULL, NULL, NULL, '5e687ad03ab19', '2020-03-11 14:14:48', 1, '1'),
(461, '99.99.99.1', 'I Made Beny Gunarta', NULL, '1715051103@evote.com', NULL, NULL, NULL, NULL, NULL, NULL, NULL, 1583723222, NULL, 1, NULL, NULL, NULL, NULL, NULL, NULL, NULL, NULL),
(462, '99.99.99.1', 'Kadek Edi Yudiawan', NULL, '1715051104@evote.com', NULL, NULL, NULL, NULL, NULL, NULL, NULL, 1583723222, NULL, 1, NULL, NULL, NULL, NULL, NULL, NULL, NULL, NULL),
(463, '99.99.99.1', 'Gede Taruna Ardiasa', NULL, '1715051105@evote.com', NULL, NULL, NULL, NULL, NULL, NULL, NULL, 1583723222, NULL, 1, NULL, NULL, NULL, NULL, NULL, NULL, NULL, NULL),
(464, '99.99.99.1', 'Putu Satya Dananjaya Dharma Putra', '$2y$10$QUwLI.3MPL.B2dVg7GwN0eWoxXXrafjLS/qP.lxCL46MVWpgA8sP6', '1715051106@evote.com', NULL, NULL, NULL, NULL, NULL, '7343f3c5d339176838c24e701a898eaaa0f577c2', '$2y$10$W4vnec1jIycWryGTe1OTIOBoVVIrOB8RT86n1q2tVXvqOSs.nbDVK', 1583723222, 1583914852, 1, NULL, NULL, NULL, NULL, '5e689e1e1f7f9', '2020-03-11 16:45:26', 824, NULL),
(465, '99.99.99.1', 'NYOMAN ARTA ADA', NULL, '1715051107@evote.com', NULL, NULL, NULL, NULL, NULL, NULL, NULL, 1583723222, NULL, 1, NULL, NULL, NULL, NULL, NULL, NULL, NULL, NULL),
(466, '99.99.99.1', 'David Andreas Victor', '$2y$10$WOKd0Rguw.24XUhuYj7XOuqmkzbqp9vYQBWT6SPuu6vXWk1uiEAIu', '1715051108@evote.com', NULL, NULL, NULL, NULL, NULL, NULL, NULL, 1583723222, 1583906153, 1, NULL, NULL, NULL, NULL, '5e687af74cc9f', '2020-03-11 14:15:27', 1, '1'),
(467, '99.99.99.1', 'I Dewa Gede Prasta Kuntara Yasa', NULL, '1715051109@evote.com', NULL, NULL, NULL, NULL, NULL, NULL, NULL, 1583723222, NULL, 1, NULL, NULL, NULL, NULL, NULL, NULL, NULL, NULL),
(468, '99.99.99.1', 'NYOMAN YUDHA NUGRAHA SAPUTRA', NULL, '1715051110@evote.com', NULL, NULL, NULL, NULL, NULL, NULL, NULL, 1583723222, NULL, 1, NULL, NULL, NULL, NULL, NULL, NULL, NULL, NULL),
(469, '99.99.99.1', 'Andre Lesmana', NULL, '1715051111@evote.com', NULL, NULL, NULL, NULL, NULL, NULL, NULL, 1583723222, NULL, 1, NULL, NULL, NULL, NULL, NULL, NULL, NULL, NULL),
(470, '99.99.99.1', 'MADE ADE INDRAWAN', NULL, '1715051112@evote.com', NULL, NULL, NULL, NULL, NULL, NULL, NULL, 1583723222, NULL, 1, NULL, NULL, NULL, NULL, NULL, NULL, NULL, NULL),
(471, '99.99.99.1', 'Made Agus Panji Sujaya', '$2y$10$//vDZEQwoq6H5oqQET88HuKzoOZumfKY8EbjZLerPkzKXbeFjsMVe', '1715051113@evote.com', NULL, NULL, NULL, NULL, NULL, NULL, NULL, 1583723223, 1583902221, 1, NULL, NULL, NULL, NULL, '5e686d8e429c1', '2020-03-11 13:18:14', 823, '1'),
(472, '99.99.99.1', 'TOMMY ARWIN', '$2y$10$M50w1KHsMZS0mk98bKxOpe7Kd3bf3zrq3dN90Eh00e3USelV3pPAi', '1715051114@evote.com', NULL, NULL, NULL, NULL, NULL, NULL, NULL, 1583723223, 1583902260, 1, NULL, NULL, NULL, NULL, '5e686dbec0218', '2020-03-11 13:19:02', 1, '1'),
(473, '99.99.99.1', 'MADE SASTERA DANANJAYA INGGAS', NULL, '1715051115@evote.com', NULL, NULL, NULL, NULL, NULL, NULL, NULL, 1583723223, NULL, 1, NULL, NULL, NULL, NULL, NULL, NULL, NULL, NULL),
(474, '99.99.99.1', 'I Gede Arias Darmawan', '$2y$10$VgP4sjDOCCU/GqtR541ePuUeFm8DnTRdL1.F1mnMoMiCJcwabMZLm', '1715051116@evote.com', NULL, NULL, NULL, NULL, NULL, NULL, NULL, 1583723223, 1583908137, 1, NULL, NULL, NULL, NULL, '5e68814b974b2', '2020-03-11 14:42:27', 824, '1'),
(475, '99.99.99.1', 'NI LUH SAVITRI', NULL, '1715051117@evote.com', NULL, NULL, NULL, NULL, NULL, NULL, NULL, 1583723223, NULL, 1, NULL, NULL, NULL, NULL, NULL, NULL, NULL, NULL),
(476, '99.99.99.1', 'ni kadek winda widiasmini', NULL, '1715051118@evote.com', NULL, NULL, NULL, NULL, NULL, NULL, NULL, 1583723223, NULL, 1, NULL, NULL, NULL, NULL, NULL, NULL, NULL, NULL),
(477, '99.99.99.1', 'Ni Luh Putu Ira Aveliani', NULL, '1715051119@evote.com', NULL, NULL, NULL, NULL, NULL, NULL, NULL, 1583723223, NULL, 1, NULL, NULL, NULL, NULL, NULL, NULL, NULL, NULL),
(478, '99.99.99.1', 'I komang mahendra tri wangsa', '$2y$10$eiqoi7ZIMjwuJ/NKvmmnOuiKt//Nl1z0z9ZDU1BVSGwRNrY27q4Im', '1715051120@evote.com', NULL, NULL, NULL, NULL, NULL, '28d638b053feb88bc45487e6d87cb409dbe88656', '$2y$10$BvYTIyCTu45hp7.3ZQcrLuQYBMsqLnWZTy5RdvTQP/xRnN3BqNJQy', 1583723223, 1583899654, 1, NULL, NULL, NULL, NULL, '5e6860e83a1db', '2020-03-11 12:24:16', 1, '1'),
(479, '99.99.99.1', 'Ni Kadek Nopiani', NULL, '1715051121@evote.com', NULL, NULL, NULL, NULL, NULL, NULL, NULL, 1583723223, NULL, 1, NULL, NULL, NULL, NULL, NULL, NULL, NULL, NULL),
(480, '99.99.99.1', 'GUSTI AYU PUTU INTAN SARI', '$2y$10$baoXm23AHraGu0tzRaXF6.9TWXgQ1iS/.GckhotVDkUIKTxpaBfcO', '1715051122@evote.com', NULL, NULL, NULL, NULL, NULL, 'ec7e4925c259454429b6cb0b8fe3bcaef90099fd', '$2y$10$5UEi/XQeMwAjXPwLkGLtKOUYOy36llj07wNBuRmHiDxMQUlNSuUgq', 1583723223, 1583902860, 1, NULL, NULL, NULL, NULL, '5e686f8b42105', '2020-03-11 13:26:43', 823, '1'),
(481, '99.99.99.1', 'I PUTU RAMA ADHITYA PRATAMA', NULL, '1715051123@evote.com', NULL, NULL, NULL, NULL, NULL, NULL, NULL, 1583723223, NULL, 1, NULL, NULL, NULL, NULL, NULL, NULL, NULL, NULL),
(482, '99.99.99.1', 'Muhammad Fajar Grinanda', '$2y$10$hI3eJs.cxB8S61Sm64vkKOCLaTJUHvXtNwS3rvlG6aOJYgrzeUYjG', '1715051124@evote.com', NULL, NULL, NULL, NULL, NULL, NULL, NULL, 1583723224, 1583904437, 1, NULL, NULL, NULL, NULL, '5e68763ceb94d', '2020-03-11 13:55:16', 1, '1'),
(483, '99.99.99.1', 'I GUSTI NGURAH SATRIA WIGUNA', NULL, '1715051125@evote.com', NULL, NULL, NULL, NULL, NULL, NULL, NULL, 1583723224, NULL, 1, NULL, NULL, NULL, NULL, NULL, NULL, NULL, NULL),
(484, '99.99.99.1', 'I KOMANG ADI SUARTAMA', '$2y$10$cm1Z1BoyM.TMo3DFYNCLpu.nKf4lXoiwyKh2VLdSUpzlyvyin1NI2', '1715051126@evote.com', NULL, NULL, NULL, NULL, NULL, NULL, NULL, 1583723224, 1583906213, 1, NULL, NULL, NULL, NULL, '5e687ce61ca2f', '2020-03-11 14:23:42', 1, '1'),
(485, '99.99.99.1', 'Komang Tri Oka Erpadiana', NULL, '1715051127@evote.com', NULL, NULL, NULL, NULL, NULL, NULL, NULL, 1583723224, NULL, 1, NULL, NULL, NULL, NULL, NULL, NULL, NULL, NULL),
(486, '99.99.99.1', 'I KOMANG PEBI ARMAWAN', NULL, '1715051128@evote.com', NULL, NULL, NULL, NULL, NULL, NULL, NULL, 1583723224, NULL, 1, NULL, NULL, NULL, NULL, NULL, NULL, NULL, NULL),
(487, '99.99.99.1', 'I KETUT DARMA SMEDI', '$2y$10$sKZzNBEO1XakdaJ0g.4yDOAwm388tyivP5jqFo3c67Yq.ek5oYxOC', '1715051129@evote.com', NULL, NULL, NULL, NULL, NULL, NULL, NULL, 1583723224, 1583899135, 1, NULL, NULL, NULL, NULL, '5e68616fe21ea', '2020-03-11 12:26:31', 1, '1'),
(488, '99.99.99.1', 'KUKUH ADHICAHYO', NULL, '1715051130@evote.com', NULL, NULL, NULL, NULL, NULL, NULL, NULL, 1583723224, NULL, 1, NULL, NULL, NULL, NULL, NULL, NULL, NULL, NULL),
(489, '99.99.99.1', 'Kadek Marta Werdaya', '$2y$10$qPwpjPEBNOtgwLMqB6DrjOifSWRqd/pLWdvzAA6Ae0M/R2wxsBZJC', '1715051131@evote.com', NULL, NULL, NULL, NULL, NULL, NULL, NULL, 1583723224, 1583898046, 1, NULL, NULL, NULL, NULL, '5e685b6213ccf', '2020-03-11 12:00:42', 823, '1'),
(490, '99.99.99.1', 'Sayu Putu Gita Arini', '$2y$10$hTyFEJTMF/vJmxIog5n70./FkGUfoE0K4maRTFRIRZohKoLtDLG8q', '1815051001@evote.com', NULL, NULL, NULL, NULL, NULL, NULL, NULL, 1583723224, 1583898560, 1, NULL, NULL, NULL, NULL, '5e685edb42814', '2020-03-11 12:15:31', 823, '1'),
(491, '99.99.99.1', 'I Wayan Darmika', '$2y$10$JGqaThn5U6.5qlObZEQjGeklA.uMQl69GLPbXV5.mPeffyvnEFh7C', '1815051002@evote.com', NULL, NULL, NULL, NULL, NULL, NULL, NULL, 1583723225, 1583901188, 1, NULL, NULL, NULL, NULL, '5e686950dce84', '2020-03-11 13:00:08', 823, '1'),
(492, '99.99.99.1', 'Putu Okta Hadi Perdana', NULL, '1815051003@evote.com', NULL, NULL, NULL, NULL, NULL, NULL, NULL, 1583723225, NULL, 1, NULL, NULL, NULL, NULL, NULL, NULL, NULL, NULL),
(493, '99.99.99.1', 'Jujun Junaedi', NULL, '1815051004@evote.com', NULL, NULL, NULL, NULL, NULL, NULL, NULL, 1583723225, NULL, 1, NULL, NULL, NULL, NULL, NULL, NULL, NULL, NULL),
(494, '99.99.99.1', 'Kadek Sri Wardana', '$2y$10$fnT8b/komSMeY.3M0m16q.XHzUlyN3li7NnqYKU1IEUD0jW0Bz.8S', '1815051005@evote.com', NULL, NULL, NULL, NULL, NULL, NULL, NULL, 1583723225, NULL, 1, NULL, NULL, NULL, NULL, '5e686497126b9', '2020-03-11 12:39:59', 823, NULL),
(495, '99.99.99.1', 'Ni Komang Megawati', '$2y$10$LOmUxN32vmKwmMSuQ4Eth.G4.ljqxKbsJQRwIjsb6zfMN7y/qq2R.', '1815051006@evote.com', NULL, NULL, NULL, NULL, NULL, NULL, NULL, 1583723225, 1583899963, 1, NULL, NULL, NULL, NULL, '5e68648807f04', '2020-03-11 12:39:44', 1, '1'),
(496, '99.99.99.1', 'Komang Gede Arista Maha Wiguna', NULL, '1815051007@evote.com', NULL, NULL, NULL, NULL, NULL, NULL, NULL, 1583723225, NULL, 1, NULL, NULL, NULL, NULL, NULL, NULL, NULL, NULL),
(497, '99.99.99.1', 'I Kadek Aldi Bragi', '$2y$10$sUlfTmK/0.NvlOpEOqcJN.JaFFUHOeZ7rieaFbZE8U1FCUv3UqR62', '1815051008@evote.com', NULL, NULL, NULL, NULL, NULL, NULL, NULL, 1583723225, 1583899066, 1, NULL, NULL, NULL, NULL, '5e685e7ba48b2', '2020-03-11 12:13:55', 1, '1'),
(498, '99.99.99.1', 'Kadek Andi Surya Negara', '$2y$10$wrEeeOUlUxL1b/8p0byXQeKlY.pA3Jv7uF4fpghuOTtHqUYSgPRjS', '1815051009@evote.com', NULL, NULL, NULL, NULL, NULL, NULL, NULL, 1583723225, 1583900756, 1, NULL, NULL, NULL, NULL, '5e68672a81474', '2020-03-11 12:50:58', 823, '1'),
(499, '99.99.99.1', 'Putu Dewi Agustini', '$2y$10$rTKCziyM/m4lFiGLa3F/iexfS.yzp90RSoXq2kUoR4TR7Bcro.8Hu', '1815051010@evote.com', NULL, NULL, NULL, NULL, NULL, '77d00b8eaf2bbe65065b1d9e9105f9655900eb80', '$2y$10$mT9hp2rmbzy6oll0f2wWYOdSY6.d6BhYpZjGfXEnE5o8l5ZYhC.PK', 1583723225, 1583899949, 1, NULL, NULL, NULL, NULL, '5e6864bd3ac2e', '2020-03-11 12:40:37', 1, '1'),
(500, '99.99.99.1', 'Tri Arendo Yogiswara', '$2y$10$yipsykblow09u7mCkDPHJu3Ys3udBx8FHsOUtF7iWszDuYGsiHQ.a', '1815051011@evote.com', NULL, NULL, NULL, NULL, NULL, 'c505f0d2c2011acf2ffb76b196eea9318df5efdf', '$2y$10$IoQYVrdmeRjO8PfxBENiA.Cv6xBPgS0SckepRgAmb8BtTRSlZ4IRu', 1583723225, 1583916389, 1, NULL, NULL, NULL, NULL, '5e68a4804b4f3', '2020-03-11 17:12:40', 823, '1'),
(501, '99.99.99.1', 'Ida Bagus Made Yudha Wirawan', '$2y$10$DTwNu2ajg.ex2VR91yaOGOnFHgWrnM3Qk016wSEi4d.HL5OV4UW42', '1815051012@evote.com', NULL, NULL, NULL, NULL, NULL, NULL, NULL, 1583723226, 1583898427, 1, NULL, NULL, NULL, NULL, '5e685dee4ca23', '2020-03-11 12:11:34', 823, '1'),
(502, '99.99.99.1', 'I Putu Tresna Windhu', NULL, '1815051013@evote.com', NULL, NULL, NULL, NULL, NULL, NULL, NULL, 1583723226, NULL, 1, NULL, NULL, NULL, NULL, NULL, NULL, NULL, NULL),
(503, '99.99.99.1', 'Vivi Yunita Susanti Manu', '$2y$10$R6JDYGQtrv2vquQFtDeBeuw/PEoppf6gbPZKI3H1UVJrannCPwjKy', '1815051014@evote.com', NULL, NULL, NULL, NULL, NULL, NULL, NULL, 1583723226, 1583915066, 1, NULL, NULL, NULL, NULL, '5e68a015546fc', '2020-03-11 16:53:49', 824, '1'),
(504, '99.99.99.1', 'Ni Putu Megarini', '$2y$10$xWl6hAqXCF3O0aMpdI2px.13zNWpZZ3T9Rw.Ewb5KkHAeNwqCW8pC', '1815051015@evote.com', NULL, NULL, NULL, NULL, NULL, NULL, NULL, 1583723226, 1583899698, 1, NULL, NULL, NULL, NULL, '5e6863e305ba1', '2020-03-11 12:36:59', 823, '1'),
(505, '99.99.99.1', 'Ni Komang Miantari Dewik', '$2y$10$ot2Obr0bcq/5gWJGdr2gbupiPnUp/V4hlYmghgZHfOk5koudbp/JO', '1815051016@evote.com', NULL, NULL, NULL, NULL, NULL, NULL, NULL, 1583723226, 1583899942, 1, NULL, NULL, NULL, NULL, '5e6863e89ae92', '2020-03-11 12:37:04', 1, '1'),
(506, '99.99.99.1', 'Putu Devi Santini', '$2y$10$NvCA6HUClwTwto80WEjnFu1OJvexSnSJXFyYsrAkzFiNmJy3LY0ze', '1815051017@evote.com', NULL, NULL, NULL, NULL, NULL, NULL, NULL, 1583723226, 1583906906, 1, NULL, NULL, NULL, NULL, '5e687e9d11f0a', '2020-03-11 14:31:01', 1, '1'),
(507, '99.99.99.1', 'Komang Deva Bayudi Brilsana', '$2y$10$gAlrCkars8F6LBB.KqlZuuAxu35EowicsFlQexvHFfYeX4uvR8on2', '1815051018@evote.com', NULL, NULL, NULL, NULL, NULL, NULL, NULL, 1583723226, 1583900651, 1, NULL, NULL, NULL, NULL, '5e68665647db7', '2020-03-11 12:47:26', 1, '1'),
(508, '99.99.99.1', 'Kadek Aprilia Cahyani', '$2y$10$.UdEF2ckJ/sPmLT1Qi3RMOwBLgombobRDnj2xkmSkuDmXFLT8Fs52', '1815051019@evote.com', NULL, NULL, NULL, NULL, NULL, NULL, NULL, 1583723226, 1583900754, 1, NULL, NULL, NULL, NULL, '5e686585241c8', '2020-03-11 12:43:57', 823, '1'),
(509, '99.99.99.1', 'Iqlima Nur Fiqhia', '$2y$10$V8V4V44OvKYfUotNdwklAuP2ZqtwJmXxmL8zGvQCOqYcKIHY9RpSC', '1815051020@evote.com', NULL, NULL, NULL, NULL, NULL, NULL, NULL, 1583723226, 1583900224, 1, NULL, NULL, NULL, NULL, '5e6864d851266', '2020-03-11 12:41:04', 823, '1'),
(510, '99.99.99.1', 'Kadek Iwan Adhi Putra', '$2y$10$pEFDZ0tpzHqm8wYoab6.N.hyuXwxxLCtvhPra5xsVRM0hvhT45brC', '1815051021@evote.com', NULL, NULL, NULL, NULL, NULL, NULL, NULL, 1583723226, 1583900849, 1, NULL, NULL, NULL, NULL, '5e686667818d1', '2020-03-11 12:47:43', 823, '1'),
(511, '99.99.99.1', 'Anak Agung Adi Rama Anggrapana', '$2y$10$8/XGQp2Wi532FanvKOE1yuQt55HgKzP4240S9dJZrp/hddeNo4PnK', '1815051022@evote.com', NULL, NULL, NULL, NULL, NULL, NULL, NULL, 1583723227, 1583899880, 1, NULL, NULL, NULL, NULL, '5e686472cc90d', '2020-03-11 12:39:22', 823, '1'),
(512, '99.99.99.1', 'I Gede Pande Darma Suardika', '$2y$10$.Ll4hTssQT5oencIgv0LAemExPD4.8c0IRkD7IqvjWDO/9pHpNYhO', '1815051023@evote.com', NULL, NULL, NULL, NULL, NULL, NULL, NULL, 1583723227, 1583910749, 1, NULL, NULL, NULL, NULL, '5e688bcedc9ee', '2020-03-11 15:27:18', 824, '1'),
(513, '99.99.99.1', 'Reynaldi', '$2y$10$qGuAgIN.IStaZaIDnsTBL.pBPffPp8XwCCqIdiAIU0zrsdjw7sgq6', '1815051024@evote.com', NULL, NULL, NULL, NULL, NULL, '648bd481893a58772071688b10b70575c724e00d', '$2y$10$mMoqj9lgMmetZnGcmBvGn.5pC4bcEw1SogTFHB4g8FCcwa6AApMgq', 1583723227, 1583912519, 1, NULL, NULL, NULL, NULL, '5e6879a124459', '2020-03-11 14:09:45', 823, '1'),
(514, '99.99.99.1', 'Ni Luh Novi Aryani', '$2y$10$AQR.s.2jwwS4RCcL2CbW.OHk9dM0j4ZVeVGYKq0jmArcpzlc4Pw0m', '1815051025@evote.com', NULL, NULL, NULL, NULL, NULL, NULL, NULL, 1583723227, 1583901674, 1, NULL, NULL, NULL, NULL, '5e686aada7672', '2020-03-11 13:05:57', 823, '1'),
(515, '99.99.99.1', 'Wayan Agus Aditya Mahendra', NULL, '1815051026@evote.com', NULL, NULL, NULL, NULL, NULL, NULL, NULL, 1583723227, NULL, 1, NULL, NULL, NULL, NULL, NULL, NULL, NULL, NULL),
(516, '99.99.99.1', 'I Putu Ade Arya Kusuma', NULL, '1815051027@evote.com', NULL, NULL, NULL, NULL, NULL, NULL, NULL, 1583723227, NULL, 1, NULL, NULL, NULL, NULL, NULL, NULL, NULL, NULL),
(517, '99.99.99.1', 'Made Arya Widiarta', NULL, '1815051028@evote.com', NULL, NULL, NULL, NULL, NULL, NULL, NULL, 1583723227, NULL, 1, NULL, NULL, NULL, NULL, NULL, NULL, NULL, NULL),
(518, '99.99.99.1', 'Syachrul Aqmal', NULL, '1815051029@evote.com', NULL, NULL, NULL, NULL, NULL, NULL, NULL, 1583723228, NULL, 1, NULL, NULL, NULL, NULL, NULL, NULL, NULL, NULL),
(519, '99.99.99.1', 'Putu Vina Marcyella Griadhi', '$2y$10$4RgtpayjKqzLs2GCuOCM9.ErQ.qvGjgKiWM0Oy4F.zMnCqJQGnp.a', '1815051030@evote.com', NULL, NULL, NULL, NULL, NULL, NULL, NULL, 1583723228, 1583898853, 1, NULL, NULL, NULL, NULL, '5e685efcb6d78', '2020-03-11 12:16:04', 823, '1'),
(520, '99.99.99.1', 'Luh Sri Handayani', NULL, '1815051031@evote.com', NULL, NULL, NULL, NULL, NULL, NULL, NULL, 1583723228, NULL, 1, NULL, NULL, NULL, NULL, NULL, NULL, NULL, NULL),
(521, '99.99.99.1', 'I Gede Krisna Kesumawijaya', '$2y$10$kef1m6BBOiMbzujE.p222.Y8dm34glcNWDdvfK/i3m2lR9J8sJWXq', '1815051032@evote.com', NULL, NULL, NULL, NULL, NULL, NULL, NULL, 1583723228, 1583901400, 1, NULL, NULL, NULL, NULL, '5e686985206c9', '2020-03-11 13:01:01', 823, '1'),
(522, '99.99.99.1', 'Kadek Wira Adi Saputra', '$2y$10$yN949NY7fNRp7qq3nkL7Aeflh8UxvVZ2ZZ3UGmSzFiQ3tL30aNQOG', '1815051033@evote.com', NULL, NULL, NULL, NULL, NULL, NULL, NULL, 1583723228, 1583902606, 1, NULL, NULL, NULL, NULL, '5e686e1e8bd64', '2020-03-11 13:20:38', 1, '1'),
(523, '99.99.99.1', 'Ketut Doni Kristian', NULL, '1815051034@evote.com', NULL, NULL, NULL, NULL, NULL, NULL, NULL, 1583723228, NULL, 1, NULL, NULL, NULL, NULL, NULL, NULL, NULL, NULL),
(524, '99.99.99.1', 'Nyoman Arya Wilaputra', '$2y$10$jEXhc5XnxqJGJ.flaV1bf.3QVtYADT1mhnZftTKwxLIjKJg7v1qbi', '1815051035@evote.com', NULL, NULL, NULL, NULL, NULL, NULL, NULL, 1583723228, 1583905187, 1, NULL, NULL, NULL, NULL, '5e68789cd761b', '2020-03-11 14:05:24', 826, '1'),
(525, '99.99.99.1', 'Ketut Romi Widarta', '$2y$10$xeigosh0kUPz1UMnpV8MLOYGUppmMnxViyCImoJ0d7QBrcP1NQfU2', '1815051036@evote.com', NULL, NULL, NULL, NULL, NULL, NULL, NULL, 1583723228, 1583905712, 1, NULL, NULL, NULL, NULL, '5e68786b89afc', '2020-03-11 14:04:35', 826, '1'),
(526, '99.99.99.1', 'Kadek Suwis Satria Atmaja', '$2y$10$u5tlojxHHhYYmYvzdPfyQuItbeSCDnIP/sR3zMDvwAY.sdgfnvmhy', '1815051037@evote.com', NULL, NULL, NULL, NULL, NULL, NULL, NULL, 1583723228, 1583898914, 1, NULL, NULL, NULL, NULL, '5e685e4435604', '2020-03-11 12:13:00', 823, '1'),
(527, '99.99.99.1', 'Klementinus Nardi Hani', NULL, '1815051038@evote.com', NULL, NULL, NULL, NULL, NULL, NULL, NULL, 1583723228, NULL, 1, NULL, NULL, NULL, NULL, NULL, NULL, NULL, NULL),
(528, '99.99.99.1', 'Ida Bagus Ketut Febriana', '$2y$10$FgO2KeHCTA8hWvEAvqSiJOcN0WA.C/USpeCVsDyLQ1.GrsI.t2WQa', '1815051039@evote.com', NULL, NULL, NULL, NULL, NULL, NULL, NULL, 1583723229, 1583905521, 1, NULL, NULL, NULL, NULL, '5e689e60e7314', '2020-03-11 16:46:32', 826, NULL),
(529, '99.99.99.1', 'Komang Dian Ary Kristiadi', '$2y$10$DIdop87RZKTYNhhTZbl8MetuTovKFITYTyQ1kvgKsezinL.J/ZQ8K', '1815051040@evote.com', NULL, NULL, NULL, NULL, NULL, NULL, NULL, 1583723229, 1583913129, 1, NULL, NULL, NULL, NULL, '5e68978b856ac', '2020-03-11 16:17:23', 824, '1'),
(530, '99.99.99.1', 'Anshori Iqbal ', '$2y$10$wD6GG08nAvo9ZQAzt6T14ueOjwOt7G6EgOXSrmgKwThDB7Z5GOyMS', '1815051041@evote.com', NULL, NULL, NULL, NULL, NULL, NULL, NULL, 1583723229, 1583900846, 1, NULL, NULL, NULL, NULL, '5e68670379cd4', '2020-03-11 12:50:19', 823, '1'),
(531, '99.99.99.1', 'Arif Suryanto', '$2y$10$IHFEAtbM9nxi/YDu.DqXTO7H95Lz1l9E4y5rm/T9FwID8tm2hB8Ma', '1815051042@evote.com', NULL, NULL, NULL, NULL, NULL, NULL, NULL, 1583723229, 1583915028, 1, NULL, NULL, NULL, NULL, '5e689fbd82ced', '2020-03-11 16:52:21', 823, '1'),
(532, '99.99.99.1', 'Nancy Faudila', NULL, '1815051043@evote.com', NULL, NULL, NULL, NULL, NULL, NULL, NULL, 1583723229, NULL, 1, NULL, NULL, NULL, NULL, NULL, NULL, NULL, NULL),
(533, '99.99.99.1', 'Mursidul Westakhyuddin ', NULL, '1815051044@evote.com', NULL, NULL, NULL, NULL, NULL, NULL, NULL, 1583723229, NULL, 1, NULL, NULL, NULL, NULL, NULL, NULL, NULL, NULL),
(534, '99.99.99.1', 'I Gede Kesumayudha Widiana', NULL, '1815051045@evote.com', NULL, NULL, NULL, NULL, NULL, NULL, NULL, 1583723229, NULL, 1, NULL, NULL, NULL, NULL, NULL, NULL, NULL, NULL),
(535, '99.99.99.1', 'Muhammad Rizal Adrian Awi ', '$2y$10$d.zFWurstqCM.0ecQXBG8O5GsPhMhQvxxk/di8seHCF.DPHrOH22i', '1815051046@evote.com', NULL, NULL, NULL, NULL, NULL, NULL, NULL, 1583723229, 1583899634, 1, NULL, NULL, NULL, NULL, '5e686315da41f', '2020-03-11 12:33:33', 823, '1'),
(536, '99.99.99.1', 'Anggi Puspita Lestari', '$2y$10$41BTme/21BarHlYibFqn5e0.czmM8ciI2000uABuYoRCTTMY1p1Qa', '1815051047@evote.com', NULL, NULL, NULL, NULL, NULL, NULL, NULL, 1583723229, 1583898191, 1, NULL, NULL, NULL, NULL, '5e685c59991e0', '2020-03-11 12:04:49', 823, '1'),
(537, '99.99.99.1', 'Dewa Nyoman Budi Sayoga Pinatih', NULL, '1815051048@evote.com', NULL, NULL, NULL, NULL, NULL, NULL, NULL, 1583723229, NULL, 1, NULL, NULL, NULL, NULL, NULL, NULL, NULL, NULL),
(538, '99.99.99.1', 'Ida Ayu Tri Wisdayanthi ', NULL, '1815051049@evote.com', NULL, NULL, NULL, NULL, NULL, NULL, NULL, 1583723230, NULL, 1, NULL, NULL, NULL, NULL, NULL, NULL, NULL, NULL),
(539, '99.99.99.1', 'Anisa Br Ginting', NULL, '1815051050@evote.com', NULL, NULL, NULL, NULL, NULL, NULL, NULL, 1583723230, NULL, 1, NULL, NULL, NULL, NULL, NULL, NULL, NULL, NULL),
(540, '99.99.99.1', 'I Gede Siddha Kriyajanna ', '$2y$10$EDIIAejPdGN8930CHG8tWOFlju1Y5j.Nf0ScAxNzGLhdjuigmwpq2', '1815051051@evote.com', NULL, NULL, NULL, NULL, NULL, NULL, NULL, 1583723230, 1583912112, 1, NULL, NULL, NULL, NULL, '5e68943989785', '2020-03-11 16:03:13', 826, '1'),
(541, '99.99.99.1', 'Putu Erik Hendrawan', '$2y$10$pBEaT6/ig7YiRpZbQfciJ..xHFdOp9rC/Z9Kb1XuWXtDtDyG9qcdO', '1815051052@evote.com', NULL, NULL, NULL, NULL, NULL, NULL, NULL, 1583723230, 1583898395, 1, NULL, NULL, NULL, NULL, '5e685c818aea9', '2020-03-11 12:05:29', 823, '1'),
(542, '99.99.99.1', 'Ni Putu Serly Widyaningsih ', '$2y$10$qIcnuRldQysJiHzbUWhxn.d0kGvAo5yA6jsMLvaxGcQ00.MgofMQG', '1815051053@evote.com', NULL, NULL, NULL, NULL, NULL, NULL, NULL, 1583723230, 1583899821, 1, NULL, NULL, NULL, NULL, '5e6864294195c', '2020-03-11 12:38:09', 1, '1'),
(543, '99.99.99.1', 'Ketut Sri Sekarini', '$2y$10$R.soJQZUAjPjxUzNYXDDlOf72KSqDnILcWCf4CyN.hdN2CtSySbii', '1815051054@evote.com', NULL, NULL, NULL, NULL, NULL, NULL, NULL, 1583723230, 1583899852, 1, NULL, NULL, NULL, NULL, '5e6864b2b1419', '2020-03-11 12:40:26', 823, '1'),
(544, '99.99.99.1', 'Dewa Ayu Putu Ika Kasturi Dewi ', '$2y$10$Q5VbfaCq92JhekNoQnfq9uKNMRBxgmEMoKMmjL/at1NES.axp6FKa', '1815051055@evote.com', NULL, NULL, NULL, NULL, NULL, NULL, NULL, 1583723230, 1583912876, 1, NULL, NULL, NULL, NULL, '5e6896eeb1f73', '2020-03-11 16:14:46', 824, '1'),
(545, '99.99.99.1', 'Dandy Shafiq Hidayat ', '$2y$10$TsXLPZ/yOKEEQHcWhwqIvumi0lV3evuGfF08m9kDh1g3JlItSxwOu', '1815051056@evote.com', NULL, NULL, NULL, NULL, NULL, NULL, NULL, 1583723230, 1583905093, 1, NULL, NULL, NULL, NULL, '5e6878375a573', '2020-03-11 14:03:43', 826, '1'),
(546, '99.99.99.1', 'Richa Rasdika Putri', NULL, '1815051057@evote.com', NULL, NULL, NULL, NULL, NULL, NULL, NULL, 1583723230, NULL, 1, NULL, NULL, NULL, NULL, NULL, NULL, NULL, NULL),
(547, '99.99.99.1', 'Rizky Kurniawan', NULL, '1815051058@evote.com', NULL, NULL, NULL, NULL, NULL, NULL, NULL, 1583723230, NULL, 1, NULL, NULL, NULL, NULL, NULL, NULL, NULL, NULL),
(548, '99.99.99.1', 'I Made Krisna Darmawan ', '$2y$10$QQKO8FpVgoIQcKGz0lHygeGx1XcBVFaXoWVuYa8BOD5xLCdi1ASCK', '1815051059@evote.com', NULL, NULL, NULL, NULL, NULL, NULL, NULL, 1583723231, 1583905086, 1, NULL, NULL, NULL, NULL, '5e6878858d2b4', '2020-03-11 14:05:01', 826, '1'),
(549, '99.99.99.1', 'I Nengah Wendiana', NULL, '1815051060@evote.com', NULL, NULL, NULL, NULL, NULL, NULL, NULL, 1583723231, NULL, 1, NULL, NULL, NULL, NULL, NULL, NULL, NULL, NULL),
(550, '99.99.99.1', 'I Made Angga Darma Putra ', NULL, '1815051061@evote.com', NULL, NULL, NULL, NULL, NULL, NULL, NULL, 1583723231, NULL, 1, NULL, NULL, NULL, NULL, NULL, NULL, NULL, NULL),
(551, '99.99.99.1', 'I Komang Ary Sudaratmaja', NULL, '1815051062@evote.com', NULL, NULL, NULL, NULL, NULL, NULL, NULL, 1583723231, NULL, 1, NULL, NULL, NULL, NULL, NULL, NULL, NULL, NULL),
(552, '99.99.99.1', 'Kadek Andila Kertha Subagia', NULL, '1815051063@evote.com', NULL, NULL, NULL, NULL, NULL, NULL, NULL, 1583723231, NULL, 1, NULL, NULL, NULL, NULL, NULL, NULL, NULL, NULL),
(553, '99.99.99.1', 'G. Rezky Dharmawan ', NULL, '1815051064@evote.com', NULL, NULL, NULL, NULL, NULL, NULL, NULL, 1583723231, NULL, 1, NULL, NULL, NULL, NULL, NULL, NULL, NULL, NULL),
(554, '99.99.99.1', 'Kadek Andika Widar Padmayasa', NULL, '1815051065@evote.com', NULL, NULL, NULL, NULL, NULL, NULL, NULL, 1583723231, NULL, 1, NULL, NULL, NULL, NULL, NULL, NULL, NULL, NULL),
(555, '99.99.99.1', 'I Komang Hendra Trinium Jaya', '$2y$10$ZKcE9XyW3ggv3kgqqWCMSuPp.DGm4FK/mWah3tx.1IDhGft9u0ICy', '1815051066@evote.com', NULL, NULL, NULL, NULL, NULL, NULL, NULL, 1583723231, 1583909727, 1, NULL, NULL, NULL, NULL, '5e685e7a35c2c', '2020-03-11 12:13:54', 823, NULL),
(556, '99.99.99.1', 'Putu Adi Indrawan', '$2y$10$pCkAZBJO9H6BFg7kqZvOCOAAjGNjlnZbwl2CcnG3ncAKq.f1qJVum', '1815051067@evote.com', NULL, NULL, NULL, NULL, NULL, '660c148b372ba35df452bcc55571fe246c8518f8', '$2y$10$h0yRLAYRgImqQ81Cv9mQHe1kMwrTvoU6rr7jjehIIDHz2lZ1Szu5C', 1583723231, 1583900421, 1, NULL, NULL, NULL, NULL, '5e6865d64cc05', '2020-03-11 12:45:18', 823, '1'),
(557, '99.99.99.1', 'Ni Putu Pande Pebi Swaratri', '$2y$10$5U6mflwo/YjzxSihkDfckuTpFEItyk8tukBFcDNlBnCeUFcCjf3yy', '1815051068@evote.com', NULL, NULL, NULL, NULL, NULL, NULL, NULL, 1583723231, 1583902456, 1, NULL, NULL, NULL, NULL, '5e686e09b0d8f', '2020-03-11 13:20:17', 823, '1'),
(558, '99.99.99.1', 'Gusti Komang Krisna Parta', '$2y$10$0pYz3m1z6MOITjtCMAAK0uNFF.ouVtHyBqWvoPODQ1IsYFJ5tkEAu', '1815051069@evote.com', NULL, NULL, NULL, NULL, NULL, NULL, NULL, 1583723232, 1583900727, 1, NULL, NULL, NULL, NULL, '5e6866b46906d', '2020-03-11 12:49:00', 823, '1'),
(559, '99.99.99.1', 'Fashan Saraya ', '$2y$10$5pB3M31KbqmWrmFGzfPcvuqTmKTG2L.j9xt.kyZHTsOka9skGlsju', '1815051070@evote.com', NULL, NULL, NULL, NULL, NULL, NULL, NULL, 1583723232, 1583904473, 1, NULL, NULL, NULL, NULL, '5e68766d4ca94', '2020-03-11 13:56:05', 826, '1'),
(560, '99.99.99.1', 'Made Dwiyana Darma Wirata', NULL, '1815051071@evote.com', NULL, NULL, NULL, NULL, NULL, NULL, NULL, 1583723232, NULL, 1, NULL, NULL, NULL, NULL, NULL, NULL, NULL, NULL),
(561, '99.99.99.1', 'Putu Ayu Intan Galby Catriesya ', '$2y$10$8rKJfOcJBUJHWcVXA0Tg.OxzRzPVkF/4H.MBO1JA0hFAh5wc1b.6a', '1815051072@evote.com', NULL, NULL, NULL, NULL, NULL, NULL, NULL, 1583723232, 1583904675, 1, NULL, NULL, NULL, NULL, '5e6877180d801', '2020-03-11 13:58:56', 826, '1'),
(562, '99.99.99.1', 'Nengah Ayu Vinka Anggareni', '$2y$10$KerBB2wHhV2.vxq17mesk.V4XK/5BEeWsMjMAhFEp9HGSluB9YXa6', '1815051073@evote.com', NULL, NULL, NULL, NULL, NULL, NULL, NULL, 1583723232, 1583899775, 1, NULL, NULL, NULL, NULL, '5e6864123778b', '2020-03-11 12:37:46', 1, '1'),
(563, '99.99.99.1', 'Achmad Nur Indrajid ', '$2y$10$0jKLuaDS3vekh.v11tZcaOVUhxaJjlfnhSoPrSXqxNnj.xP7RjPXe', '1815051074@evote.com', NULL, NULL, NULL, NULL, NULL, NULL, NULL, 1583723232, 1583905872, 1, NULL, NULL, NULL, NULL, '5e687997399ae', '2020-03-11 14:09:35', 1, '1'),
(564, '99.99.99.1', 'Kai Koga', '$2y$10$22HRE1a/F/o2GVHHUE779eRHjnTSjnGsjClBjUKCZvcpeft4fBHfu', '1815051075@evote.com', NULL, NULL, NULL, NULL, NULL, NULL, NULL, 1583723232, 1583903676, 1, NULL, NULL, NULL, NULL, '5e6872ee8bc1b', '2020-03-11 13:41:10', 823, '1'),
(565, '99.99.99.1', 'Bregas Ardianto', '$2y$10$PQair7jmNXkKdza5p1ar9.M2k3zh4Kkm0sVUVcc7O0lwmdjH/2bJG', '1815051076@evote.com', NULL, NULL, NULL, NULL, NULL, NULL, NULL, 1583723232, 1583905598, 1, NULL, NULL, NULL, NULL, '5e6878500fd9e', '2020-03-11 14:04:08', 826, '1'),
(566, '99.99.99.1', 'I Komang Adnyana Yasa', '$2y$10$G/ghhdgtSUp3PmNb/TKJM.K8lsfnVLi9Rtn98DcXIXNbq.vjGPXhy', '1815051077@evote.com', NULL, NULL, NULL, NULL, NULL, NULL, NULL, 1583723233, 1583905753, 1, NULL, NULL, NULL, NULL, '5e6877f72f4fb', '2020-03-11 14:02:39', 826, '1'),
(567, '99.99.99.1', 'I Made Dwiki Pasek Anggara ', '$2y$10$kCo12KgTKt6WVOM5.g2kL.ulqES0gSoUumlyDRIOukV8wppM5wnHi', '1815051078@evote.com', NULL, NULL, NULL, NULL, NULL, 'd50269374b817ae17119faef96fb2b0d2e021f99', '$2y$10$5Tw8WKmBaawCfO/yZ3t1WOV5dQDkcwvbee1oUXsafTwYVB8H4qe.W', 1583723233, 1583899049, 1, NULL, NULL, NULL, NULL, '5e68612899e06', '2020-03-11 12:25:20', 823, '1'),
(568, '99.99.99.1', 'Kadek Agus Risda Sanjaya ', '$2y$10$BW4c.9roctw6jSeegLG67O9v7O0I6Ya065quYaAF3gS.TYrQFOFvm', '1815051079@evote.com', NULL, NULL, NULL, NULL, NULL, NULL, NULL, 1583723233, 1583911134, 1, NULL, NULL, NULL, NULL, '5e689003bb29b', '2020-03-11 15:45:15', 824, '1'),
(569, '99.99.99.1', 'Idham Kholid', '$2y$10$OTBbPNQ9bgsjGNkdx5DxsONOWlkBMZKFHX75GTrbOOKcHFB5e7TOa', '1815051080@evote.com', NULL, NULL, NULL, NULL, NULL, NULL, NULL, 1583723233, 1583913074, 1, NULL, NULL, NULL, NULL, '5e68941790aea', '2020-03-11 16:02:39', 826, '1'),
(570, '99.99.99.1', 'Ida Ayu Windy Prabawanti', '$2y$10$A8ilIwnPpWmE06wmD7oYpO6bdMb0zolDqGRnLswuhAWJLqAYydeBS', '1815051081@evote.com', NULL, NULL, NULL, NULL, NULL, NULL, NULL, 1583723233, 1583898010, 1, NULL, NULL, NULL, NULL, '5e685be333a82', '2020-03-11 12:02:51', 1, '1'),
(571, '99.99.99.1', 'I. A Febrillian Goldyno Nagashy', NULL, '1815051082@evote.com', NULL, NULL, NULL, NULL, NULL, NULL, NULL, 1583723233, NULL, 1, NULL, NULL, NULL, NULL, NULL, NULL, NULL, NULL),
(572, '99.99.99.1', 'Gede Budi Setiawan ', '$2y$10$ehznWwo6ZfN1S/jVU0iSF.eoLzF5Lm3TsmrzvLVSTzhTNfT0V6USC', '1815051083@evote.com', NULL, NULL, NULL, NULL, NULL, NULL, NULL, 1583723233, 1583900565, 1, NULL, NULL, NULL, NULL, '5e6867467e758', '2020-03-11 12:51:26', 823, '1'),
(573, '99.99.99.1', 'I Gusti Ngurah Agung Indra Trisnanda Putra ', NULL, '1815051084@evote.com', NULL, NULL, NULL, NULL, NULL, NULL, NULL, 1583723234, NULL, 1, NULL, NULL, NULL, NULL, NULL, NULL, NULL, NULL),
(574, '99.99.99.1', 'I Gede Handy Tresna Wirawan', '$2y$10$crt18YadYk2UzhHV11dvUuhatQl519SQ.0v9R.iugEq0f0hTalL9S', '1815051085@evote.com', NULL, NULL, NULL, NULL, NULL, NULL, NULL, 1583723234, 1583900544, 1, NULL, NULL, NULL, NULL, '5e6866d67a1c7', '2020-03-11 12:49:34', 823, '1'),
(575, '99.99.99.1', 'Agung Ngurah Gede Sugih Harta ', NULL, '1815051086@evote.com', NULL, NULL, NULL, NULL, NULL, NULL, NULL, 1583723234, NULL, 1, NULL, NULL, NULL, NULL, NULL, NULL, NULL, NULL),
(576, '99.99.99.1', 'Anak Agung Ngurah Krisna Surya Saputra', NULL, '1815051087@evote.com', NULL, NULL, NULL, NULL, NULL, NULL, NULL, 1583723234, NULL, 1, NULL, NULL, NULL, NULL, NULL, NULL, NULL, NULL),
(577, '99.99.99.1', 'Mario Martin Da Silva ', NULL, '1815051088@evote.com', NULL, NULL, NULL, NULL, NULL, NULL, NULL, 1583723234, NULL, 1, NULL, NULL, NULL, NULL, NULL, NULL, NULL, NULL),
(578, '99.99.99.1', 'Wangsa Waarsanak Satria Wibawa Punik', NULL, '1815051089@evote.com', NULL, NULL, NULL, NULL, NULL, NULL, NULL, 1583723234, NULL, 1, NULL, NULL, NULL, NULL, NULL, NULL, NULL, NULL),
(579, '99.99.99.1', 'Muhammad Irfan', NULL, '1815051090@evote.com', NULL, NULL, NULL, NULL, NULL, NULL, NULL, 1583723234, NULL, 1, NULL, NULL, NULL, NULL, NULL, NULL, NULL, NULL),
(580, '99.99.99.1', 'I Gede Kembar Arthayasa', '$2y$10$IRRI/ngvIPGIMQaqhW1yWuqmkSe96uICvXzrkU1FIBs3Tx1YmPZr2', '1815051091@evote.com', NULL, NULL, NULL, NULL, NULL, NULL, NULL, 1583723234, 1583915003, 1, NULL, NULL, NULL, NULL, '5e689faf74c5e', '2020-03-11 16:52:07', 824, '1'),
(581, '99.99.99.1', 'Gusti Aditya Trisna Murti', '$2y$10$awwKicLoOOT.UScyeFfkteiOi17Kozrj9dCCdbMo0Ju64iQfHHyWC', '1815051092@evote.com', NULL, NULL, NULL, NULL, NULL, NULL, NULL, 1583723234, 1583901274, 1, NULL, NULL, NULL, NULL, '5e686a018dc65', '2020-03-11 13:03:05', 823, '1'),
(582, '99.99.99.1', 'I Putu Ari Sanjaya', '$2y$10$RjyEEIUUnXrsBG3tdY3iuudZF0zf3dgriMaDfmdzRqt3A5/eISbJW', '1815051093@evote.com', NULL, NULL, NULL, NULL, NULL, 'e8d66f3d270b1d0a904dfbb3b5f3189656935c5b', '$2y$10$mg7SUfE/Q.U.VxTkO5moBO2m7i37NZuj2K3VlgdFLVeJ7pa52N.WS', 1583723234, 1583905566, 1, NULL, NULL, NULL, NULL, '5e6877e558308', '2020-03-11 14:02:21', 823, '1'),
(583, '99.99.99.1', 'Ni Wayan Sri Indah Yani', '$2y$10$07J3Om6vlMaccb2Y.fuqPONO7mwxT1bKq9xyvlChFpb3VkoGjo/pG', '1815051094@evote.com', NULL, NULL, NULL, NULL, NULL, '41d487807d10dd3d74f2c5b61d59ac794f7b29aa', '$2y$10$qcrJusjD.h5vK2UU5QVCL.5Wn0f9zO3rzBqXXvfy01J9JWhopJsze', 1583723234, 1583909232, 1, NULL, NULL, NULL, NULL, '5e68640829c4f', '2020-03-11 12:37:36', 823, '1'),
(584, '99.99.99.1', 'Adrian Kurniansyah', NULL, '1815051095@evote.com', NULL, NULL, NULL, NULL, NULL, NULL, NULL, 1583723235, NULL, 1, NULL, NULL, NULL, NULL, NULL, NULL, NULL, NULL),
(585, '99.99.99.1', 'Komang Ari Kusuma', NULL, '1815051096@evote.com', NULL, NULL, NULL, NULL, NULL, NULL, NULL, 1583723235, NULL, 1, NULL, NULL, NULL, NULL, NULL, NULL, NULL, NULL),
(586, '99.99.99.1', 'I Made Anand Sathya', '$2y$10$fp/ag5Z9BrfM3UQI7mEXgOAzkcE3kNpsHUEsX2wDdffHBwmvYaUVO', '1815051097@evote.com', NULL, NULL, NULL, NULL, NULL, NULL, NULL, 1583723235, 1583905454, 1, NULL, NULL, NULL, NULL, '5e6879cc63542', '2020-03-11 14:10:28', 823, '1'),
(587, '99.99.99.1', 'I Komang Yuda Muliawan', '$2y$10$KXduF2rSLZYMCQyYzKKIaOlwGuAnkaLJiKq3C70yKzbWPDtssUtPa', '1815051098@evote.com', NULL, NULL, NULL, NULL, NULL, NULL, NULL, 1583723235, 1583897867, 1, NULL, NULL, NULL, NULL, '5e685bc6a81b1', '2020-03-11 12:02:22', 823, '1'),
(588, '99.99.99.1', 'Kadek Endang Trisna Dewi', '$2y$10$FxhkbluTtmW2eoUOIh2Mnuj.fTxR9hkTpQ4kAbkHFStTe6GimCuwe', '1815051099@evote.com', NULL, NULL, NULL, NULL, NULL, '97bba640c36d557a1e23c7a80b93bdc7ac042615', '$2y$10$7A3NmIGTcgP94GpM0nHlzOr.XN7dcw9Ge.pBj2ontgs3ZiCdFnOx2', 1583723235, 1583902272, 1, NULL, NULL, NULL, NULL, '5e686a740c560', '2020-03-11 13:05:00', 823, '1'),
(589, '99.99.99.1', 'I Putu Bagus Aryanto Arka Putra', '$2y$10$x0GIyIgLv95X.x.BojQI/uEXON0lT8wfANAfUNCAfyca271QxKJBK', '1815051100@evote.com', NULL, NULL, NULL, NULL, NULL, NULL, NULL, 1583723235, 1583912905, 1, NULL, NULL, NULL, NULL, '5e6878b8a5aae', '2020-03-11 14:05:52', 826, '1'),
(590, '99.99.99.1', 'Putu Wisnu Sukma Nanda', NULL, '1815051101@evote.com', NULL, NULL, NULL, NULL, NULL, NULL, NULL, 1583723235, NULL, 1, NULL, NULL, NULL, NULL, NULL, NULL, NULL, NULL),
(591, '99.99.99.1', 'denny indra kusuma', NULL, '1815051102@evote.com', NULL, NULL, NULL, NULL, NULL, NULL, NULL, 1583723235, NULL, 1, NULL, NULL, NULL, NULL, NULL, NULL, NULL, NULL),
(592, '99.99.99.1', 'Luh Putu Niken Ayu Lestari P K.', NULL, '1815051103@evote.com', NULL, NULL, NULL, NULL, NULL, NULL, NULL, 1583723235, NULL, 1, NULL, NULL, NULL, NULL, NULL, NULL, NULL, NULL),
(593, '99.99.99.1', 'I Gede Hary Sadhujana ', '$2y$10$2vZoqYhKefB6R0FPnOM.Ee2cRaax9f6h4j5KFNsrS9KUfXBILR5FK', '1815051104@evote.com', NULL, NULL, NULL, NULL, NULL, NULL, NULL, 1583723235, 1583898239, 1, NULL, NULL, NULL, NULL, '5e685db75fb86', '2020-03-11 12:10:39', 823, '1'),
(594, '99.99.99.1', 'I Putu Mawa Ardyanto ', NULL, '1815051105@evote.com', NULL, NULL, NULL, NULL, NULL, NULL, NULL, 1583723235, NULL, 1, NULL, NULL, NULL, NULL, NULL, NULL, NULL, NULL),
(595, '99.99.99.1', 'I Gede Putu Jaladri Prawata ', '$2y$10$0cCMqG3VLFTj/hnNkC5UIepknZO75c7VsNnp5xz68/6uCF29lepsG', '1815051106@evote.com', NULL, NULL, NULL, NULL, NULL, NULL, NULL, 1583723236, 1583904827, 1, NULL, NULL, NULL, NULL, '5e6877cd94c66', '2020-03-11 14:01:57', 826, '1'),
(596, '99.99.99.1', 'Dedy Yusuf Santosa  ', '$2y$10$sjsvQqO1FeNFgbfesui7xu6uIp48YaS.LupJAOr18khuF0C83o5ee', '1815051107@evote.com', NULL, NULL, NULL, NULL, NULL, '2a0abb336673153d39845c302308c4e1a420bac4', '$2y$10$gaHU2N/CXUvsQoS8JkrUXObmpeqfXAMtwivqugoDYQ0SJRgSXl4QK', 1583723236, 1583912894, 1, NULL, NULL, NULL, NULL, '5e689617a29d2', '2020-03-11 16:11:11', 823, '1'),
(597, '99.99.99.1', 'Gede Edo Quardiana', NULL, '1815051108@evote.com', NULL, NULL, NULL, NULL, NULL, NULL, NULL, 1583723236, NULL, 1, NULL, NULL, NULL, NULL, NULL, NULL, NULL, NULL),
(598, '99.99.99.1', 'I Komang Herry Susariantha Sandjaya', NULL, '1815051109@evote.com', NULL, NULL, NULL, NULL, NULL, NULL, NULL, 1583723236, NULL, 1, NULL, NULL, NULL, NULL, NULL, NULL, NULL, NULL),
(599, '99.99.99.1', 'I Putu Andika Putra', NULL, '1815051110@evote.com', NULL, NULL, NULL, NULL, NULL, NULL, NULL, 1583723236, NULL, 1, NULL, NULL, NULL, NULL, NULL, NULL, NULL, NULL),
(600, '99.99.99.1', 'Luh Ayu Dina Wulandari', '$2y$10$w3ex5y5rrH4taNSqQCLLH.zB7rHlFNwCMSiWWht/baqeriBhFA5Xm', '1815051111@evote.com', NULL, NULL, NULL, NULL, NULL, NULL, NULL, 1583723236, 1583904688, 1, NULL, NULL, NULL, NULL, '5e6876fe80b15', '2020-03-11 13:58:30', 826, '1'),
(601, '99.99.99.1', 'Darmawan Candra Aditama', NULL, '1815051112@evote.com', NULL, NULL, NULL, NULL, NULL, NULL, NULL, 1583723236, NULL, 1, NULL, NULL, NULL, NULL, NULL, NULL, NULL, NULL),
(602, '99.99.99.1', 'Ni Nyoman Susi Astuti', '$2y$10$xoN2YZGzAewm9/wHkLGb7.VnfWJ6LvuLzMWl.ZYWAkaCY3n54zqKG', '1815051113@evote.com', NULL, NULL, NULL, NULL, NULL, NULL, NULL, 1583723236, 1583900320, 1, NULL, NULL, NULL, NULL, '5e6865b89a944', '2020-03-11 12:44:48', 823, '1'),
(603, '99.99.99.1', 'I Nengah Andre Septiastika', '$2y$10$m7FPuUhA9.0WujhBtbX7nuYC1.StUzCo0fZS8.8UC.QgjCCuGymG.', '1815051114@evote.com', NULL, NULL, NULL, NULL, NULL, '478df80741643312a9006aa7c30003cc1d0adda5', '$2y$10$sEadTs3gNV8ydsDzuvsAYuW87UzH0O6wW46ZexXUQEyW8G5t2sQWO', 1583723236, 1583905089, 1, NULL, NULL, NULL, NULL, '5e68787d5f1ff', '2020-03-11 14:04:53', 1, '1'),
(604, '99.99.99.1', 'Made Kresna Wicaksana Mertawi Putra', '$2y$10$AjWCsNgCPfZzC49LCe.K9.6Uog6WR3I2Pwt36/NJT8aPTQcqg8jT6', '1815051115@evote.com', NULL, NULL, NULL, NULL, NULL, NULL, NULL, 1583723236, 1583905080, 1, NULL, NULL, NULL, NULL, '5e6877c966c07', '2020-03-11 14:01:53', 823, '1'),
(605, '99.99.99.1', 'I Nengah Mahadwipa Adi Satria', NULL, '1815051116@evote.com', NULL, NULL, NULL, NULL, NULL, NULL, NULL, 1583723237, NULL, 1, NULL, NULL, NULL, NULL, NULL, NULL, NULL, NULL),
(606, '99.99.99.1', 'I Gede Cahyadi Permana Putra', NULL, '1815051117@evote.com', NULL, NULL, NULL, NULL, NULL, NULL, NULL, 1583723237, NULL, 1, NULL, NULL, NULL, NULL, NULL, NULL, NULL, NULL),
(607, '99.99.99.1', 'Elvis Rai Putra', NULL, '1815051118@evote.com', NULL, NULL, NULL, NULL, NULL, NULL, NULL, 1583723237, NULL, 1, NULL, NULL, NULL, NULL, NULL, NULL, NULL, NULL),
(608, '99.99.99.1', 'Mohamad Yusuf Ravi Aroito Maulana', NULL, '1815051119@evote.com', NULL, NULL, NULL, NULL, NULL, NULL, NULL, 1583723237, NULL, 1, NULL, NULL, NULL, NULL, NULL, NULL, NULL, NULL),
(609, '99.99.99.1', 'Falen Mendeson Behuku', '$2y$10$p1ga2lvJHB2i1sNqyHR36OGFoKwUDJ8FTPTPzMzQ5MoPDoO/FRSyS', '1815051120@evote.com', NULL, NULL, NULL, NULL, NULL, NULL, NULL, 1583723237, 1583904060, 1, NULL, NULL, NULL, NULL, '5e6873e948d25', '2020-03-11 13:45:21', 1, '1'),
(610, '99.99.99.1', 'Ida Bagus Putu Surya Adiwiyasa', '$2y$10$qtDQlUKY.wI2WMMsqsCOie/2139EbgdVm9FnsaUXut6DXpu1NwLLW', '1815051121@evote.com', NULL, NULL, NULL, NULL, NULL, '5a76f8ff29feab487995e9c937464323b123438e', '$2y$10$TSfSQYro1NtMg4brG8m5MOfwKJ/sddWm2qENZvcxXhOphUJ3ooCTG', 1583723237, 1583900482, 1, NULL, NULL, NULL, NULL, '5e686610c4028', '2020-03-11 12:46:16', 823, '1'),
(611, '99.99.99.1', 'Ayu Siti Khofifah', '$2y$10$v8afOkv2nsdEU9qa4Iu0SOypsUuP9gUFGTu136yoc0I7X/3PYpaB6', '1815091001@evote.com', NULL, NULL, NULL, NULL, NULL, NULL, NULL, 1583723263, 1583904089, 1, NULL, NULL, NULL, NULL, '5e6873da4a1d0', '2020-03-11 13:45:06', 826, '1'),
(612, '99.99.99.1', 'Irfan Walhidayah', '$2y$10$/O/7JcI6ETqVZbj9orD5Ku1m9ZXYps.I1rc55cjruJ8KTiIy84RkG', '1815091002@evote.com', NULL, NULL, NULL, NULL, NULL, NULL, NULL, 1583723263, 1583901339, 1, NULL, NULL, NULL, NULL, '5e686a03b9e6d', '2020-03-11 13:03:07', 1, '1'),
(613, '99.99.99.1', 'Ni Komang Winda Damayanti', '$2y$10$.Ei41AjGqiv0heYRV8U68eXOjnYMJMnN3eFFdVRDAjy6NHQFb/y5m', '1815091003@evote.com', NULL, NULL, NULL, NULL, NULL, NULL, NULL, 1583723263, 1583903762, 1, NULL, NULL, NULL, NULL, '5e6872b1de6de', '2020-03-11 13:40:09', 1, '1'),
(614, '99.99.99.1', 'Kadek Agus Berlian Pangestu', '$2y$10$SaPQL3XukACPf5MJa395e.o1HybBLoegY/1uuwFBEfLKBWr2Ff3kO', '1815091004@evote.com', NULL, NULL, NULL, NULL, NULL, NULL, NULL, 1583723263, 1583905676, 1, NULL, NULL, NULL, NULL, '5e6879ed33639', '2020-03-11 14:11:01', 826, '1'),
(615, '99.99.99.1', 'Fachradina Yuniar', '$2y$10$3.3VEC65LgS7slboEJPz9.wXPrLGvp7E71YulOhslPOCgKI7oypPu', '1815091005@evote.com', NULL, NULL, NULL, NULL, NULL, NULL, NULL, 1583723263, 1583902880, 1, NULL, NULL, NULL, NULL, '5e688f9fe825d', '2020-03-11 15:43:35', 823, '1'),
(616, '99.99.99.1', 'Kadek Dwi Cahyanti', '$2y$10$b6mL79j0gYLwQiG5goEFXuYoUBpnjuS6oSkvd2PvLp2x7pwV9DVJm', '1815091006@evote.com', NULL, NULL, NULL, NULL, NULL, NULL, NULL, 1583723264, 1583903851, 1, NULL, NULL, NULL, NULL, '5e687281f2a32', '2020-03-11 13:39:21', 1, '1'),
(617, '99.99.99.1', 'Gusti Ayu Putu Setiari', '$2y$10$jeNpyjQgJ4Cj71R3VGOEc.OKmyWHBrA7GotosA0qOPYdd1lZBwyY6', '1815091007@evote.com', NULL, NULL, NULL, NULL, NULL, NULL, NULL, 1583723264, 1583906177, 1, NULL, NULL, NULL, NULL, '5e687d495026d', '2020-03-11 14:25:21', 1, '1'),
(618, '99.99.99.1', 'Ibnur Hilmi Yahya Azizi', NULL, '1815091008@evote.com', NULL, NULL, NULL, NULL, NULL, NULL, NULL, 1583723264, NULL, 1, NULL, NULL, NULL, NULL, NULL, NULL, NULL, NULL),
(619, '99.99.99.1', 'Muhammad Ridwan', '$2y$10$1oFhyZ7mbd5GHmT6mbgGveFNilzL3EBwKfQPoQAtWuNBSkaerpU32', '1815091009@evote.com', NULL, NULL, NULL, NULL, NULL, 'd3cbf9ed074112c15859039d47d90de2a6de0fda', '$2y$10$Hw2x4JHJOuM66QplxXTNkOUQR3E8ViRmMc6ADE7sCq.JWtxm/iv86', 1583723264, 1583904275, 1, NULL, NULL, NULL, NULL, '5e68757083b25', '2020-03-11 13:51:52', 826, '1'),
(620, '99.99.99.1', 'I Gde Indra Wahyu Diatmika', '$2y$10$Tgrny9hsCIT1MlIsmiZT9OtdWACTdyu1IVrs0oNt3b5jd6QByaqqC', '1815091010@evote.com', NULL, NULL, NULL, NULL, NULL, NULL, NULL, 1583723264, 1583904581, 1, NULL, NULL, NULL, NULL, '5e68727812235', '2020-03-11 13:39:12', 823, '1'),
(621, '99.99.99.1', 'Kadek Nova Wardana', '$2y$10$Pgq/Tbjx1fREwYIgbAPR6.7TbK3I33fvuHXD16DIodpuKiZQII0D6', '1815091011@evote.com', NULL, NULL, NULL, NULL, NULL, NULL, NULL, 1583723264, 1583914358, 1, NULL, NULL, NULL, NULL, '5e689cea736c6', '2020-03-11 16:40:18', 824, '1'),
(622, '99.99.99.1', 'I Gede Agus Krisna Perdana', '$2y$10$pAVQEGT8myGkaUwGcBIQoe8Y1iMvwXnLZCPP.v0PgAGJi3Twbhvxi', '1815091012@evote.com', NULL, NULL, NULL, NULL, NULL, '6e567c42485dd66502a01e32bdf904bcb69a3fb4', '$2y$10$qNTFAY5g4y8HDyxXzWb4uOu0FWw/bReU7uWX3QDQ7Vjk7EDsve.Fq', 1583723264, 1583913350, 1, NULL, NULL, NULL, NULL, '5e6899199e03a', '2020-03-11 16:24:01', 823, '1'),
(623, '99.99.99.1', 'Made Deni Cahyana', '$2y$10$kziwhDvb52ILkXGcptVx2.7EvyVbCmui7ZNwcXxPn1Rpck1OQwoS6', '1815091013@evote.com', NULL, NULL, NULL, NULL, NULL, NULL, NULL, 1583723264, 1583915233, 1, NULL, NULL, NULL, NULL, '5e689f819d6d8', '2020-03-11 16:51:21', 826, '1'),
(624, '99.99.99.1', 'Putu Khrisna Neitya Adhe Putra', '$2y$10$nuU9wpIKDfy8kxW0oi5gieLDdKFIM0Z7YzhJGvrW9vw77UsZ0InOe', '1815091014@evote.com', NULL, NULL, NULL, NULL, NULL, 'bec16715daa4c375131bee92fac8075fb31c601a', '$2y$10$wD22/mMLWFUX6MKbzGpdgOivQ/50.oYCIMk9OPXch/c3QJI2KA4Bu', 1583723264, 1583915751, 1, NULL, NULL, NULL, NULL, '5e6879b4293d9', '2020-03-11 14:10:04', 826, '1'),
(625, '99.99.99.1', 'Kadek Windu Candra', NULL, '1815091015@evote.com', NULL, NULL, NULL, NULL, NULL, NULL, NULL, 1583723264, NULL, 1, NULL, NULL, NULL, NULL, NULL, NULL, NULL, NULL),
(626, '99.99.99.1', 'I Putu Arsana Putra', '$2y$10$EUH7W/HNAVfusZOexn5OVuPlYF5Su5/AwP7CLf86geg71V1OayrTm', '1815091016@evote.com', NULL, NULL, NULL, NULL, NULL, NULL, NULL, 1583723264, 1583907231, 1, NULL, NULL, NULL, NULL, '5e687446ba3d0', '2020-03-11 13:46:54', 823, '1'),
(627, '99.99.99.1', 'Putu Risma Widharini', '$2y$10$uqVLMftDmxkDoi/tWnHr2uRiwUlCOQ.cf5VXO/I0d0TiJMEUGtpzS', '1815091017@evote.com', NULL, NULL, NULL, NULL, NULL, NULL, NULL, 1583723265, 1583901679, 1, NULL, NULL, NULL, NULL, '5e6868acddef1', '2020-03-11 12:57:24', 823, '1'),
(628, '99.99.99.1', 'Md Hendrik Jaya Wiguna', NULL, '1815091018@evote.com', NULL, NULL, NULL, NULL, NULL, NULL, NULL, 1583723265, NULL, 1, NULL, NULL, NULL, NULL, NULL, NULL, NULL, NULL),
(629, '99.99.99.1', 'Putu Hery Andi Sandika', '$2y$10$A0NawBsZ35ne6BaWxoCkC.laa.mC1gbmutOXekzziiwxPRHzgwDa6', '1815091019@evote.com', NULL, NULL, NULL, NULL, NULL, 'ed4e0fcfa92f8eac23d8f2bf6078825ba1819eb8', '$2y$10$w.fvPv2GcapXSkSf9NmMcemwgv49J.kIA25KoIXUr9jzkdhehc.hK', 1583723265, 1583912002, 1, NULL, NULL, NULL, NULL, '5e687425851ca', '2020-03-11 13:46:21', 823, '1'),
(630, '99.99.99.1', 'I Gede Wira Dharma Putra', '$2y$10$nAQ5VagOLu0yLqLLorybkO53vKsnSyttHSBxMdb/WU1OBoceM6Z3q', '1815091020@evote.com', NULL, NULL, NULL, NULL, NULL, NULL, NULL, 1583723265, 1583903879, 1, NULL, NULL, NULL, NULL, '5e6873e948c90', '2020-03-11 13:45:21', 823, '1'),
(631, '99.99.99.1', 'Ni Putu Dena Kristy Andiani ', NULL, '1815091021@evote.com', NULL, NULL, NULL, NULL, NULL, NULL, NULL, 1583723265, NULL, 1, NULL, NULL, NULL, NULL, NULL, NULL, NULL, NULL),
(632, '99.99.99.1', 'I Kadek Permana Putra ', '$2y$10$BLZqRjXAFfTTUM5satjHD.s2YhAyqlYFntyGwxr.yGOGmlZLWIKGe', '1815091022@evote.com', NULL, NULL, NULL, NULL, NULL, NULL, NULL, 1583723265, 1583903764, 1, NULL, NULL, NULL, NULL, '5e68732ddf049', '2020-03-11 13:42:13', 826, '1'),
(633, '99.99.99.1', 'Kresensia Munte ', '$2y$10$Dx/swk04Y8pmuUAeeRT9eOYAQ94cpW4byyPbXUtLgGqTsBZnoalxG', '1815091023@evote.com', NULL, NULL, NULL, NULL, NULL, NULL, NULL, 1583723265, 1583904275, 1, NULL, NULL, NULL, NULL, '5e68755c16eb8', '2020-03-11 13:51:32', 826, '1'),
(634, '99.99.99.1', 'Laurensia Anjelina Tutosili Arakian', '$2y$10$SbePMGeujxbwBcsq5uuLae7FOS8DSCAMVx8JiDm4Jtz//6KsTJKOa', '1815091024@evote.com', NULL, NULL, NULL, NULL, NULL, NULL, NULL, 1583723265, 1583914315, 1, NULL, NULL, NULL, NULL, '5e689cb41f57a', '2020-03-11 16:39:24', 824, '1'),
(635, '99.99.99.1', 'Reja Firmansyah Damanik', NULL, '1815091025@evote.com', NULL, NULL, NULL, NULL, NULL, NULL, NULL, 1583723265, NULL, 1, NULL, NULL, NULL, NULL, NULL, NULL, NULL, NULL),
(636, '99.99.99.1', 'Made Diah Arista Devi ', '$2y$10$cwIN30lxTipSH4ZKeBobxe2c5gZ9vl2Yo/Wbg2AkftyuGEcmvJl16', '1815091026@evote.com', NULL, NULL, NULL, NULL, NULL, 'e88c72870957d47ca6851af4c91022ecd77d601f', '$2y$10$SpDEQj5ZPtgMlhM5gkMTTu71qs.ZMUxDS1i7ABJdhWhw6RlmuBBd6', 1583723265, 1583912316, 1, NULL, NULL, NULL, NULL, '5e68689338bae', '2020-03-11 12:56:59', 823, '1'),
(637, '99.99.99.1', 'I Wayan Anugrahana ', '$2y$10$mtb/7xQ.bsmVHiPfh.COnewWUcjakfrEzAjXNfEePUln.Uucj2TrC', '1815091027@evote.com', NULL, NULL, NULL, NULL, NULL, NULL, NULL, 1583723265, 1583906838, 1, NULL, NULL, NULL, NULL, '5e687d7535ed2', '2020-03-11 14:26:05', 826, '1'),
(638, '99.99.99.1', 'Meilanus Rivaldi ', '$2y$10$CKarfckTJGpbGUl2n5NcMOl70wwY.Fzc/BpXwdLzhTgmzwhzTGVl6', '1815091028@evote.com', NULL, NULL, NULL, NULL, NULL, NULL, NULL, 1583723266, 1583902170, 1, NULL, NULL, NULL, NULL, '5e686d88b14e5', '2020-03-11 13:18:08', 1, '1'),
(639, '99.99.99.1', 'Gede Angga Paramarta Putra', NULL, '1815091029@evote.com', NULL, NULL, NULL, NULL, NULL, NULL, NULL, 1583723266, NULL, 1, NULL, NULL, NULL, NULL, NULL, NULL, NULL, NULL),
(640, '99.99.99.1', 'Ni Putu Bimantari Dewi', '$2y$10$0TGhLW7g6iSl5F0mdM0HauyfpNRt2NNKT2MXlyoKhoo92jDZooovi', '1815091030@evote.com', NULL, NULL, NULL, NULL, NULL, NULL, NULL, 1583723266, 1583914315, 1, NULL, NULL, NULL, NULL, '5e689cab2dc11', '2020-03-11 16:39:15', 826, '1'),
(641, '99.99.99.1', 'I Putu Angga Aditya Rinaldy ', NULL, '1815091031@evote.com', NULL, NULL, NULL, NULL, NULL, NULL, NULL, 1583723266, NULL, 1, NULL, NULL, NULL, NULL, NULL, NULL, NULL, NULL),
(642, '99.99.99.1', 'Achmad Irfanda ', '$2y$10$.BgfteMZZ9OKVG1rpAvxMO7b3e7fqo6ugAXwrmx/2e9UWDfWabd9e', '1815091032@evote.com', NULL, NULL, NULL, NULL, NULL, NULL, NULL, 1583723266, 1583903901, 1, NULL, NULL, NULL, NULL, '5e68734e14813', '2020-03-11 13:42:46', 823, '1'),
(643, '99.99.99.1', 'I Dewa Ayu Ketut Ning Sastriyani', NULL, '1815091033@evote.com', NULL, NULL, NULL, NULL, NULL, NULL, NULL, 1583723266, NULL, 1, NULL, NULL, NULL, NULL, NULL, NULL, NULL, NULL);
INSERT INTO `users` (`id`, `ip_address`, `username`, `password`, `email`, `activation_selector`, `activation_code`, `forgotten_password_selector`, `forgotten_password_code`, `forgotten_password_time`, `remember_selector`, `remember_code`, `created_on`, `last_login`, `active`, `first_name`, `last_name`, `company`, `phone`, `token_pemilihan`, `token_valid_until`, `handle_by_admin`, `has_voting`) VALUES
(644, '99.99.99.1', 'Gusti Agung Tri Widiastuti ', '$2y$10$Nnbu6YXfPXr06E.QFGp4z.e6U6MFJSIAoB8m/Q4JWOVTQaAnClYSK', '1815091034@evote.com', NULL, NULL, NULL, NULL, NULL, NULL, NULL, 1583723266, 1583900925, 1, NULL, NULL, NULL, NULL, '5e6867dcdd217', '2020-03-11 12:53:56', 823, '1'),
(645, '99.99.99.1', 'Putu Dhanu Driya ', '$2y$10$WlSN./Blgx0EgnN2.Zk01OeDmnLtNHphoNsBqY0CuM4/G6rJSKaUa', '1815091035@evote.com', NULL, NULL, NULL, NULL, NULL, '85dff1e33cb9110b11a52a62eee53778f5c8a8ca', '$2y$10$al3dgNzNYVpw1SvFsY2E3eZwk1QtQxgjXpJVRUd3NbTT93tapuo6i', 1583723266, 1583915078, 1, NULL, NULL, NULL, NULL, '5e689f00a135f', '2020-03-11 16:49:12', 826, '1'),
(646, '99.99.99.1', 'I Gede Putu Satria Pratama Dharma Surya', '$2y$10$V6Nk9WHb3brEt2VVPwvL.udw3aAdRYpoisTTq6YaMyML2JFyPFfNa', '1815091036@evote.com', NULL, NULL, NULL, NULL, NULL, NULL, NULL, 1583723266, NULL, 1, NULL, NULL, NULL, NULL, '5e687260c21cf', '2020-03-11 13:38:48', 826, NULL),
(647, '99.99.99.1', 'I Gede Riyan Ardi Darmawan', '$2y$10$Wr/KXCXZ8PXLH.umju1cDeglaX51bOnBeeZDftlxW5rGCZG8cb6Zu', '1815091037@evote.com', NULL, NULL, NULL, NULL, NULL, NULL, NULL, 1583723266, 1583912323, 1, NULL, NULL, NULL, NULL, '5e6872e02662f', '2020-03-11 13:40:56', 826, '1'),
(648, '99.99.99.1', 'Kadek Yogie Susila Putra', '$2y$10$jXlGKoQ9GjcdCEFXaNNjBOL4OarHM.tMVZ9B6ihc.lHWKAxd6t3r2', '1815091038@evote.com', NULL, NULL, NULL, NULL, NULL, NULL, NULL, 1583723266, 1583905001, 1, NULL, NULL, NULL, NULL, '5e68753665dba', '2020-03-11 13:50:54', 823, '1'),
(649, '99.99.99.1', 'I Kadek Wahyu Dananjaya ', '$2y$10$YqlTRolxJPc8KBBpkjAVi.yRGJQzgcPq9qbNNJO4D0cml04yHFLEO', '1815091039@evote.com', NULL, NULL, NULL, NULL, NULL, NULL, NULL, 1583723267, 1583915216, 1, NULL, NULL, NULL, NULL, '5e689f6c5fffc', '2020-03-11 16:51:00', 826, '1'),
(650, '99.99.99.1', 'Ni Made Ayu Mita Kusumadewi ', '$2y$10$2rJySrJ5G5wCL2cTdmiKsOdHR1ZsX7fIfW02Rlamip6S7rv9W8kXu', '1815091040@evote.com', NULL, NULL, NULL, NULL, NULL, NULL, NULL, 1583723267, 1583903810, 1, NULL, NULL, NULL, NULL, '5e6873bed55cc', '2020-03-11 13:44:38', 826, '1'),
(651, '99.99.99.1', 'Ni Kadek Sri Nadi', '$2y$10$.3XmmSeHEEx8gp7Ham43FOTgyCDMaiprqPZ/AFAUCZ7gU5O4k67hK', '1815091041@evote.com', NULL, NULL, NULL, NULL, NULL, NULL, NULL, 1583723267, 1583903877, 1, NULL, NULL, NULL, NULL, '5e687412d4244', '2020-03-11 13:46:02', 826, '1'),
(652, '99.99.99.1', 'Devanny Anggun Riantika ', '$2y$10$OxiBc1WbWMmGfv6ji5CyYuSaMC3E0RfF.4HETKR5//Q6a1uF6sYt.', '1815091042@evote.com', NULL, NULL, NULL, NULL, NULL, NULL, NULL, 1583723267, 1583904153, 1, NULL, NULL, NULL, NULL, '5e68746ab300d', '2020-03-11 13:47:30', 826, '1'),
(653, '99.99.99.1', 'I Kadek Arya Budi Artana ', '$2y$10$QJ0s681wDDzfM.X12ZMhoOZL26FSa75tuJUmcSPneofrT7UyYSMRy', '1815091043@evote.com', NULL, NULL, NULL, NULL, NULL, '39dea835fc6031f67f3476eb3467b000ede45e51', '$2y$10$/kWws2gqJw1PW0cc3PqFY.b.V3BZw.YQRQ6.VKDUkLo7qkV.hMFra', 1583723267, 1583903792, 1, NULL, NULL, NULL, NULL, '5e6873b573439', '2020-03-11 13:44:29', 823, '1'),
(654, '99.99.99.1', 'Putu Adi Bawa ', '$2y$10$L8iiod9YZ0GzOWSYjRjZXeKKTIimHHUrusZ5weNAHhTuqtyzOXj2m', '1815091044@evote.com', NULL, NULL, NULL, NULL, NULL, NULL, NULL, 1583723267, 1583905050, 1, NULL, NULL, NULL, NULL, '5e6875ea4fac0', '2020-03-11 13:53:54', 826, '1'),
(655, '99.99.99.1', 'I Komang Yoga Laksmana Putra ', '$2y$10$hYuTC8nC6e7s1p.WTCQ59u3DSy/A2tPUDEpMwFlPn3PpbX6yK8d/K', '1815091045@evote.com', NULL, NULL, NULL, NULL, NULL, NULL, NULL, 1583723267, NULL, 1, NULL, NULL, NULL, NULL, '5e6875513a9ce', '2020-03-11 13:51:21', 823, NULL),
(656, '99.99.99.1', 'Kadek Rama Wasudewa', '$2y$10$5U4Xlka9rS8OrwwizMTycODvqicMmcW28CSCYY1XZR2DxRqdlr5WK', '1815091046@evote.com', NULL, NULL, NULL, NULL, NULL, NULL, NULL, 1583723267, 1583904178, 1, NULL, NULL, NULL, NULL, '5e687308b1347', '2020-03-11 13:41:36', 826, '1'),
(657, '99.99.99.1', 'Gusti Ngurah Dharma Putra ', '$2y$10$5BA9rqayroAysrK4/Rsidumr/UEvtdvHyeoBAVhf1kniJUmOQ6M4K', '1815091047@evote.com', NULL, NULL, NULL, NULL, NULL, NULL, NULL, 1583723267, 1583904309, 1, NULL, NULL, NULL, NULL, '5e68756b4dfa3', '2020-03-11 13:51:47', 823, '1'),
(658, '99.99.99.1', 'Rifki Nur Fauzi', '$2y$10$nK5fAInisQ1/bPF1ovYlCORkRAjXVEcwj7L2IN71cwybVSBOKT.Ea', '1815091048@evote.com', NULL, NULL, NULL, NULL, NULL, NULL, NULL, 1583723267, 1583903819, 1, NULL, NULL, NULL, NULL, '5e687319a5ca5', '2020-03-11 13:41:53', 823, '1'),
(659, '99.99.99.1', 'Elisabeth Clara C Yoku', NULL, '1815091049@evote.com', NULL, NULL, NULL, NULL, NULL, NULL, NULL, 1583723267, NULL, 1, NULL, NULL, NULL, NULL, NULL, NULL, NULL, NULL),
(660, '99.99.99.1', 'NGAKAN PUTU AMERTA DANA', '$2y$10$/7aG3NSCRFFUvGtf6lqCp.Gw7O.6.uRzXV81f/5EgfZZLMgw.Qt2a', '1815091050@evote.com', NULL, NULL, NULL, NULL, NULL, 'eaae838354b18ec4b31013b37b3fb17c9b6fb9c4', '$2y$10$JgPBMxZI6B.bQGCxjk4GeOLWo1KSAdIPrk4b7EGDNKUo8nFc3.R9i', 1583723268, 1583904583, 1, NULL, NULL, NULL, NULL, '5e68731942911', '2020-03-11 13:41:53', 826, '1'),
(661, '99.99.99.1', 'I Wayan Eka Jata Suparyawan', NULL, '1815091051@evote.com', NULL, NULL, NULL, NULL, NULL, NULL, NULL, 1583723268, NULL, 1, NULL, NULL, NULL, NULL, NULL, NULL, NULL, NULL),
(662, '99.99.99.1', 'I Putu Angga Kerta Leona Putra', '$2y$10$WPNsix8bi4DOwAceeldaV.7lMAph6QdhO/KegVASoNE/9jNZerm0i', '1815091052@evote.com', NULL, NULL, NULL, NULL, NULL, NULL, NULL, 1583723268, 1583898180, 1, NULL, NULL, NULL, NULL, '5e685cb9e518b', '2020-03-11 12:06:25', 823, '1'),
(663, '99.99.99.1', 'I Nyoman Dezenda Jaya', '$2y$10$k031seL8pLOunE.Yv8KR6eFjm73VXMdy4dKDKkhCHmV04jwPDXLYW', '1815091053@evote.com', NULL, NULL, NULL, NULL, NULL, NULL, NULL, 1583723268, 1583903854, 1, NULL, NULL, NULL, NULL, '5e6873a877d40', '2020-03-11 13:44:16', 826, '1'),
(664, '99.99.99.1', 'I Gede Agus Sukariana Yasa', '$2y$10$zjUEsguRByBWbmHRQHkhqu5s3bxSNZOaWthnLsGLq93sLDcd5MjN.', '1815091054@evote.com', NULL, NULL, NULL, NULL, NULL, '1ad2f69f78678d15f175b75f560a6f9f9e9e78f5', '$2y$10$Zk5Jtr8Uqs0m9wOd5Uc8zuM.fxjMmMmtYYMGyKST6tip4GEZ3jOQa', 1583723268, 1583904855, 1, NULL, NULL, NULL, NULL, '5e6875ccb1779', '2020-03-11 13:53:24', 826, '1'),
(665, '99.99.99.1', 'Made Indra Putera Aryana', NULL, '1815091055@evote.com', NULL, NULL, NULL, NULL, NULL, NULL, NULL, 1583723268, NULL, 1, NULL, NULL, NULL, NULL, NULL, NULL, NULL, NULL),
(666, '99.99.99.1', 'Agung Ukki Galih Cahyaningsih', '$2y$10$z92oDQXYotkd5xVrOVrMe.QDNldO5I1JyWYAm0NjCBXXaKEvCB2Wa', '1815091056@evote.com', NULL, NULL, NULL, NULL, NULL, 'c2d5318ecd927a472fe46b129c1690da996ed0a2', '$2y$10$cp3PKT5sDjIpeh8cnLZrg.MLhpo/GtQfhg1Bko8s.Mwm5pSwh5vjO', 1583723268, 1583903831, 1, NULL, NULL, NULL, NULL, '5e68742f60d80', '2020-03-11 13:46:31', 826, '1'),
(667, '99.99.99.1', 'Made Andi Subawa', NULL, '1815091057@evote.com', NULL, NULL, NULL, NULL, NULL, NULL, NULL, 1583723268, NULL, 1, NULL, NULL, NULL, NULL, NULL, NULL, NULL, NULL),
(668, '99.99.99.1', 'I Made Agung Santoso ', '$2y$10$XBXIPhOkDJKabsW/pTtZZ.GSCbtFSReyts8ospd18R41ItXKdZhWi', '1815091058@evote.com', NULL, NULL, NULL, NULL, NULL, 'bd2d50bd476b09807b5a40bf9086e1b01390139d', '$2y$10$zBvubvJiFwjWBFS0wexf4.rSKBW3T4EJRxpHNAUtrkGkK/DRqqCv2', 1583723268, 1583904474, 1, NULL, NULL, NULL, NULL, '5e687589d413f', '2020-03-11 13:52:17', 826, '1'),
(669, '99.99.99.1', 'I Ketut Andy Septawan', '$2y$10$Mj9QzL1ZYWloaB88PA8uc.1VZYjKLVnRAA3.txMvF.kWbQa4p/g5i', '1815091059@evote.com', NULL, NULL, NULL, NULL, NULL, NULL, NULL, 1583723268, 1583907539, 1, NULL, NULL, NULL, NULL, '5e687d5145dd6', '2020-03-11 14:25:29', 823, '1'),
(670, '99.99.99.1', 'Putu Rosdyana Junia Devanty', NULL, '1815091060@evote.com', NULL, NULL, NULL, NULL, NULL, NULL, NULL, 1583723268, NULL, 1, NULL, NULL, NULL, NULL, NULL, NULL, NULL, NULL),
(671, '99.99.99.1', 'Kadek Wawan Yudayana ', '$2y$10$YiEKPoTktveOONIfKcltHe4E/oW4CniwTVGw.BwuJgIySe2/aCwIi', '1815091061@evote.com', NULL, NULL, NULL, NULL, NULL, '374e572027900a6cbf82cd70ba7d6177edfbf367', '$2y$10$bnt88OM7KROtwAyezomyHOzpdLoGrCsZWozr5k1VRlx8PCUczxR9i', 1583723268, 1583903987, 1, NULL, NULL, NULL, NULL, '5e6873c7862dd', '2020-03-11 13:44:47', 1, '1'),
(672, '99.99.99.1', 'Kadek Wawan Cahyadi', '$2y$10$ObtXnewp/INCjkzY208UturUZKbkHOzl6kW9H5AA8pwTY0sxsCsou', '1815091062@evote.com', NULL, NULL, NULL, NULL, NULL, NULL, NULL, 1583723269, 1583905567, 1, NULL, NULL, NULL, NULL, '5e6879764ec22', '2020-03-11 14:09:02', 826, '1'),
(673, '99.99.99.1', 'Willy Yogantara Sidhi', '$2y$10$ZGzZPys8mw5CR3YnD2sIyuykLA9radxSB1zjFLxXh00E4iygVpEly', '1815091063@evote.com', NULL, NULL, NULL, NULL, NULL, NULL, NULL, 1583723269, 1583903736, 1, NULL, NULL, NULL, NULL, '5e68737b93f1f', '2020-03-11 13:43:31', 1, '1'),
(674, '99.99.99.1', 'Putu Annanda Diva Sanjaya', '$2y$10$kHyxxIr47xHwQVcnj9/Az.b1/xpg7jeC2rYkyq9OhclvaLdB4AOL.', '1815091064@evote.com', NULL, NULL, NULL, NULL, NULL, NULL, NULL, 1583723269, 1583903754, 1, NULL, NULL, NULL, NULL, '5e6872f0b5240', '2020-03-11 13:41:12', 1, '1'),
(675, '99.99.99.1', 'I Gusti Agung Ayu Made Asri Darma Yanthi', '$2y$10$AYjn731mlHT0SFZedh1JK.ipAZESfgtbaJRq.1ECDUVm0uhzf2Tb6', '1815091065@evote.com', NULL, NULL, NULL, NULL, NULL, NULL, NULL, 1583723269, 1583900898, 1, NULL, NULL, NULL, NULL, '5e68680b2e89a', '2020-03-11 12:54:43', 1, '1'),
(676, '99.99.99.1', 'I Made Indra Prayoga', NULL, '1815091066@evote.com', NULL, NULL, NULL, NULL, NULL, NULL, NULL, 1583723269, NULL, 1, NULL, NULL, NULL, NULL, NULL, NULL, NULL, NULL),
(677, '99.99.99.1', 'Putu Wahyu Della Pratama', NULL, '1815091067@evote.com', NULL, NULL, NULL, NULL, NULL, NULL, NULL, 1583723269, NULL, 1, NULL, NULL, NULL, NULL, NULL, NULL, NULL, NULL),
(678, '99.99.99.1', 'Putu Gede Krisna Bayu', '$2y$10$cIn1aAFy8dV2/jknpuFO/OAjJji1kg52d12cTuIyi3vlu/5vwxaUK', '1815091068@evote.com', NULL, NULL, NULL, NULL, NULL, NULL, NULL, 1583723269, 1583915238, 1, NULL, NULL, NULL, NULL, '5e689f47956e6', '2020-03-11 16:50:23', 826, '1'),
(679, '99.99.99.1', 'Kadek Dwi Stiawan', '$2y$10$Ws7valpEvnvDJykHxfjvNe.afVXOHqB1bA1PvtfC..rAXaJVeGIya', '1815091069@evote.com', NULL, NULL, NULL, NULL, NULL, NULL, NULL, 1583723269, 1583900993, 1, NULL, NULL, NULL, NULL, '5e6867fee59f3', '2020-03-11 12:54:30', 823, '1'),
(680, '99.99.99.1', 'Made Rama Krysara', NULL, '1815091070@evote.com', NULL, NULL, NULL, NULL, NULL, NULL, NULL, 1583723269, NULL, 1, NULL, NULL, NULL, NULL, NULL, NULL, NULL, NULL),
(681, '99.99.99.1', 'I Gede Pande Wahyu Semara Yoga', NULL, '1915091057@evote.com', NULL, NULL, NULL, NULL, NULL, NULL, NULL, 1583723574, NULL, 1, NULL, NULL, NULL, NULL, NULL, NULL, NULL, NULL),
(682, '99.99.99.1', 'Eka Febiasterina Dyapradita', NULL, '1915091058@evote.com', NULL, NULL, NULL, NULL, NULL, NULL, NULL, 1583723574, NULL, 1, NULL, NULL, NULL, NULL, NULL, NULL, NULL, NULL),
(683, '99.99.99.1', 'Dedyka Najib Bimantoro', NULL, '1915091059@evote.com', NULL, NULL, NULL, NULL, NULL, NULL, NULL, 1583723575, NULL, 1, NULL, NULL, NULL, NULL, NULL, NULL, NULL, NULL),
(684, '99.99.99.1', 'Ni Putu Putri Savitri Dewi', '$2y$10$Yjm2EXGWrLZYkLxAiW5yyuCOLBZnk3IGbTJmaEv.IJd6mRT/2/G0a', '1915091054@evote.com', NULL, NULL, NULL, NULL, NULL, NULL, NULL, 1583723575, 1583910643, 1, NULL, NULL, NULL, NULL, '5e688e9e01da6', '2020-03-11 15:39:18', 823, '1'),
(685, '99.99.99.1', 'Yehuda Bezaleel Widiapratama', '$2y$10$t2yb0ZKyuakviik7vsFPTuyNx5yiaUdB7upJPItfFLrYf5CZGPpQa', '1915091055@evote.com', NULL, NULL, NULL, NULL, NULL, NULL, NULL, 1583723575, 1583906182, 1, NULL, NULL, NULL, NULL, '5e687bde11e00', '2020-03-11 14:19:18', 823, '1'),
(686, '99.99.99.1', 'I Gede Sivananda Raja Negara', '$2y$10$j9SUR0.K28XoZG/RgNtSjeyuwd.CIOcIfhLh7.ll.cQJ6.gIiZJDG', '1915091056@evote.com', NULL, NULL, NULL, NULL, NULL, NULL, NULL, 1583723575, 1583902727, 1, NULL, NULL, NULL, NULL, '5e686f76c057d', '2020-03-11 13:26:22', 826, '1'),
(687, '99.99.99.1', 'Ni Luh Putu Merta Ayuning Sari', '$2y$10$dkDibXWRbGPQrKlid9/fO.zZTlA7vVH40I0BQyOhH3MLGkvV627m2', '1915091053@evote.com', NULL, NULL, NULL, NULL, NULL, 'ae035589b86146372e3733276af5dcc3ceaa866c', '$2y$10$1LrY7YxYDrSHs7rzqoWS3u1YVGfhG5.MkQ0PGcy6i/fq1j1vkiJEm', 1583723575, 1583907320, 1, NULL, NULL, NULL, NULL, '5e687cd7c5aff', '2020-03-11 14:23:27', 826, '1'),
(688, '99.99.99.1', 'Kadek Galuh Indah Kharismayanti', '$2y$10$LODK70NmEPTKASLn18bgBuYeTb194L8ikBR4chpkedbSnMptwda1a', '1915091051@evote.com', NULL, NULL, NULL, NULL, NULL, NULL, NULL, 1583723575, 1583908112, 1, NULL, NULL, NULL, NULL, '5e6884b5c63ef', '2020-03-11 14:57:01', 826, '1'),
(689, '99.99.99.1', 'Komang Ari Suparta Jaya', '$2y$10$b53s/9WjhOgswi/NJXPHl.qk5QEuQURpFTj2JyWPfl.TMNtZpwzg2', '1915091052@evote.com', NULL, NULL, NULL, NULL, NULL, NULL, NULL, 1583723575, 1583906266, 1, NULL, NULL, NULL, NULL, '5e687bfd899fc', '2020-03-11 14:19:49', 1, '1'),
(690, '99.99.99.1', 'Dewa Putu Darma Prabawa', NULL, '1915091049@evote.com', NULL, NULL, NULL, NULL, NULL, NULL, NULL, 1583723575, NULL, 1, NULL, NULL, NULL, NULL, NULL, NULL, NULL, NULL),
(691, '99.99.99.1', 'Kadek Dwi Utama', '$2y$10$OvlHGf4hiiddAVKgPUoOkupGEPv1Kzqb4LbDxd/6KfmpQozNJNN1K', '1915091050@evote.com', NULL, NULL, NULL, NULL, NULL, NULL, NULL, 1583723575, 1583913820, 1, NULL, NULL, NULL, NULL, '5e689a7f858a4', '2020-03-11 16:29:59', 824, '1'),
(692, '99.99.99.1', 'Kadek Rama Raditia', NULL, '1915091048@evote.com', NULL, NULL, NULL, NULL, NULL, NULL, NULL, 1583723575, NULL, 1, NULL, NULL, NULL, NULL, NULL, NULL, NULL, NULL),
(693, '99.99.99.1', 'Nyoman Gede Rizky Bali Suwecasmita', NULL, '1915091046@evote.com', NULL, NULL, NULL, NULL, NULL, NULL, NULL, 1583723575, NULL, 1, NULL, NULL, NULL, NULL, NULL, NULL, NULL, NULL),
(694, '99.99.99.1', 'Made Medhi Premana Kertiaysa', '$2y$10$vRHX3lUHeuEtBOVGhBrWeuCCC3ggUZgWBXmWTXRiqgeyMmcNtAawO', '1915091047@evote.com', NULL, NULL, NULL, NULL, NULL, NULL, NULL, 1583723575, 1583910650, 1, NULL, NULL, NULL, NULL, '5e688e151ff00', '2020-03-11 15:37:01', 824, '1'),
(695, '99.99.99.1', 'I Made Resma Ardana Reswara', NULL, '1915091041@evote.com', NULL, NULL, NULL, NULL, NULL, NULL, NULL, 1583723576, NULL, 1, NULL, NULL, NULL, NULL, NULL, NULL, NULL, NULL),
(696, '99.99.99.1', 'Gede Wahyu Wastuguna', '$2y$10$wqmv0WxPkNVR7QAdYwiDB.e/UW.tDuZPmjDRAxf0de2whU7FLhqYG', '1915091042@evote.com', NULL, NULL, NULL, NULL, NULL, NULL, NULL, 1583723576, 1583904693, 1, NULL, NULL, NULL, NULL, '5e68773dc7fa5', '2020-03-11 13:59:33', 826, '1'),
(697, '99.99.99.1', 'Gede Agus Wira K. R', '$2y$10$D9iDGZ9o83a6IJ6EpD0yG.N1Et/xvPyXYSjkmeUTCMxGpqIg4YKxa', '1915091043@evote.com', NULL, NULL, NULL, NULL, NULL, NULL, NULL, 1583723576, 1583904298, 1, NULL, NULL, NULL, NULL, '5e687513c9f6a', '2020-03-11 13:50:19', 826, '1'),
(698, '99.99.99.1', 'Zaeni Abdul Majid', '$2y$10$mTnEn22n8FFYwtpv0bwzieXzlqwQRCqZORisGM3miY9Z/tSRRjH2y', '1915091044@evote.com', NULL, NULL, NULL, NULL, NULL, NULL, NULL, 1583723576, 1583898587, 1, NULL, NULL, NULL, NULL, '5e685f4761ca5', '2020-03-11 12:17:19', 1, '1'),
(699, '99.99.99.1', 'I Nyoman Triarta', '$2y$10$JnSL87OljRbpMyRHfe8Jwu8a1jWAa1FgOgXiRzwRhAxcqT1yStmC2', '1915091045@evote.com', NULL, NULL, NULL, NULL, NULL, '7a6c0f303c472ac007fb814a00d333e8ba38bb77', '$2y$10$quE6CNvG5gD8eJ7BpsMU4.pdvJ89LTeQD7gEINEtKbrCoVP0ALpiq', 1583723576, 1583903617, 1, NULL, NULL, NULL, NULL, '5e6872c4799ac', '2020-03-11 13:40:28', 826, '1'),
(700, '99.99.99.1', 'Ida Ayu Made Dyah Kusuma Dewi', '$2y$10$1N0azg6TSSvBshZfSTr3geq.56z4Ryy6Q540hyNe0Mum6mddMD8P.', '1915091038@evote.com', NULL, NULL, NULL, NULL, NULL, NULL, NULL, 1583723576, 1583903667, 1, NULL, NULL, NULL, NULL, '5e6872b558662', '2020-03-11 13:40:13', 826, '1'),
(701, '99.99.99.1', 'Gede Agus Mahendra', '$2y$10$U3vD.GJAKxGwBl4zJRhbVu3I2J4OyiOq810TEXj0oEhtEmN2dlXdK', '1915091039@evote.com', NULL, NULL, NULL, NULL, NULL, NULL, NULL, 1583723576, 1583898552, 1, NULL, NULL, NULL, NULL, '5e685f1b67a31', '2020-03-11 12:16:35', 823, '1'),
(702, '99.99.99.1', 'I Made Dwi Ananta Yoga', '$2y$10$y89R0xdW6cl7Gsrb/UEkLuNxDhVasouXp494DvS.PC2AISjqXm5ce', '1915091040@evote.com', NULL, NULL, NULL, NULL, NULL, NULL, NULL, 1583723576, 1583902239, 1, NULL, NULL, NULL, NULL, '5e686d3a15a3d', '2020-03-11 13:16:50', 826, '1'),
(703, '99.99.99.1', 'Made Dwi Arthajaya', '$2y$10$qRGRI2VbfSDvl.VQ8kP29u4erJ.eb.xYueyNIKpo4SXkfYg9CAP8q', '1915091036@evote.com', NULL, NULL, NULL, NULL, NULL, '5e0660e0210c008cca16c9f57102945f4a1952ab', '$2y$10$GBUNDjVjKhJ8SYIM25z3duNZPC0mH63xKvyddqxkOQNYRs1PhfJ0.', 1583723576, 1583915372, 1, NULL, NULL, NULL, NULL, '5e68820fc87b9', '2020-03-11 14:45:43', 826, '1'),
(704, '99.99.99.1', 'I Made Bagus Alviantara', '$2y$10$MJUnmvM4cMozsB19rrOY2O2FFnzt3ej.HBPsNCEy3sacg1rubLPbS', '1915091037@evote.com', NULL, NULL, NULL, NULL, NULL, NULL, NULL, 1583723576, 1583912218, 1, NULL, NULL, NULL, NULL, '5e688f309213c', '2020-03-11 15:41:44', 824, '1'),
(705, '99.99.99.1', 'Bagus Apriliyanto', NULL, '1915091033@evote.com', NULL, NULL, NULL, NULL, NULL, NULL, NULL, 1583723576, NULL, 1, NULL, NULL, NULL, NULL, NULL, NULL, NULL, NULL),
(706, '99.99.99.1', 'Ketut Utut Arta Gunawan', '$2y$10$xMWdzGXH213x8pJcBNYb9utCLUUr2Yde2fB/bskEME9KVMwSs1N9a', '1915091034@evote.com', NULL, NULL, NULL, NULL, NULL, NULL, NULL, 1583723577, 1583912704, 1, NULL, NULL, NULL, NULL, '5e689631a9830', '2020-03-11 16:11:37', 824, '1'),
(707, '99.99.99.1', 'I Nyoman Aditya Triguna', '$2y$10$kvUfhyqFGELDonk5j85p2easY4Oy2YG69q7puD7mvJi3940a5HFyu', '1915091035@evote.com', NULL, NULL, NULL, NULL, NULL, NULL, NULL, 1583723577, 1583911569, 1, NULL, NULL, NULL, NULL, '5e6890508d397', '2020-03-11 15:46:32', 826, '1'),
(708, '99.99.99.1', 'Ni Putu Melsi Oktaviani', '$2y$10$AuEoLbutywI1vRS3istTq.E.5WiBowo/uo5IRh/5frnabLfoNimeK', '1915091030@evote.com', NULL, NULL, NULL, NULL, NULL, NULL, NULL, 1583723577, 1583901210, 1, NULL, NULL, NULL, NULL, '5e68695da6bd5', '2020-03-11 13:00:21', 1, '1'),
(709, '99.99.99.1', 'Ni Made Mirah Pradnya Pramesti', '$2y$10$Vy.UkPSqeo2sljkyLTtFEeZtuUCRBBo06VkU/tNBbWSFj/dKEW2di', '1915091031@evote.com', NULL, NULL, NULL, NULL, NULL, '474fdf92036084aa16934c52f7277c29d71c7323', '$2y$10$BZ2bcKH/bVIBToAzrVJ53uWp0WiO.se3Cxu..fWZHvXMyy.gPT066', 1583723577, 1583911787, 1, NULL, NULL, NULL, NULL, '5e68926f96c09', '2020-03-11 15:55:35', 824, '1'),
(710, '99.99.99.1', 'I Made Ary Dhana Iswara', NULL, '1915091032@evote.com', NULL, NULL, NULL, NULL, NULL, NULL, NULL, 1583723577, NULL, 1, NULL, NULL, NULL, NULL, NULL, NULL, NULL, NULL),
(711, '99.99.99.1', 'Adi Hananjoyo', '$2y$10$rhGWU9H7hS2E7NQeEEBMHedLf3CKF.qzvR2s5sB1lxO9B2mDQKXGe', '1915091027@evote.com', NULL, NULL, NULL, NULL, NULL, NULL, NULL, 1583723577, 1583913399, 1, NULL, NULL, NULL, NULL, '5e689833d8c65', '2020-03-11 16:20:11', 824, '1'),
(712, '99.99.99.1', 'Desak Komang Mila Arsini', '$2y$10$4/uZT7hY6WY8gt1VWTJ3NusebmBWcObl4Bk8WB38kmzuouCONBmb2', '1915091028@evote.com', NULL, NULL, NULL, NULL, NULL, NULL, NULL, 1583723577, 1583902238, 1, NULL, NULL, NULL, NULL, '5e686d53103fa', '2020-03-11 13:17:15', 1, '1'),
(713, '99.99.99.1', 'Ni Putu Regita Pringgandani Prakasa Putri', '$2y$10$FVhj876CEUNpJcb5OrO8n.XkOKRSgpj8h9i2LUOueyGSSzwmkBSrW', '1915091029@evote.com', NULL, NULL, NULL, NULL, NULL, NULL, NULL, 1583723577, 1583903545, 1, NULL, NULL, NULL, NULL, '5e686d55e849a', '2020-03-11 13:17:17', 823, '1'),
(714, '99.99.99.1', 'I Made Kerisna Laksana', '$2y$10$E4IdBQb8q/WGA5ZdqKHccuFncCt9Z1qhlT1rHtoqETCfi3LKtHSVy', '1915091025@evote.com', NULL, NULL, NULL, NULL, NULL, NULL, NULL, 1583723577, 1583911498, 1, NULL, NULL, NULL, NULL, '5e68907fbcf64', '2020-03-11 15:47:19', 823, '1'),
(715, '99.99.99.1', 'Komang Wiweka Premana', '$2y$10$YqnY6AmWlKTeweJBkvN58OsTZX/VoUL7DxypLzoahsRXeUC/HjDNm', '1915091026@evote.com', NULL, NULL, NULL, NULL, NULL, NULL, NULL, 1583723577, 1583904502, 1, NULL, NULL, NULL, NULL, '5e6875982aeb4', '2020-03-11 13:52:32', 823, '1'),
(716, '99.99.99.1', 'Ni Putu Ely Suchahyani', '$2y$10$ftu/qTmCk3vyttwlIVUSweykpd.uM3JmXkD6vbrb8l.BN3o1Rmi1G', '1915091022@evote.com', NULL, NULL, NULL, NULL, NULL, NULL, NULL, 1583723577, 1583910676, 1, NULL, NULL, NULL, NULL, '5e688eaa33ae6', '2020-03-11 15:39:30', 824, '1'),
(717, '99.99.99.1', 'Regina Tatang', '$2y$10$.7h4HXm8xWjTvTGWb8u77elg9yzl8sUVANC0denU67pUPyfXwfRiS', '1915091023@evote.com', NULL, NULL, NULL, NULL, NULL, NULL, NULL, 1583723578, 1583911623, 1, NULL, NULL, NULL, NULL, '5e689254d78a8', '2020-03-11 15:55:08', 826, '1'),
(718, '99.99.99.1', 'Ni Putu Anisa Marta Widyasari', '$2y$10$J36AzDPI5b06zilLkMBJeORtHeAe/F6yjaGzVQlXsROkRfs4fL6gK', '1915091024@evote.com', NULL, NULL, NULL, NULL, NULL, NULL, NULL, 1583723578, 1583901294, 1, NULL, NULL, NULL, NULL, '5e68697e264a8', '2020-03-11 13:00:54', 1, '1'),
(719, '99.99.99.1', 'Ni Putu Yura Regita Cahyani', '$2y$10$Oj1jmXhIfW2xCTbiIslMnuHqoz1WzcAS6DzpWRefK0ibpm.mnvr2u', '1915091019@evote.com', NULL, NULL, NULL, NULL, NULL, NULL, NULL, 1583723578, 1583915280, 1, NULL, NULL, NULL, NULL, '5e68a052ac9aa', '2020-03-11 16:54:50', 823, '1'),
(720, '99.99.99.1', 'Daniel Sihite', NULL, '1915091016@evote.com', NULL, NULL, NULL, NULL, NULL, NULL, NULL, 1583723578, NULL, 1, NULL, NULL, NULL, NULL, NULL, NULL, NULL, NULL),
(721, '99.99.99.1', 'I Gede Wahyu Rudiartha', '$2y$10$6nPhr8yLiVDA/TYrzsoxpO4kYAF9g2YJz2fyHLSyJvruGLtTXKYYG', '1915091017@evote.com', NULL, NULL, NULL, NULL, NULL, NULL, NULL, 1583723578, 1583902044, 1, NULL, NULL, NULL, NULL, '5e686c978bafa', '2020-03-11 13:14:07', 823, '1'),
(722, '99.99.99.1', 'Christopher Fernando Cias', '$2y$10$JufCzubLhTqBgXnPdOIV/.Aozkpd7GbWxXjxO4FrhRX.ZCxEAS3hq', '1915091018@evote.com', NULL, NULL, NULL, NULL, NULL, NULL, NULL, 1583723578, 1583904288, 1, NULL, NULL, NULL, NULL, '5e687501d2b24', '2020-03-11 13:50:01', 823, '1'),
(723, '99.99.99.1', 'I Made Pramana Vijaya', '$2y$10$79jGKq25jd0eELosvMqJUujYwkNb8nT/XA3YcJvmPcHPlwZzFkpoO', '1915091013@evote.com', NULL, NULL, NULL, NULL, NULL, NULL, NULL, 1583723578, 1583905867, 1, NULL, NULL, NULL, NULL, '5e687b23d3b5e', '2020-03-11 14:16:11', 823, '1'),
(724, '99.99.99.1', 'Komang Pramayasa', '$2y$10$Yrqy8d2GA.j9fkTD.HdIj.a0harn/VghSkS/uVMFGFaD//JPNR53e', '1915091014@evote.com', NULL, NULL, NULL, NULL, NULL, NULL, NULL, 1583723578, 1583905770, 1, NULL, NULL, NULL, NULL, '5e687b3756e9b', '2020-03-11 14:16:31', 826, '1'),
(725, '99.99.99.1', 'I Gusti Ngurah Daksa Hardistya', '$2y$10$HXoleFHCLN76/vqZtFxPaex7LPcyH2KSPQ9pd5dicIkGOgI9eDQ5G', '1915091015@evote.com', NULL, NULL, NULL, NULL, NULL, '17f19ea7a2ce535cd062fa13333d060853815c0c', '$2y$10$Lwntk1mHI7f2G4D5VNnSgeMDm.NUgNI0XmdqCr/7nP8x3LlvhR7ly', 1583723578, 1583912658, 1, NULL, NULL, NULL, NULL, '5e6893ebb8768', '2020-03-11 16:01:55', 824, '1'),
(726, '99.99.99.1', 'I Wayan Karma Ganda Putra', NULL, '1915091010@evote.com', NULL, NULL, NULL, NULL, NULL, NULL, NULL, 1583723578, NULL, 1, NULL, NULL, NULL, NULL, NULL, NULL, NULL, NULL),
(727, '99.99.99.1', 'Ni Putu Ari Wahyuni', '$2y$10$VsIxxhzGz1fJzkL9KNZWDeHvpuAcP3ajTPFNEPyy8lEqEGTt.BiBm', '1915091011@evote.com', NULL, NULL, NULL, NULL, NULL, 'a0f9de3930f448b330019f54e8d9e21522c59910', '$2y$10$/pUylrPWGem8I9xyuVGtXOIHeDZDbHgWu8ehuRWtsrrD/uv81aukS', 1583723578, 1583912525, 1, NULL, NULL, NULL, NULL, '5e688ff4b825d', '2020-03-11 15:45:00', 826, '1'),
(728, '99.99.99.1', 'Ni Kadek Dwita Sri Wahyuni', '$2y$10$211cF/CdsaD0/C/rbcJdJutcPxOopIeFxlwP0X4PBoLEHeQx8.hBO', '1915091012@evote.com', NULL, NULL, NULL, NULL, NULL, NULL, NULL, 1583723579, 1583903641, 1, NULL, NULL, NULL, NULL, '5e6872a0498e9', '2020-03-11 13:39:52', 826, '1'),
(729, '99.99.99.1', 'I Gede Anggie Suardika Arpin', '$2y$10$eN00vac6Q8NB4YAeO0wZAO/oBHydCO0EJr2J0allI../PQrppJZ1S', '1915091008@evote.com', NULL, NULL, NULL, NULL, NULL, NULL, NULL, 1583723579, 1583898211, 1, NULL, NULL, NULL, NULL, '5e685dec8d83a', '2020-03-11 12:11:32', 1, '1'),
(730, '99.99.99.1', 'Nyoman Agus Suparsana', '$2y$10$l5GTE/2YmzlXCGsvAcogDeDrHmfYYtOdnC4r9LC7sTvHXbJDwAlIq', '1915091009@evote.com', NULL, NULL, NULL, NULL, NULL, NULL, NULL, 1583723579, 1583901771, 1, NULL, NULL, NULL, NULL, '5e686b91d3911', '2020-03-11 13:09:45', 823, '1'),
(731, '99.99.99.1', 'Komang Yudi Utama', '$2y$10$Yf47WBxF44b4BdvU/t1KkuPrKBN5X6NHEVgf139AO2.bPj5LNMdmm', '1915091006@evote.com', NULL, NULL, NULL, NULL, NULL, '7520b3550553687b07e44f803dbda2cc5666713c', '$2y$10$dGAWVoJcaIs7HuIzxp9mLuWe6SzjXxfPCZXu7H76PxtXDOtlS8I1S', 1583723579, 1583906414, 1, NULL, NULL, NULL, NULL, '5e687bdccf523', '2020-03-11 14:19:16', 1, NULL),
(732, '99.99.99.1', 'Putu Adhi Widhi Natha', NULL, '1915091007@evote.com', NULL, NULL, NULL, NULL, NULL, NULL, NULL, 1583723579, NULL, 1, NULL, NULL, NULL, NULL, NULL, NULL, NULL, NULL),
(733, '99.99.99.1', 'I Gede Agus Sudarmawan', NULL, '1915091004@evote.com', NULL, NULL, NULL, NULL, NULL, NULL, NULL, 1583723579, NULL, 1, NULL, NULL, NULL, NULL, NULL, NULL, NULL, NULL),
(734, '99.99.99.1', 'Abu Rizal Ghodavi Asror', '$2y$10$IBLFVdIQHALR0cWYrptbb.lNk3/1mQEG7uaqSH4ErIVOfqpVWV3xe', '1915091005@evote.com', NULL, NULL, NULL, NULL, NULL, NULL, NULL, 1583723579, 1583906080, 1, NULL, NULL, NULL, NULL, '5e687b57d15fc', '2020-03-11 14:17:03', 823, '1'),
(735, '99.99.99.1', 'Ni Putu Eka Fridayanti', '$2y$10$ds6/xtGXbBTHLP/hIHcdluMLDNlhx9H5D1OpbiAQu.7rlI4dW4m3i', '1915091003@evote.com', NULL, NULL, NULL, NULL, NULL, NULL, NULL, 1583723579, 1583907130, 1, NULL, NULL, NULL, NULL, '5e687cabdc295', '2020-03-11 14:22:43', 826, '1'),
(736, '99.99.99.1', 'Komang Eva Puspita Dewi', '$2y$10$wRXt52o.OwXW8IVyIrOyXu2pDDSpNkESxA4GQ8u6z3Bpdd503XDbC', '1915091001@evote.com', NULL, NULL, NULL, NULL, NULL, '624f34510e62e96a2d963c09572174e61f0ffcfe', '$2y$10$HSw.aC6jWAssnlzRQkT2guWh0wswoIdW0yuyXlAa5LH4SDr.Nvl8e', 1583723579, 1583913411, 1, NULL, NULL, NULL, NULL, '5e6899628fb66', '2020-03-11 16:25:14', 824, '1'),
(737, '99.99.99.1', 'Ni Komang Anggri Anggreni', '$2y$10$g8TzPyy83LLaH75dqQOwnuq8wFVFOsvDx3uR1V9DMu9JYXMpVUQp.', '1915091002@evote.com', NULL, NULL, NULL, NULL, NULL, NULL, NULL, 1583723579, 1583907547, 1, NULL, NULL, NULL, NULL, '5e6881d3b83a7', '2020-03-11 14:44:43', 824, '1'),
(738, '99.99.99.1', 'Gede Andra Ukypayana', '$2y$10$.JZoyKPTrGLgyaEsPUXiIuN4ctM2DemKVL5AWMiHO2SwCEiggteee', '1905021023@evote.com', NULL, NULL, NULL, NULL, NULL, NULL, NULL, 1583723626, 1583901541, 1, NULL, NULL, NULL, NULL, '5e686a89985d2', '2020-03-11 13:05:21', 1, '1'),
(739, '99.99.99.1', 'Made Sri Indra Dulanuarsa', NULL, '1905021022@evote.com', NULL, NULL, NULL, NULL, NULL, NULL, NULL, 1583723626, NULL, 1, NULL, NULL, NULL, NULL, NULL, NULL, NULL, NULL),
(740, '99.99.99.1', 'Made Andika Ary Wiguna', NULL, '1905021021@evote.com', NULL, NULL, NULL, NULL, NULL, NULL, NULL, 1583723626, NULL, 1, NULL, NULL, NULL, NULL, NULL, NULL, NULL, NULL),
(741, '99.99.99.1', 'Yuniar Risty Fauzi', '$2y$10$rH0Qb7G4y6x//lkGAJQQ6urYHhPXA9BFCySDjOmWmvcAMEHTUny5O', '1905021020@evote.com', NULL, NULL, NULL, NULL, NULL, NULL, NULL, 1583723627, 1583911385, 1, NULL, NULL, NULL, NULL, '5e688fba32fe5', '2020-03-11 15:44:02', 823, '1'),
(742, '99.99.99.1', 'Dimas Tirto Hidayat', '$2y$10$j7J3iEY/c182p5WobeAjO.phrLirlnSKitwpdnKC5pSgBEjTiF4x2', '1905021019@evote.com', NULL, NULL, NULL, NULL, NULL, NULL, NULL, 1583723627, NULL, 1, NULL, NULL, NULL, NULL, '5e68818cb10ec', '2020-03-11 14:43:32', 826, NULL),
(743, '99.99.99.1', 'Trisna Sari', '$2y$10$CtzFeQuuv7dcIBIGYiscjeSAQxW4n3Lm.WbUg26NlkHQOmqXxQVi2', '1905021018@evote.com', NULL, NULL, NULL, NULL, NULL, NULL, NULL, 1583723627, 1583911144, 1, NULL, NULL, NULL, NULL, '5e688fbaec184', '2020-03-11 15:44:02', 824, '1'),
(744, '99.99.99.1', 'I Gede Lanang Arya Putra', '$2y$10$5wbBTaiL5c7GxdDZSgOfSOPznekfQgZVhgHvWgIwh67Klgd0ja9lG', '1905021017@evote.com', NULL, NULL, NULL, NULL, NULL, NULL, NULL, 1583723627, 1583901518, 1, NULL, NULL, NULL, NULL, '5e686a4971e49', '2020-03-11 13:04:17', 1, '1'),
(745, '99.99.99.1', 'Putu Krisna Putra', '$2y$10$dk2q.KN.sZ0b2pfm4kSua.PVhHBJ4xSgDMkA7Zon/DURsDLP8Cdr2', '1905021016@evote.com', NULL, NULL, NULL, NULL, NULL, NULL, NULL, 1583723627, 1583904733, 1, NULL, NULL, NULL, NULL, '5e686f3c22154', '2020-03-11 13:25:24', 826, NULL),
(746, '99.99.99.1', 'Dewa Putu Abimanyu', '$2y$10$rnMPmpbyXX5AbHShhVRMkO6PPv30Vbuxs9flFlzuOcwNnaZO6fCm2', '1905021015@evote.com', NULL, NULL, NULL, NULL, NULL, NULL, NULL, 1583723627, 1583905677, 1, NULL, NULL, NULL, NULL, '5e687acf6cdea', '2020-03-11 14:14:47', 823, '1'),
(747, '99.99.99.1', 'Gede Oka Suriantara', NULL, '1905021014@evote.com', NULL, NULL, NULL, NULL, NULL, NULL, NULL, 1583723627, NULL, 1, NULL, NULL, NULL, NULL, NULL, NULL, NULL, NULL),
(748, '99.99.99.1', 'Davit Hidayat', '$2y$10$8Mrmm8KZfLHlxXoN1AHQLuczPpKUaYmmt6LQD7M/qp2Lyyo6H6aeK', '1905021013@evote.com', NULL, NULL, NULL, NULL, NULL, NULL, NULL, 1583723627, 1583905177, 1, NULL, NULL, NULL, NULL, '5e68778d3ea14', '2020-03-11 14:00:53', 826, '1'),
(749, '99.99.99.1', 'Ni Kadek Desiantari', '$2y$10$bEBJK961qD.T.ii5jL3fiucIT/GQZrBzu9X17IHoUyn7uu37AcfH.', '1905021012@evote.com', NULL, NULL, NULL, NULL, NULL, NULL, NULL, 1583723627, 1583906367, 1, NULL, NULL, NULL, NULL, '5e687d93d13cf', '2020-03-11 14:26:35', 826, '1'),
(750, '99.99.99.1', 'Kadek Candra Ulihantari', '$2y$10$GyZukV5ogKKAp.7Mt38sEOPe8dPnE.Ywcc/H/wHtF4H2RRc5PN.Fa', '1905021011@evote.com', NULL, NULL, NULL, NULL, NULL, NULL, NULL, 1583723627, 1583907147, 1, NULL, NULL, NULL, NULL, '5e6882765307a', '2020-03-11 14:47:26', 826, '1'),
(751, '99.99.99.1', 'Kadek Rama Sanjaya', '$2y$10$FAwJpq/qubFVpd.a5c4wueav1oFyJz8hw9138pAJYvDm7UTysd8Ha', '1905021010@evote.com', NULL, NULL, NULL, NULL, NULL, NULL, NULL, 1583723627, 1583900880, 1, NULL, NULL, NULL, NULL, '5e6866cb8c1b0', '2020-03-11 12:49:23', 1, '1'),
(752, '99.99.99.1', 'I Gusti Putu Aditya Permadi', '$2y$10$gnKc70MxknrQaiqCWxC1AeHGW6OuVhU9WctACjz/2OVEBhZRMNNkO', '1905021009@evote.com', NULL, NULL, NULL, NULL, NULL, NULL, NULL, 1583723628, 1583911343, 1, NULL, NULL, NULL, NULL, '5e689013986fd', '2020-03-11 15:45:31', 823, '1'),
(753, '99.99.99.1', 'Komang Sai Satyanata', '$2y$10$RFKWgcMkD9rOfDyaPHB8g.fr.gJox.qg3RpkJ7lnUw0MbYzmGbXF2', '1905021008@evote.com', NULL, NULL, NULL, NULL, NULL, NULL, NULL, 1583723628, 1583905017, 1, NULL, NULL, NULL, NULL, '5e687788767ec', '2020-03-11 14:00:48', 823, '1'),
(754, '99.99.99.1', 'Made Anantha Yoga', '$2y$10$4mNA5Yg6MJSoQfrqiK41..dGGfvArwWkF7D8qrkuV3CwVELgcgkLW', '1905021007@evote.com', NULL, NULL, NULL, NULL, NULL, '2959f4f1be12caa0f110faf7838d9494ec692093', '$2y$10$EjjGTL8saqdW5FDExs2kN.fOdIln/NsBXdDYZQ.LB93QA1LSLJeRm', 1583723628, 1583906419, 1, NULL, NULL, NULL, NULL, '5e687774c8ea2', '2020-03-11 14:00:28', 826, '1'),
(755, '99.99.99.1', 'Rizky Indrawan Purwanto', '$2y$10$voxWfP5zVEoXxvFCKzF2M.zTpMmDZp7n0lzhlFVD9Mk2uAsgjALjS', '1905021006@evote.com', NULL, NULL, NULL, NULL, NULL, NULL, NULL, 1583723628, 1583905145, 1, NULL, NULL, NULL, NULL, '5e6872820d5b9', '2020-03-11 13:39:22', 826, NULL),
(756, '99.99.99.1', 'Made Angga Wahyu Darsana', '$2y$10$yxOztkw4aak6XfRBGhvKpOKmvXsQz59dGfEUnQSJ1BDP4mbhJ9d2i', '1905021005@evote.com', NULL, NULL, NULL, NULL, NULL, '9cc57bf78988cbbe5e05fd83654613a0f6cadea8', '$2y$10$6ImMG0a3uEUU27L4WSpEOe2jn2NouRW4QIz.HAyGelNMRRHpH/1.6', 1583723628, 1583906791, 1, NULL, NULL, NULL, NULL, '5e687d2d40794', '2020-03-11 14:24:53', 826, '1'),
(757, '99.99.99.1', 'Najah Ghina Nur Hanifah', '$2y$10$Hh8vyqvHn3ktTF4rnwURcu5zK1swudK.Ux3kBI8MlR.IjtCOXJtLS', '1905021004@evote.com', NULL, NULL, NULL, NULL, NULL, NULL, NULL, 1583723628, 1583903866, 1, NULL, NULL, NULL, NULL, '5e68701474abe', '2020-03-11 13:29:00', 826, '1'),
(758, '99.99.99.1', 'Gusti Ngurah Mahayasa', '$2y$10$oDW8ctkB3uiV0GPd351vgujfleKMsHfv1A1jijGCzDx0R6SeR1HTi', '1905021003@evote.com', NULL, NULL, NULL, NULL, NULL, NULL, NULL, 1583723628, 1583905611, 1, NULL, NULL, NULL, NULL, '5e687ab188665', '2020-03-11 14:14:17', 1, '1'),
(759, '99.99.99.1', 'Galang Wijaya Dewan Putra', '$2y$10$chZ7q0jTjpDsvnn9fJMO0eREP57rUomU3AUe0cqT8JqkZw4r4P4Y2', '1905021002@evote.com', NULL, NULL, NULL, NULL, NULL, NULL, NULL, 1583723628, 1583905617, 1, NULL, NULL, NULL, NULL, '5e687a8e168e9', '2020-03-11 14:13:42', 823, '1'),
(760, '99.99.99.1', 'Putu Andi Suartika', '$2y$10$0KavMyfvuKxEut1jZjmw0.WIjtwn0aLz3x/UVs9ptPoA9mLOypO0W', '1905021001@evote.com', NULL, NULL, NULL, NULL, NULL, NULL, NULL, 1583723628, 1583906838, 1, NULL, NULL, NULL, NULL, '5e687d897e23f', '2020-03-11 14:26:25', 823, '1'),
(761, '99.99.99.1', 'Kadek Satria Kurniawan', NULL, '1915101058@evote.com', NULL, NULL, NULL, NULL, NULL, NULL, NULL, 1583723665, NULL, 1, NULL, NULL, NULL, NULL, NULL, NULL, NULL, NULL),
(762, '99.99.99.1', 'Komang Widi Sastra Ady Sadina', NULL, '1915101059@evote.com', NULL, NULL, NULL, NULL, NULL, NULL, NULL, 1583723665, NULL, 1, NULL, NULL, NULL, NULL, NULL, NULL, NULL, NULL),
(763, '99.99.99.1', 'Sukri', NULL, '1915101060@evote.com', NULL, NULL, NULL, NULL, NULL, NULL, NULL, 1583723665, NULL, 1, NULL, NULL, NULL, NULL, NULL, NULL, NULL, NULL),
(764, '99.99.99.1', 'Gede Marta Hartawan', '$2y$10$uwi1rPkhWH8QI3PID6sA1OWoBU.WmCE91dB7BzHa5V4eLyMNlQuLm', '1915101056@evote.com', NULL, NULL, NULL, NULL, NULL, NULL, NULL, 1583723665, 1583911788, 1, NULL, NULL, NULL, NULL, '5e6892101f3e7', '2020-03-11 15:54:00', 826, '1'),
(765, '99.99.99.1', 'I Ketut Adi Wiratama', '$2y$10$JiTYut45yXFVzAwC4gMK/ePwvc.nEV3oWafwbjiazDzCDLqDztuMK', '1915101057@evote.com', NULL, NULL, NULL, NULL, NULL, NULL, NULL, 1583723665, 1583911213, 1, NULL, NULL, NULL, NULL, '5e68906f3bf19', '2020-03-11 15:47:03', 826, '1'),
(766, '99.99.99.1', 'Ketut Edi Narendra', '$2y$10$jbRBrlIDb/6vPbDUbUWTGuOM8jdHAk4PQ1JqpQToZZ6qZGDklPkGm', '1915101053@evote.com', NULL, NULL, NULL, NULL, NULL, NULL, NULL, 1583723666, 1583916160, 1, NULL, NULL, NULL, NULL, '5e68a3b8191a4', '2020-03-11 17:09:20', 826, '1'),
(767, '99.99.99.1', 'Kd Ari Awatara Virsa Meitriyanti', '$2y$10$blaRCsXUaaKZMxBBkh8Emus0IGlnRJsglv5gtpP1hvIdm10gF6/d2', '1915101054@evote.com', NULL, NULL, NULL, NULL, NULL, NULL, NULL, 1583723666, 1583905715, 1, NULL, NULL, NULL, NULL, '5e686b07d44ec', '2020-03-11 13:07:27', 1, NULL),
(768, '99.99.99.1', 'Luh Putu Ayu Chandra Dewi', '$2y$10$6JKV3A/4MwmA5y3ntmU.hOS4c3QV18NS1p6Wi3F3zmn3SA70niJbS', '1915101055@evote.com', NULL, NULL, NULL, NULL, NULL, NULL, NULL, 1583723666, 1583913513, 1, NULL, NULL, NULL, NULL, '5e6899e054312', '2020-03-11 16:27:20', 824, '1'),
(769, '99.99.99.1', 'Ni Luh Putu Yuliawati', '$2y$10$fyDfvs3SaGon4R7eWHQ/F.I6dNbO8M6pD701S4acuVSOsCMYiQexu', '1915101051@evote.com', NULL, NULL, NULL, NULL, NULL, '6bb65faa259e2970d6790ae9e6767f74cb642e20', '$2y$10$qH3TfsPuGtTyJW.TO10YFutf.FLdKXFgm5nuiFfMBLMBBmb9eX6N2', 1583723666, 1583916951, 1, NULL, NULL, NULL, NULL, '5e68a0d7d2e90', '2020-03-11 16:57:03', 824, NULL),
(770, '99.99.99.1', 'Ni Luh Risma Pradnyadari', '$2y$10$7B2vdhcU4sA9uMewlUFnhOrrXU2Fyjsm2vfURLsfkohoHjYGsBHti', '1915101052@evote.com', NULL, NULL, NULL, NULL, NULL, NULL, NULL, 1583723666, 1583917795, 1, NULL, NULL, NULL, NULL, '5e686ad3e0f6b', '2020-03-11 13:06:35', 1, NULL),
(771, '99.99.99.1', 'I Kadek Riski Septiawan', '$2y$10$mNXu9cVevj8envZ.AxvDmu.Apa1N4y76oLAwGMjGIvxMxe0a7LOOu', '1915101049@evote.com', NULL, NULL, NULL, NULL, NULL, NULL, NULL, 1583723666, 1583904463, 1, NULL, NULL, NULL, NULL, '5e6875997d7a2', '2020-03-11 13:52:33', 1, '1'),
(772, '99.99.99.1', 'Kadek Widhi Cahaya Dinata', '$2y$10$e1amf3PkqPbM4hHU5UeSiOOpu7G9uIRQvFTIDk4Cxg/71Ybz0U0/K', '1915101050@evote.com', NULL, NULL, NULL, NULL, NULL, NULL, NULL, 1583723666, 1583913269, 1, NULL, NULL, NULL, NULL, '5e6897f22b074', '2020-03-11 16:19:06', 824, '1'),
(773, '99.99.99.1', 'Putu Bagus Angga Darmawan', '$2y$10$BSYHcrRfkghLe7ZcM4qu9u1WeYi/25LVEXgZdBzEWkbaE12RwFkj2', '1915101048@evote.com', NULL, NULL, NULL, NULL, NULL, 'c8ef2affe72bdceac10646dc23b43fae7e02ae02', '$2y$10$aMArRq4V7pEDRNhNIrqW4.EMVSbCZ75ywLERAxxvD5PGM3mjb0Hde', 1583723666, 1583916025, 1, NULL, NULL, NULL, NULL, '5e68a39882db6', '2020-03-11 17:08:48', 826, '1'),
(774, '99.99.99.1', 'Muhammad Daffa Febrian', '$2y$10$nEzcadb0aZ5PWPfb4L8x5eq3hcBLcaHal3bPNq23FeaAUNkab.1RS', '1915101045@evote.com', NULL, NULL, NULL, NULL, NULL, NULL, NULL, 1583723666, 1583904951, 1, NULL, NULL, NULL, NULL, '5e6874ed544cf', '2020-03-11 13:49:41', 826, '1'),
(775, '99.99.99.1', 'I Nyoman Putra Yoga', NULL, '1915101046@evote.com', NULL, NULL, NULL, NULL, NULL, NULL, NULL, 1583723666, NULL, 1, NULL, NULL, NULL, NULL, NULL, NULL, NULL, NULL),
(776, '99.99.99.1', 'K. Arista Arya Dwijaya', '$2y$10$HdvWBeFa2exfgs4b6PHwEuz/t.R9/C6Pu8Lf2TI/BQO76b3j8Gj7.', '1915101047@evote.com', NULL, NULL, NULL, NULL, NULL, NULL, NULL, 1583723667, 1583909687, 1, NULL, NULL, NULL, NULL, '5e689a011b99e', '2020-03-11 16:27:53', 826, '1'),
(777, '99.99.99.1', 'Nyoman Aditya Wiradarma', '$2y$10$t.bjqIDfeC0Tda7.PSrEc.yYTJuHe6flt/ZSxHHP45kwIdb5cncNu', '1915101042@evote.com', NULL, NULL, NULL, NULL, NULL, '0eaa21f3feef00c4fab99699c1e087fc71d47ea7', '$2y$10$39UCcxnGtBiK619VSpv5Me5BOU044Q0aDvFoJr6FPDV/ux8GH5KZu', 1583723667, 1583904724, 1, NULL, NULL, NULL, NULL, '5e6870d7c7d4a', '2020-03-11 13:32:15', 823, '1'),
(778, '99.99.99.1', 'Putu Indah Sri Puspadewi', '$2y$10$/frUNX08uYEFVMUs3R72N.xrheouwrF35Ho8vIb4F9.AKSZYAtQYC', '1915101043@evote.com', NULL, NULL, NULL, NULL, NULL, NULL, NULL, 1583723667, 1583905898, 1, NULL, NULL, NULL, NULL, '5e687b0cb1378', '2020-03-11 14:15:48', 826, '1'),
(779, '99.99.99.1', 'Ni Ketut Deni Julia Marlina', '$2y$10$drmebcZSymscsI3qE/sUDO1VZhEhOkyToLpghsBh6CybN2mwfADfm', '1915101044@evote.com', NULL, NULL, NULL, NULL, NULL, NULL, NULL, 1583723667, 1583912567, 1, NULL, NULL, NULL, NULL, '5e6893429b7d6', '2020-03-11 15:59:06', 826, '1'),
(780, '99.99.99.1', 'I Gusti Agung Putu Bagus Satria Wicaksana', '$2y$10$MtUqrcqNrapVJMQ9/Rk4gOecy2nO9Bdp6lis.hz0cfOkay0KidJ5K', '1915101039@evote.com', NULL, NULL, NULL, NULL, NULL, NULL, NULL, 1583723667, 1583912223, 1, NULL, NULL, NULL, NULL, '5e688f407f305', '2020-03-11 15:42:00', 826, '1'),
(781, '99.99.99.1', 'I Gusti Ngurah Surya Ardika Dinataputra', '$2y$10$mQHV.SKLZaOzyNYDJMmpmeoOFs/fI8XN7SMizKC3e1hnKwF.aSxiW', '1915101040@evote.com', NULL, NULL, NULL, NULL, NULL, '4fe7333f3ae6282db87742fc7da3a4e2cd687e6a', '$2y$10$hm93DCA.llQZ2zy2xidhvOggAxRQICe77r9JlFnfnDEz7CITOSOHe', 1583723667, 1583913495, 1, NULL, NULL, NULL, NULL, '5e6898e1b933a', '2020-03-11 16:23:05', 823, '1'),
(782, '99.99.99.1', 'Junaidi', NULL, '1915101041@evote.com', NULL, NULL, NULL, NULL, NULL, NULL, NULL, 1583723667, NULL, 1, NULL, NULL, NULL, NULL, NULL, NULL, NULL, NULL),
(783, '99.99.99.1', 'I Gede Made Deny Surya Gunawan', '$2y$10$bcXLD7rT18RWM5VUmRrJ1Oyb9JVvtycnWC8mIsnmBBdpk4gIDL9Lq', '1915101037@evote.com', NULL, NULL, NULL, NULL, NULL, '12220521dfb138f2866d4929d14a93604741da84', '$2y$10$BI5dhfgR3uZUMMN1Qc4uo.tMxsxs9BwJDO2Vp1ryWyXSjJllWb0gG', 1583723667, 1583910766, 1, NULL, NULL, NULL, NULL, '5e688e26b2786', '2020-03-11 15:37:18', 826, '1'),
(784, '99.99.99.1', 'Eko Wahyu Prastiyo Lathif', NULL, '1915101038@evote.com', NULL, NULL, NULL, NULL, NULL, NULL, NULL, 1583723667, NULL, 1, NULL, NULL, NULL, NULL, NULL, NULL, NULL, NULL),
(785, '99.99.99.1', 'Luh Nintya Mahayani', '$2y$10$gKSf5TnsbXC4qQZBhicwhOLGGIThlGTd44XPeBgujNTF74yU.nIUC', '1915101034@evote.com', NULL, NULL, NULL, NULL, NULL, NULL, NULL, 1583723667, 1583913559, 1, NULL, NULL, NULL, NULL, '5e689a305078d', '2020-03-11 16:28:40', 824, '1'),
(786, '99.99.99.1', 'I Gede Putu Dinanda Putra Pratama', '$2y$10$GNM7GHO8Z7lr7hsSUBL5puVYotkqQNW5UpWxK2WgQX04bj.5LQyJq', '1915101035@evote.com', NULL, NULL, NULL, NULL, NULL, NULL, NULL, 1583723668, 1583907368, 1, NULL, NULL, NULL, NULL, '5e6881e045f9e', '2020-03-11 14:44:56', 826, '1'),
(787, '99.99.99.1', 'Kadek Suka Astawa', '$2y$10$T.Mt6gGZM92lEg9udhzdiOR/LSl4Ym3FSQ2bCyu1ahiFklJ4qi6qG', '1915101036@evote.com', NULL, NULL, NULL, NULL, NULL, NULL, NULL, 1583723668, 1583911265, 1, NULL, NULL, NULL, NULL, '5e688f720d49a', '2020-03-11 15:42:50', 826, '1'),
(788, '99.99.99.1', 'Farhan Yazid Lahji', NULL, '1915101031@evote.com', NULL, NULL, NULL, NULL, NULL, NULL, NULL, 1583723668, NULL, 1, NULL, NULL, NULL, NULL, NULL, NULL, NULL, NULL),
(789, '99.99.99.1', 'Ainan Fajar Fatcha', NULL, '1915101032@evote.com', NULL, NULL, NULL, NULL, NULL, NULL, NULL, 1583723668, NULL, 1, NULL, NULL, NULL, NULL, NULL, NULL, NULL, NULL),
(790, '99.99.99.1', 'Kadek Utari Darma Putri', '$2y$10$5elX9aMSDXnM1pWMs0/VpO0CR4BAVAQ/Ss3tb2iquXozRBS/Z7D2S', '1915101033@evote.com', NULL, NULL, NULL, NULL, NULL, NULL, NULL, 1583723668, 1583912642, 1, NULL, NULL, NULL, NULL, '5e689325dc826', '2020-03-11 15:58:37', 826, '1'),
(791, '99.99.99.1', 'Komang Dika Priyatna', '$2y$10$p.TjXpxQeVfQb.2kbjMTk.JA09SWZse8vyUK/GxyDgzBSryvVCNgS', '1915101028@evote.com', NULL, NULL, NULL, NULL, NULL, NULL, NULL, 1583723668, 1583901970, 1, NULL, NULL, NULL, NULL, '5e686c6bbe853', '2020-03-11 13:13:23', 823, '1'),
(792, '99.99.99.1', 'Putu Andika Eka Putra', '$2y$10$dm8p4TomFMk6NkRVbuGs/uIHlax978m7BxU45HN7K25tfwJkHdbZ6', '1915101029@evote.com', NULL, NULL, NULL, NULL, NULL, NULL, NULL, 1583723668, 1583899451, 1, NULL, NULL, NULL, NULL, '5e685f98af3df', '2020-03-11 12:18:40', 1, '1'),
(793, '99.99.99.1', 'Anisza Asmara Kelana', '$2y$10$bFAq5I74cWyJRKtIPOEaU.zEuFCMNsXZo.ASKsEf5K9IX004C.k/q', '1915101030@evote.com', NULL, NULL, NULL, NULL, NULL, NULL, NULL, 1583723668, 1583912296, 1, NULL, NULL, NULL, NULL, '5e689541a003d', '2020-03-11 16:07:37', 824, '1'),
(794, '99.99.99.1', 'Ngakan Made Krisna Sedana', '$2y$10$7SWVJaFPA4RnP3dF4HyUau34Ql9ige9iK.O/L2w7OHd51gj16.DS.', '1915101025@evote.com', NULL, NULL, NULL, NULL, NULL, '2e89d45b41ffa6a0c69bbc6683a6d9bf8a7f99aa', '$2y$10$IqqY3RRPKttAPJRnXo7N6uQzxPq8BMEyIOgkOQkPHAPOLgJMW1udC', 1583723668, 1584077179, 1, NULL, NULL, NULL, NULL, '5e687c1d7799a', '2020-03-11 14:20:21', 826, '1'),
(795, '99.99.99.1', 'Meirlianah Nurita Sari M', '$2y$10$TdTsKui9ZuiEn9VOGk0nIOqZVBL2diylfYc3Iuo5sj4XO3Neff7Ou', '1915101026@evote.com', NULL, NULL, NULL, NULL, NULL, '78f3ce55df5bca1d16f14c61e29d48a213ac0e45', '$2y$10$bbopu6eVvaqywOx1VQVmHehehUoyJFv2VIf.K19Ah6Hyluu2jUVxe', 1583723669, 1583912211, 1, NULL, NULL, NULL, NULL, '5e6894b2eba9c', '2020-03-11 16:05:14', 824, '1'),
(796, '99.99.99.1', 'Nyoman Gotama Bagus Kusuma', '$2y$10$D.gC5C1/HjNjkQrPJ0a7G.gL5/EJHqYp.dsd1txHSzdwGyd0h/xT2', '1915101027@evote.com', NULL, NULL, NULL, NULL, NULL, NULL, NULL, 1583723669, 1583903027, 1, NULL, NULL, NULL, NULL, '5e68709f11ab8', '2020-03-11 13:31:19', 826, '1'),
(797, '99.99.99.1', 'Andi Muh. Richvan Junaid', '$2y$10$1W//jQIQnAlGuEAQUmkkwOHxLpBTjIqeH1enFazJEtapPHMF09qIK', '1915101022@evote.com', NULL, NULL, NULL, NULL, NULL, NULL, NULL, 1583723669, 1583920187, 1, NULL, NULL, NULL, NULL, '5e6892fc4470c', '2020-03-11 15:57:56', 826, NULL),
(798, '99.99.99.1', 'Ign. Anggara Surya Dharma', '$2y$10$Etx6PeMS9XUtCWm0jFU6VOdUS7Y7L8VTzjzaJARRls0Ot9sT1koS.', '1915101023@evote.com', NULL, NULL, NULL, NULL, NULL, NULL, NULL, 1583723669, 1583914875, 1, NULL, NULL, NULL, NULL, '5e689daa0bc39', '2020-03-11 16:43:30', 824, '1'),
(799, '99.99.99.1', 'Ida Bagus Rai Kusuma Negara', '$2y$10$27XH.DJZA7thN7b8Tp159.NdI8/tBi4NeuQr2/VM6C0Gt7GG9Z0Nm', '1915101024@evote.com', NULL, NULL, NULL, NULL, NULL, NULL, NULL, 1583723669, 1583908870, 1, NULL, NULL, NULL, NULL, '5e6867051ac20', '2020-03-11 12:50:21', 1, '1'),
(800, '99.99.99.1', 'I Gusti Agung Bajrajnana', '$2y$10$8nKZkccnRHtoSbms9zfP5uVj.Apb9qwpMtK4MXYeP0bixREG.BkUS', '1915101020@evote.com', NULL, NULL, NULL, NULL, NULL, NULL, NULL, 1583723669, 1583910715, 1, NULL, NULL, NULL, NULL, '5e688e0a3336e', '2020-03-11 15:36:50', 826, '1'),
(801, '99.99.99.1', 'Ilyas Hidayat Rusdy', '$2y$10$yb5DLa5rzzNXQa.zlgmE1./NGj0NeQvcq4tbpy1cKrtavRNRj7mVu', '1915101021@evote.com', NULL, NULL, NULL, NULL, NULL, NULL, NULL, 1583723669, 1583907071, 1, NULL, NULL, NULL, NULL, '5e687cda3bbaf', '2020-03-11 14:23:30', 823, '1'),
(802, '99.99.99.1', 'Dewa Komang Febriana Yogeswara', '$2y$10$yZmsedq6nBQrc1EkHekjCO/WgMiestgxc/phZSR1XUHVMPQTh5PuS', '1915101019@evote.com', NULL, NULL, NULL, NULL, NULL, NULL, NULL, 1583723669, NULL, 1, NULL, NULL, NULL, NULL, '5e68a958a133f', '2020-03-11 17:33:20', 826, NULL),
(803, '99.99.99.1', 'Gede Agus Sutarmawan', '$2y$10$PX/0Z80BAfBmc.Va9pvvbuFf7GN/Ofn6rzd9QBVBfQKpRkaNw.E7G', '1915101016@evote.com', NULL, NULL, NULL, NULL, NULL, NULL, NULL, 1583723669, 1583902372, 1, NULL, NULL, NULL, NULL, '5e686dde72679', '2020-03-11 13:19:34', 826, '1'),
(804, '99.99.99.1', 'I Putu Soma Darmayasa', '$2y$10$LC97YXjYMZjfJPtXAxsbQ.SBC2itgJRyko.oo5Rd20YUs/S4yt6U6', '1915101017@evote.com', NULL, NULL, NULL, NULL, NULL, 'b3b6fb4e28b544ece94b5351dc728ada242086b5', '$2y$10$2y6BvwcYIgKAGvdBbqFRB./noRmLW6E7pqMSGPNm72rZ/uuM8Twqq', 1583723669, 1583906070, 1, NULL, NULL, NULL, NULL, '5e687c37afd7e', '2020-03-11 14:20:47', 826, '1'),
(805, '99.99.99.1', 'Baiq Wilda Al Aluf', NULL, '1915101018@evote.com', NULL, NULL, NULL, NULL, NULL, NULL, NULL, 1583723670, NULL, 1, NULL, NULL, NULL, NULL, NULL, NULL, NULL, NULL),
(806, '99.99.99.1', 'Ketut Wawan Arimbawa', '$2y$10$R5oyTf0JqTYKWMl8ebSYIelyZ2ZYN0iPr3EPhiaR/kaXsORW4Fcbq', '1915101015@evote.com', NULL, NULL, NULL, NULL, NULL, NULL, NULL, 1583723670, 1583906336, 1, NULL, NULL, NULL, NULL, '5e687d4c9330d', '2020-03-11 14:25:24', 826, '1'),
(807, '99.99.99.1', 'Jhonespry Elia Brayen Meliala', '$2y$10$KFbInjP7xlXhnWgX8arFAuhr6PvDAxw5X7.3EOVhYXqJeTwn6kWSO', '1915101001@evote.com', NULL, NULL, NULL, NULL, NULL, NULL, NULL, 1583723670, 1583908609, 1, NULL, NULL, NULL, NULL, '5e6883bbe5544', '2020-03-11 14:52:51', 826, '1'),
(808, '99.99.99.1', 'Gede Beny Indrawan', '$2y$10$2Srjpkov/vT3aE9ohZyWnuelySr1VhAH/LLwU802JEyfQ8FSIDOeK', '1915101002@evote.com', NULL, NULL, NULL, NULL, NULL, NULL, NULL, 1583723670, 1583903971, 1, NULL, NULL, NULL, NULL, '5e686f37ce65a', '2020-03-11 13:25:19', 823, '1'),
(809, '99.99.99.1', 'Syah Dewa Rengga Pratama', '$2y$10$k8ePRqE6pSxYBpkkcBJm5OXSCc5gHDiFpam1rIxZTaGCJ5SEePfXu', '1915101003@evote.com', NULL, NULL, NULL, NULL, NULL, NULL, NULL, 1583723670, 1583907853, 1, NULL, NULL, NULL, NULL, '5e68839704f7e', '2020-03-11 14:52:15', 826, '1'),
(810, '99.99.99.1', 'Dwi Prima Handayani Putri', '$2y$10$p2ofPvTgoQPcHjAhmvmDi.ztUETESXlm7bnzeoFw9dKsTy5eCR/OC', '1915101012@evote.com', NULL, NULL, NULL, NULL, NULL, NULL, NULL, 1583723670, 1583910849, 1, NULL, NULL, NULL, NULL, '5e688e6396060', '2020-03-11 15:38:19', 826, '1'),
(811, '99.99.99.1', 'I Kadek Diksa Sukmadinata', '$2y$10$Cm/kIT7AcdY0CHu.qQ4mpOHsJXuOI4UL8D87hZUGezG6NpE3xW7kS', '1915101013@evote.com', NULL, NULL, NULL, NULL, NULL, NULL, NULL, 1583723670, 1583910430, 1, NULL, NULL, NULL, NULL, '5e688b30475d0', '2020-03-11 15:24:40', 826, '1'),
(812, '99.99.99.1', 'Putu Gede Wisma Yoga', '$2y$10$Pb/KxY88Sh1sJ4Av7MouP.u6yS197SCHcEMiDNly8pz0729lsYNlS', '1915101014@evote.com', NULL, NULL, NULL, NULL, NULL, 'f8449fd94748a7f5eccdab90e909fd1d2e0dcc6d', '$2y$10$e7/fV9xz42YwTYumhNnlr.pvUko9mv/b2.vPbndF9susY0ynNfTBy', 1583723670, 1583898750, 1, NULL, NULL, NULL, NULL, '5e685fd63f32d', '2020-03-11 12:19:42', 1, '1'),
(813, '99.99.99.1', 'Gusti Ayu Gita Mulya Sari', '$2y$10$B00mLeKqZmI3OMycX0JIp.8WxzHcoseMlrfEP0HkbrfZunQqYR6Sm', '1915101011@evote.com', NULL, NULL, NULL, NULL, NULL, NULL, NULL, 1583723670, 1583910646, 1, NULL, NULL, NULL, NULL, '5e688e47f1092', '2020-03-11 15:37:51', 826, '1'),
(814, '99.99.99.1', 'Ni Luh Putu Risma Dewi', '$2y$10$DkbGFrk2L2IFYyeCNlkcRulrl0vAhs7N.HyrdNfuL1eSxmM6ArgSO', '1915101008@evote.com', NULL, NULL, NULL, NULL, NULL, NULL, NULL, 1583723670, 1583902962, 1, NULL, NULL, NULL, NULL, '5e686eec4732a', '2020-03-11 13:24:04', 826, '1'),
(815, '99.99.99.1', 'Eugene', '$2y$10$iw94rIY3whNCJcQnUfA8ZO7hJgCFgRNJIhEDjRC7X6L2H3ByyZxrK', '1915101009@evote.com', NULL, NULL, NULL, NULL, NULL, NULL, NULL, 1583723671, 1583902794, 1, NULL, NULL, NULL, NULL, '5e68702f9f54d', '2020-03-11 13:29:27', 826, '1'),
(816, '99.99.99.1', 'Nurqomariah Azzahra', '$2y$10$EV.pxPfT2dC1XMMLhay1.uTI1De04a95Uc5oLNp34donCaMKgTVhG', '1915101010@evote.com', NULL, NULL, NULL, NULL, NULL, '64b743309fae7a13391eb00d8db3ebed02a34525', '$2y$10$0jfaO4SgNTP.IWl70iHbzupikM.6fcNAw0LZBhxl32Kj.R1.kbYv2', 1583723671, 1583917278, 1, NULL, NULL, NULL, NULL, '5e68a793a6118', '2020-03-11 17:25:47', 826, '1'),
(819, '99.99.99.1', 'Sigit Aris Mahendra Putra', NULL, '1915101004@evote.com', NULL, NULL, NULL, NULL, NULL, NULL, NULL, 1583723920, NULL, 1, NULL, NULL, NULL, NULL, NULL, NULL, NULL, NULL),
(820, '99.99.99.1', 'Pande Made Sindu Ardinata', '$2y$10$YGdyXVxNyXyatEc8pC7u0uy.0fZ0lbp5AqcrrxPMeE6eT69vcEbz.', '1915101005@evote.com', NULL, NULL, NULL, NULL, NULL, NULL, NULL, 1583723921, 1583904378, 1, NULL, NULL, NULL, NULL, '5e68749122a81', '2020-03-11 13:48:09', 826, '1'),
(821, '99.99.99.1', 'Clara Regina Br Tarigan', '$2y$10$ul0WZ7S7Po6XR8Z3YV2S/O6H1cN3QqK3oieFrgfT6uy7e7OKReTQ.', '1915101006@evote.com', NULL, NULL, NULL, NULL, NULL, NULL, NULL, 1583723921, 1583917135, 1, NULL, NULL, NULL, NULL, '5e68a7a86d898', '2020-03-11 17:26:08', 824, '1'),
(822, '99.99.99.1', 'Ketut Gede Subiksa', '$2y$10$K..WUsa5aLZIutIg/ADNyOFOGexUsfN0fNwrgPLbx.IfXz6Jjo08u', '1915101007@evote.com', NULL, NULL, NULL, NULL, NULL, NULL, NULL, 1583723921, 1583898517, 1, NULL, NULL, NULL, NULL, '5e685f026e1a6', '2020-03-11 12:16:10', 1, '1'),
(823, '99.99.99.1', '[admin] Fingky Agustin', '$2y$12$sOsT3ETThfcMK0b3sljE0.E3SxQ5RknTb8/lfVTsbjjJhJi7LUH1m', 'fingkyagustin@admin.com', NULL, NULL, NULL, NULL, NULL, NULL, NULL, 1583820914, 1583906980, 1, 'Fingky', 'Agustin', 'ADMIN', '0', NULL, NULL, NULL, NULL),
(824, '99.99.99.1', '[admin] Ni Komang Anggri Anggreni', '$2y$12$1JNv4hr8tZvfRxkikq9NiO/6NTd3z9PdYpaYUv4/AxBZSTshfN1hy', 'anggrianggreni@admin.com', NULL, NULL, NULL, NULL, NULL, NULL, NULL, 1583821066, 1583906568, 1, 'Ni Komang', 'Anggri Anggreni', 'ADMIN', '0', NULL, NULL, NULL, NULL),
(825, '99.99.99.1', '[admin] Puja Sasmita', '$2y$12$bAo.o3hxBqF1T2WkIDqAz.Zljayo9H047ymwp5UmyBeXOsKo1Chaq', 'pujasasmita@admin.com', NULL, NULL, NULL, NULL, NULL, NULL, NULL, 1583821178, 1583821435, 1, 'Ni Luh', 'Puja Sasmita', 'ADMIN', '0', NULL, NULL, NULL, NULL),
(826, '103.76.173.199', '[admin] Eugene', '$2y$12$lSBWKlqeRs30hYhLZMaCUexmCzz.EtWdlbY4B40b.ALW2Ux1rk8yK', 'eugene@admin.com', NULL, NULL, NULL, NULL, NULL, NULL, NULL, 1583896706, 1583897187, 1, 'Eugene', '_', 'ADMIN', '0', NULL, NULL, NULL, NULL);
INSERT INTO `users` (`id`, `ip_address`, `username`, `password`, `email`, `activation_selector`, `activation_code`, `forgotten_password_selector`, `forgotten_password_code`, `forgotten_password_time`, `remember_selector`, `remember_code`, `created_on`, `last_login`, `active`, `first_name`, `last_name`, `company`, `phone`, `token_pemilihan`, `token_valid_until`, `handle_by_admin`, `has_voting`) VALUES
(827, '103.76.173.199', 'Acep Taufik Hidayat', '$2y$10$qJMDNKlJKz2/O3cqxpYJrOHlAsGPdylTDqBg7ESjSTYRZHvkNlLzq', '1915051031@evote.com', NULL, NULL, NULL, NULL, NULL, NULL, NULL, 1583899270, 1583899591, 1, NULL, NULL, NULL, NULL, '5e6862cf851ff', '2020-03-11 12:32:23', 1, '1'),
(828, '103.76.173.199', 'Made Edi Irawan', '$2y$10$Ddais2RQywqpo7wRcZcDAusR97Ei8zn.Zfeq6yE3OX1BkdAHStguK', '1915051066@evote.com', NULL, NULL, NULL, NULL, NULL, NULL, NULL, 1583899446, 1583899820, 1, NULL, NULL, NULL, NULL, '5e6863427dc07', '2020-03-11 12:34:18', 1, '1'),
(829, '103.76.173.199', 'Anugerah Ashary Samaila', '$2y$10$jbV9AU2p9pZEV02gel0eIeLo6XD/bvtFSMuhX3FQXdgg953y48R2a', '1915051078@evote.com', NULL, NULL, NULL, NULL, NULL, 'd42a9af553fb3f2c8b74c41a7e786a58bdc1a24e', '$2y$10$/igzWfRV8a2NFZByF/G48uxjcbfo9E59TnnhhKPSRq72SVUGSAoKy', 1583900159, 1583900289, 1, NULL, NULL, NULL, NULL, '5e68660b9282a', '2020-03-11 12:46:11', 1, '1'),
(830, '103.76.173.199', 'I Wayan Arya Gina Widyatmaja', '$2y$10$MiZbTmKKSLKOZ.9sBJ.He.gN3Oir3g8U9cLsoUeCYktWIQH4cSTzm', '1915051065@evote.com', NULL, NULL, NULL, NULL, NULL, NULL, NULL, 1583901633, 1583902049, 1, NULL, NULL, NULL, NULL, '5e686bd5295d2', '2020-03-11 13:10:53', 1, '1'),
(831, '103.76.173.199', 'I Putu Rizky Andika', '$2y$10$z1RtvMdgYjo2eAfMiu3fpOYgOy.PPVOr1ASIUuySYRW4/Oo9X0QKG', '1915091021@evote.com', NULL, NULL, NULL, NULL, NULL, NULL, NULL, 1583902368, 1583902614, 1, NULL, NULL, NULL, NULL, '5e686eb4a6a57', '2020-03-11 13:23:08', 1, '1'),
(832, '103.76.173.199', 'I Komang Bayu Krisnayana', '$2y$10$lmzK7kcflp9tsxsbmqA9YO7Mv6ycYXVjag6Tw3O3m9k5ZC8iQnLBS', '1915051045@evote.com', NULL, NULL, NULL, NULL, NULL, NULL, NULL, 1583904075, 1583904592, 1, NULL, NULL, NULL, NULL, '5e6875596288f', '2020-03-11 13:51:29', 1, '1'),
(833, '103.76.173.199', 'Sang Putu Yoga Pramana', '$2y$10$WUia9BWoMHWb4MWBjYPmse0utZXL0t1Kgn6WBuU2O/tlG5qRyyY4O', '1915091020@evote.com', NULL, NULL, NULL, NULL, NULL, NULL, NULL, 1583904598, 1583904707, 1, NULL, NULL, NULL, NULL, '5e687768d7c42', '2020-03-11 14:00:16', 1, '1'),
(834, '103.76.173.199', 'Putu Wisnu Eka Putra', '$2y$10$BDQlpn22Z9Gu/32myvadpe3fueAg8dnrCf8SQWfd9Qqz.632uVz.S', '1515051033@evote.com', NULL, NULL, NULL, NULL, NULL, NULL, NULL, 1583907086, 1583908214, 1, NULL, NULL, NULL, NULL, '5e688119c4a49', '2020-03-11 14:41:37', 1, '1'),
(835, '103.76.173.199', 'Putu Ari Yudana', '$2y$10$PsYjVbQ2Zhytt8/64eAun.cO0boVybVfitx/ev/ZU1E7RD8JB7BAW', '1515051047@evote.com', NULL, NULL, NULL, NULL, NULL, NULL, NULL, 1583907086, 1583908498, 1, NULL, NULL, NULL, NULL, '5e688192b698f', '2020-03-11 14:43:38', 1, '1');

-- --------------------------------------------------------

--
-- Table structure for table `users_groups`
--

CREATE TABLE IF NOT EXISTS `users_groups` (
  `id` int(11) unsigned NOT NULL AUTO_INCREMENT,
  `user_id` int(11) unsigned NOT NULL,
  `group_id` mediumint(8) unsigned NOT NULL,
  PRIMARY KEY (`id`),
  UNIQUE KEY `uc_users_groups` (`user_id`,`group_id`),
  KEY `fk_users_groups_users1_idx` (`user_id`),
  KEY `fk_users_groups_groups1_idx` (`group_id`)
) ENGINE=InnoDB  DEFAULT CHARSET=utf8 AUTO_INCREMENT=847 ;

--
-- Dumping data for table `users_groups`
--

INSERT INTO `users_groups` (`id`, `user_id`, `group_id`) VALUES
(832, 1, 1),
(17, 14, 2),
(18, 15, 2),
(19, 16, 2),
(20, 17, 2),
(21, 18, 2),
(22, 19, 2),
(23, 20, 2),
(24, 21, 2),
(25, 22, 2),
(26, 23, 2),
(27, 24, 2),
(28, 25, 2),
(29, 26, 2),
(30, 27, 2),
(31, 28, 2),
(32, 29, 2),
(33, 30, 2),
(34, 31, 2),
(35, 32, 2),
(36, 33, 2),
(37, 34, 2),
(38, 35, 2),
(39, 36, 2),
(40, 37, 2),
(41, 38, 2),
(42, 39, 2),
(43, 40, 2),
(44, 41, 2),
(45, 42, 2),
(46, 43, 2),
(47, 44, 2),
(48, 45, 2),
(49, 46, 2),
(50, 47, 2),
(51, 48, 2),
(52, 49, 2),
(53, 50, 2),
(54, 51, 2),
(55, 52, 2),
(56, 53, 2),
(57, 54, 2),
(58, 55, 2),
(59, 56, 2),
(60, 57, 2),
(61, 58, 2),
(62, 59, 2),
(63, 60, 2),
(64, 61, 2),
(65, 62, 2),
(66, 63, 2),
(67, 64, 2),
(68, 65, 2),
(69, 66, 2),
(70, 67, 2),
(71, 68, 2),
(72, 69, 2),
(73, 70, 2),
(74, 71, 2),
(75, 72, 2),
(76, 73, 2),
(77, 74, 2),
(78, 75, 2),
(79, 76, 2),
(80, 77, 2),
(81, 78, 2),
(82, 79, 2),
(83, 80, 2),
(84, 81, 2),
(85, 82, 2),
(86, 83, 2),
(87, 84, 2),
(88, 85, 2),
(89, 86, 2),
(90, 87, 2),
(91, 88, 2),
(92, 89, 2),
(93, 90, 2),
(94, 91, 2),
(95, 92, 2),
(96, 93, 2),
(97, 94, 2),
(98, 95, 2),
(99, 96, 2),
(100, 97, 2),
(101, 98, 2),
(102, 99, 2),
(103, 100, 2),
(104, 101, 2),
(105, 102, 2),
(106, 103, 2),
(107, 104, 2),
(108, 105, 2),
(109, 106, 2),
(110, 107, 2),
(111, 108, 2),
(112, 109, 2),
(113, 110, 2),
(114, 111, 2),
(115, 112, 2),
(116, 113, 2),
(117, 114, 2),
(118, 115, 2),
(119, 116, 2),
(120, 117, 2),
(121, 118, 2),
(122, 119, 2),
(123, 120, 2),
(124, 121, 2),
(125, 122, 2),
(126, 123, 2),
(127, 124, 2),
(128, 125, 2),
(129, 126, 2),
(130, 127, 2),
(131, 128, 2),
(132, 129, 2),
(133, 130, 2),
(134, 131, 2),
(135, 132, 2),
(136, 133, 2),
(137, 134, 2),
(138, 135, 2),
(139, 136, 2),
(140, 137, 2),
(141, 138, 2),
(142, 139, 2),
(143, 140, 2),
(144, 141, 2),
(145, 142, 2),
(146, 143, 2),
(147, 144, 2),
(148, 145, 2),
(149, 146, 2),
(150, 147, 2),
(151, 148, 2),
(152, 149, 2),
(153, 150, 2),
(154, 151, 2),
(155, 152, 2),
(156, 153, 2),
(157, 154, 2),
(158, 155, 2),
(159, 156, 2),
(160, 157, 2),
(161, 158, 2),
(162, 159, 2),
(163, 160, 2),
(164, 161, 2),
(165, 162, 2),
(166, 163, 2),
(167, 164, 2),
(168, 165, 2),
(169, 166, 2),
(170, 167, 2),
(171, 168, 2),
(172, 169, 2),
(173, 170, 2),
(174, 171, 2),
(175, 172, 2),
(176, 173, 2),
(177, 174, 2),
(178, 175, 2),
(179, 176, 2),
(180, 177, 2),
(181, 178, 2),
(182, 179, 2),
(183, 180, 2),
(184, 181, 2),
(185, 182, 2),
(186, 183, 2),
(187, 184, 2),
(188, 185, 2),
(189, 186, 2),
(190, 187, 2),
(191, 188, 2),
(192, 189, 2),
(193, 190, 2),
(194, 191, 2),
(195, 192, 2),
(196, 193, 2),
(197, 194, 2),
(198, 195, 2),
(199, 196, 2),
(200, 197, 2),
(201, 198, 2),
(202, 199, 2),
(203, 200, 2),
(204, 201, 2),
(205, 202, 2),
(206, 203, 2),
(207, 204, 2),
(208, 205, 2),
(209, 206, 2),
(210, 207, 2),
(211, 208, 2),
(212, 209, 2),
(213, 210, 2),
(214, 211, 2),
(215, 212, 2),
(216, 213, 2),
(217, 214, 2),
(218, 215, 2),
(219, 216, 2),
(220, 217, 2),
(221, 218, 2),
(222, 219, 2),
(223, 220, 2),
(224, 221, 2),
(225, 222, 2),
(226, 223, 2),
(227, 224, 2),
(228, 225, 2),
(229, 226, 2),
(230, 227, 2),
(231, 228, 2),
(232, 229, 2),
(233, 230, 2),
(234, 231, 2),
(235, 232, 2),
(236, 233, 2),
(237, 234, 2),
(238, 235, 2),
(239, 236, 2),
(240, 237, 2),
(241, 238, 2),
(242, 239, 2),
(243, 240, 2),
(244, 241, 2),
(245, 242, 2),
(246, 243, 2),
(247, 244, 2),
(248, 245, 2),
(249, 246, 2),
(250, 247, 2),
(251, 248, 2),
(252, 249, 2),
(253, 250, 2),
(254, 251, 2),
(255, 252, 2),
(256, 253, 2),
(257, 254, 2),
(258, 255, 2),
(259, 256, 2),
(260, 257, 2),
(261, 258, 2),
(262, 259, 2),
(263, 260, 2),
(264, 261, 2),
(265, 262, 2),
(266, 263, 2),
(267, 264, 2),
(268, 265, 2),
(269, 266, 2),
(270, 267, 2),
(271, 268, 2),
(272, 269, 2),
(273, 270, 2),
(274, 271, 2),
(275, 272, 2),
(276, 273, 2),
(277, 274, 2),
(278, 275, 2),
(279, 276, 2),
(280, 277, 2),
(281, 278, 2),
(282, 279, 2),
(283, 280, 2),
(284, 281, 2),
(285, 282, 2),
(286, 283, 2),
(287, 284, 2),
(288, 285, 2),
(289, 286, 2),
(290, 287, 2),
(291, 288, 2),
(292, 289, 2),
(293, 290, 2),
(294, 291, 2),
(295, 292, 2),
(296, 293, 2),
(297, 294, 2),
(298, 295, 2),
(299, 296, 2),
(300, 297, 2),
(301, 298, 2),
(302, 299, 2),
(303, 300, 2),
(304, 301, 2),
(305, 302, 2),
(306, 303, 2),
(307, 304, 2),
(308, 305, 2),
(309, 306, 2),
(310, 307, 2),
(311, 308, 2),
(312, 309, 2),
(313, 310, 2),
(314, 311, 2),
(315, 312, 2),
(316, 313, 2),
(317, 314, 2),
(318, 315, 2),
(319, 316, 2),
(320, 317, 2),
(321, 318, 2),
(322, 319, 2),
(323, 320, 2),
(324, 321, 2),
(325, 322, 2),
(326, 323, 2),
(327, 324, 2),
(328, 325, 2),
(329, 326, 2),
(330, 327, 2),
(331, 328, 2),
(332, 329, 2),
(333, 330, 2),
(334, 331, 2),
(335, 332, 2),
(336, 333, 2),
(337, 334, 2),
(338, 335, 2),
(339, 336, 2),
(340, 337, 2),
(341, 338, 2),
(342, 339, 2),
(343, 340, 2),
(344, 341, 2),
(345, 342, 2),
(346, 343, 2),
(347, 344, 2),
(348, 345, 2),
(349, 346, 2),
(350, 347, 2),
(351, 348, 2),
(352, 349, 2),
(353, 350, 2),
(354, 351, 2),
(355, 352, 2),
(356, 353, 2),
(357, 354, 2),
(358, 355, 2),
(359, 356, 2),
(360, 357, 2),
(361, 358, 2),
(362, 359, 2),
(363, 360, 2),
(364, 361, 2),
(365, 362, 2),
(366, 363, 2),
(367, 364, 2),
(368, 365, 2),
(369, 366, 2),
(370, 367, 2),
(371, 368, 2),
(372, 369, 2),
(373, 370, 2),
(374, 371, 2),
(375, 372, 2),
(376, 373, 2),
(377, 374, 2),
(378, 375, 2),
(379, 376, 2),
(380, 377, 2),
(381, 378, 2),
(382, 379, 2),
(383, 380, 2),
(384, 381, 2),
(385, 382, 2),
(386, 383, 2),
(387, 384, 2),
(388, 385, 2),
(389, 386, 2),
(390, 387, 2),
(391, 388, 2),
(392, 389, 2),
(393, 390, 2),
(394, 391, 2),
(395, 392, 2),
(396, 393, 2),
(397, 394, 2),
(398, 395, 2),
(399, 396, 2),
(400, 397, 2),
(401, 398, 2),
(402, 399, 2),
(403, 400, 2),
(404, 401, 2),
(405, 402, 2),
(406, 403, 2),
(407, 404, 2),
(408, 405, 2),
(409, 406, 2),
(410, 407, 2),
(411, 408, 2),
(412, 409, 2),
(413, 410, 2),
(414, 411, 2),
(415, 412, 2),
(416, 413, 2),
(417, 414, 2),
(418, 415, 2),
(419, 416, 2),
(420, 417, 2),
(421, 418, 2),
(422, 419, 2),
(423, 420, 2),
(424, 421, 2),
(425, 422, 2),
(426, 423, 2),
(427, 424, 2),
(428, 425, 2),
(429, 426, 2),
(430, 427, 2),
(431, 428, 2),
(432, 429, 2),
(433, 430, 2),
(434, 431, 2),
(435, 432, 2),
(436, 433, 2),
(437, 434, 2),
(438, 435, 2),
(439, 436, 2),
(440, 437, 2),
(441, 438, 2),
(442, 439, 2),
(443, 440, 2),
(444, 441, 2),
(445, 442, 2),
(446, 443, 2),
(447, 444, 2),
(448, 445, 2),
(449, 446, 2),
(450, 447, 2),
(451, 448, 2),
(452, 449, 2),
(453, 450, 2),
(454, 451, 2),
(455, 452, 2),
(456, 453, 2),
(457, 454, 2),
(458, 455, 2),
(459, 456, 2),
(460, 457, 2),
(461, 458, 2),
(462, 459, 2),
(463, 460, 2),
(464, 461, 2),
(465, 462, 2),
(466, 463, 2),
(467, 464, 2),
(468, 465, 2),
(469, 466, 2),
(470, 467, 2),
(471, 468, 2),
(472, 469, 2),
(473, 470, 2),
(474, 471, 2),
(475, 472, 2),
(476, 473, 2),
(477, 474, 2),
(478, 475, 2),
(479, 476, 2),
(480, 477, 2),
(481, 478, 2),
(482, 479, 2),
(483, 480, 2),
(484, 481, 2),
(485, 482, 2),
(486, 483, 2),
(487, 484, 2),
(488, 485, 2),
(489, 486, 2),
(490, 487, 2),
(491, 488, 2),
(492, 489, 2),
(493, 490, 2),
(494, 491, 2),
(495, 492, 2),
(496, 493, 2),
(497, 494, 2),
(498, 495, 2),
(499, 496, 2),
(500, 497, 2),
(501, 498, 2),
(502, 499, 2),
(503, 500, 2),
(504, 501, 2),
(505, 502, 2),
(506, 503, 2),
(507, 504, 2),
(508, 505, 2),
(509, 506, 2),
(510, 507, 2),
(511, 508, 2),
(512, 509, 2),
(513, 510, 2),
(514, 511, 2),
(515, 512, 2),
(516, 513, 2),
(517, 514, 2),
(518, 515, 2),
(519, 516, 2),
(520, 517, 2),
(521, 518, 2),
(522, 519, 2),
(523, 520, 2),
(524, 521, 2),
(525, 522, 2),
(526, 523, 2),
(527, 524, 2),
(528, 525, 2),
(529, 526, 2),
(530, 527, 2),
(531, 528, 2),
(532, 529, 2),
(533, 530, 2),
(534, 531, 2),
(535, 532, 2),
(536, 533, 2),
(537, 534, 2),
(538, 535, 2),
(539, 536, 2),
(540, 537, 2),
(541, 538, 2),
(542, 539, 2),
(543, 540, 2),
(544, 541, 2),
(545, 542, 2),
(546, 543, 2),
(547, 544, 2),
(548, 545, 2),
(549, 546, 2),
(550, 547, 2),
(551, 548, 2),
(552, 549, 2),
(553, 550, 2),
(554, 551, 2),
(555, 552, 2),
(556, 553, 2),
(557, 554, 2),
(558, 555, 2),
(559, 556, 2),
(560, 557, 2),
(561, 558, 2),
(562, 559, 2),
(563, 560, 2),
(564, 561, 2),
(565, 562, 2),
(566, 563, 2),
(567, 564, 2),
(568, 565, 2),
(569, 566, 2),
(570, 567, 2),
(571, 568, 2),
(572, 569, 2),
(573, 570, 2),
(574, 571, 2),
(575, 572, 2),
(576, 573, 2),
(577, 574, 2),
(578, 575, 2),
(579, 576, 2),
(580, 577, 2),
(581, 578, 2),
(582, 579, 2),
(583, 580, 2),
(584, 581, 2),
(585, 582, 2),
(586, 583, 2),
(587, 584, 2),
(588, 585, 2),
(589, 586, 2),
(590, 587, 2),
(591, 588, 2),
(592, 589, 2),
(593, 590, 2),
(594, 591, 2),
(595, 592, 2),
(596, 593, 2),
(597, 594, 2),
(598, 595, 2),
(599, 596, 2),
(600, 597, 2),
(601, 598, 2),
(602, 599, 2),
(603, 600, 2),
(604, 601, 2),
(605, 602, 2),
(606, 603, 2),
(607, 604, 2),
(608, 605, 2),
(609, 606, 2),
(610, 607, 2),
(611, 608, 2),
(612, 609, 2),
(613, 610, 2),
(614, 611, 2),
(615, 612, 2),
(616, 613, 2),
(617, 614, 2),
(618, 615, 2),
(619, 616, 2),
(620, 617, 2),
(621, 618, 2),
(622, 619, 2),
(623, 620, 2),
(624, 621, 2),
(625, 622, 2),
(626, 623, 2),
(627, 624, 2),
(628, 625, 2),
(629, 626, 2),
(630, 627, 2),
(631, 628, 2),
(632, 629, 2),
(633, 630, 2),
(634, 631, 2),
(635, 632, 2),
(636, 633, 2),
(637, 634, 2),
(638, 635, 2),
(639, 636, 2),
(640, 637, 2),
(641, 638, 2),
(642, 639, 2),
(643, 640, 2),
(644, 641, 2),
(645, 642, 2),
(646, 643, 2),
(647, 644, 2),
(648, 645, 2),
(649, 646, 2),
(650, 647, 2),
(651, 648, 2),
(652, 649, 2),
(653, 650, 2),
(654, 651, 2),
(655, 652, 2),
(656, 653, 2),
(657, 654, 2),
(658, 655, 2),
(659, 656, 2),
(660, 657, 2),
(661, 658, 2),
(662, 659, 2),
(663, 660, 2),
(664, 661, 2),
(665, 662, 2),
(666, 663, 2),
(667, 664, 2),
(668, 665, 2),
(669, 666, 2),
(670, 667, 2),
(671, 668, 2),
(672, 669, 2),
(673, 670, 2),
(674, 671, 2),
(675, 672, 2),
(676, 673, 2),
(677, 674, 2),
(678, 675, 2),
(679, 676, 2),
(680, 677, 2),
(681, 678, 2),
(682, 679, 2),
(683, 680, 2),
(684, 681, 2),
(685, 682, 2),
(686, 683, 2),
(687, 684, 2),
(688, 685, 2),
(689, 686, 2),
(690, 687, 2),
(691, 688, 2),
(692, 689, 2),
(693, 690, 2),
(694, 691, 2),
(695, 692, 2),
(696, 693, 2),
(697, 694, 2),
(698, 695, 2),
(699, 696, 2),
(700, 697, 2),
(701, 698, 2),
(702, 699, 2),
(703, 700, 2),
(704, 701, 2),
(705, 702, 2),
(706, 703, 2),
(707, 704, 2),
(708, 705, 2),
(709, 706, 2),
(710, 707, 2),
(711, 708, 2),
(712, 709, 2),
(713, 710, 2),
(714, 711, 2),
(715, 712, 2),
(716, 713, 2),
(717, 714, 2),
(718, 715, 2),
(719, 716, 2),
(720, 717, 2),
(721, 718, 2),
(722, 719, 2),
(723, 720, 2),
(724, 721, 2),
(725, 722, 2),
(726, 723, 2),
(727, 724, 2),
(728, 725, 2),
(729, 726, 2),
(730, 727, 2),
(731, 728, 2),
(732, 729, 2),
(733, 730, 2),
(734, 731, 2),
(735, 732, 2),
(736, 733, 2),
(737, 734, 2),
(738, 735, 2),
(739, 736, 2),
(740, 737, 2),
(741, 738, 2),
(742, 739, 2),
(743, 740, 2),
(744, 741, 2),
(745, 742, 2),
(746, 743, 2),
(747, 744, 2),
(748, 745, 2),
(749, 746, 2),
(750, 747, 2),
(751, 748, 2),
(752, 749, 2),
(753, 750, 2),
(754, 751, 2),
(755, 752, 2),
(756, 753, 2),
(757, 754, 2),
(758, 755, 2),
(759, 756, 2),
(760, 757, 2),
(761, 758, 2),
(762, 759, 2),
(763, 760, 2),
(764, 761, 2),
(765, 762, 2),
(766, 763, 2),
(767, 764, 2),
(768, 765, 2),
(769, 766, 2),
(770, 767, 2),
(771, 768, 2),
(772, 769, 2),
(773, 770, 2),
(774, 771, 2),
(775, 772, 2),
(776, 773, 2),
(777, 774, 2),
(778, 775, 2),
(779, 776, 2),
(780, 777, 2),
(781, 778, 2),
(782, 779, 2),
(783, 780, 2),
(784, 781, 2),
(785, 782, 2),
(786, 783, 2),
(787, 784, 2),
(788, 785, 2),
(789, 786, 2),
(790, 787, 2),
(791, 788, 2),
(792, 789, 2),
(793, 790, 2),
(794, 791, 2),
(795, 792, 2),
(796, 793, 2),
(797, 794, 2),
(798, 795, 2),
(799, 796, 2),
(800, 797, 2),
(801, 798, 2),
(802, 799, 2),
(803, 800, 2),
(804, 801, 2),
(805, 802, 2),
(806, 803, 2),
(807, 804, 2),
(808, 805, 2),
(809, 806, 2),
(810, 807, 2),
(811, 808, 2),
(812, 809, 2),
(813, 810, 2),
(814, 811, 2),
(815, 812, 2),
(816, 813, 2),
(817, 814, 2),
(818, 815, 2),
(819, 816, 2),
(820, 819, 2),
(821, 820, 2),
(822, 821, 2),
(823, 822, 2),
(833, 823, 1),
(834, 824, 1),
(835, 825, 1),
(837, 826, 1),
(838, 827, 2),
(839, 828, 2),
(840, 829, 2),
(841, 830, 2),
(842, 831, 2),
(843, 832, 2),
(844, 833, 2),
(845, 834, 2),
(846, 835, 2);

--
-- Constraints for dumped tables
--

--
-- Constraints for table `eors_wawancara`
--
ALTER TABLE `eors_wawancara`
  ADD CONSTRAINT `eors_wawancara_ibfk_1` FOREIGN KEY (`nim`) REFERENCES `eors_user_pend` (`nim`),
  ADD CONSTRAINT `eors_wawancara_ibfk_2` FOREIGN KEY (`user_id`) REFERENCES `eors_admin` (`user_id`);

--
-- Constraints for table `users`
--
ALTER TABLE `users`
  ADD CONSTRAINT `users_ibfk_1` FOREIGN KEY (`handle_by_admin`) REFERENCES `users` (`id`);

--
-- Constraints for table `users_groups`
--
ALTER TABLE `users_groups`
  ADD CONSTRAINT `fk_users_groups_groups1` FOREIGN KEY (`group_id`) REFERENCES `groups` (`id`) ON DELETE CASCADE ON UPDATE NO ACTION,
  ADD CONSTRAINT `fk_users_groups_users1` FOREIGN KEY (`user_id`) REFERENCES `users` (`id`) ON DELETE CASCADE ON UPDATE NO ACTION;

/*!40101 SET CHARACTER_SET_CLIENT=@OLD_CHARACTER_SET_CLIENT */;
/*!40101 SET CHARACTER_SET_RESULTS=@OLD_CHARACTER_SET_RESULTS */;
/*!40101 SET COLLATION_CONNECTION=@OLD_COLLATION_CONNECTION */;
